row_index,true_label,predicted_label,correct,confidence_top1,rank2_label,rank2_confidence,rank3_label,rank3_confidence,in_shap_sample,reason_codes,text
0,card_arrival,card_arrival,True,0.0415,getting_spare_card,0.0391,order_physical_card,0.0357,True,card|locate,How do I locate my card?
1,card_arrival,card_arrival,True,0.7454,card_linking,0.0141,balance_not_updated_after_cheque_or_cash_deposit,0.0125,False,,"I still have not received my new card, I ordered over a week ago."
2,card_arrival,card_arrival,True,0.3003,request_refund,0.0258,card_linking,0.0235,False,,I ordered a card but it has not arrived. Help please!
3,card_arrival,card_arrival,True,0.1636,card_delivery_estimate,0.1126,declined_card_payment,0.0246,False,,Is there a way to know when my card will arrive?
4,card_arrival,card_arrival,True,0.1898,card_linking,0.0437,activate_my_card,0.0279,False,,My card has not arrived yet.
5,card_arrival,getting_spare_card,False,0.1343,order_physical_card,0.1287,card_arrival,0.1051,False,,When will I get my card?
6,card_arrival,card_arrival,True,0.9131,card_about_to_expire,0.01,activate_my_card,0.0044,False,,Do you know if there is a tracking number for the new card you sent me?
7,card_arrival,card_arrival,True,0.194,card_linking,0.0666,card_delivery_estimate,0.0308,False,,i have not received my card
8,card_arrival,card_arrival,True,0.4276,pending_top_up,0.0282,getting_spare_card,0.0178,False,,still waiting on that card
9,card_arrival,card_arrival,True,0.4268,card_about_to_expire,0.0593,activate_my_card,0.0518,False,,Is it normal to have to wait over a week for my new card?
10,card_arrival,card_arrival,True,0.7312,lost_or_stolen_card,0.0122,getting_spare_card,0.009,False,,How do I track my card?
11,card_arrival,card_delivery_estimate,False,0.5139,card_arrival,0.0825,pending_top_up,0.0288,False,,How long does a card delivery take?
12,card_arrival,card_arrival,True,0.1006,reverted_card_payment?,0.05,order_physical_card,0.0329,False,,I still don't have my card after 2 weeks.  What should I do?
13,card_arrival,card_arrival,True,0.6857,card_about_to_expire,0.0624,activate_my_card,0.0521,False,,still waiting on my new card
14,card_arrival,card_arrival,True,0.5123,pending_top_up,0.0175,balance_not_updated_after_cheque_or_cash_deposit,0.0151,True,waiting card|week|card week|waiting|card,I am still waiting for my card after 1 week.  Is this ok?
15,card_arrival,card_arrival,True,0.1296,top_up_by_card_charge,0.0441,transfer_not_received_by_recipient,0.0436,False,,"I have been waiting longer than expected for my bank card, could you provide information on when it will arrive?"
16,card_arrival,card_arrival,True,0.1388,pending_top_up,0.0533,transfer_not_received_by_recipient,0.0339,False,,I've been waiting longer than expected for my card.
17,card_arrival,card_delivery_estimate,False,0.3117,card_arrival,0.2214,order_physical_card,0.0498,False,,Why hasn't my card been delivered?
18,card_arrival,card_arrival,True,0.657,card_about_to_expire,0.0319,activate_my_card,0.0275,False,,Where is my new card? I have been waiting a week!
19,card_arrival,card_arrival,True,0.5219,transfer_not_received_by_recipient,0.0312,lost_or_stolen_card,0.0223,False,,My card still hasn't arrived after 2 weeks. Is it lost?
20,card_arrival,lost_or_stolen_card,False,0.1811,card_linking,0.0659,card_arrival,0.0544,False,,"I did not get my card yet, is it lost?"
21,card_arrival,card_arrival,True,0.2375,request_refund,0.0205,country_support,0.0185,False,,Status of the card I ordered.
22,card_arrival,card_arrival,True,0.373,card_delivery_estimate,0.2244,card_about_to_expire,0.0339,False,,How long should my new card take to arrive?
23,card_arrival,card_arrival,True,0.2693,reverted_card_payment?,0.064,card_delivery_estimate,0.0264,False,,I ordered my card 2 weeks ago and it still isn't here? What do I do?
24,card_arrival,card_arrival,True,0.1898,card_linking,0.0437,activate_my_card,0.0279,False,,"My card has not arrived yet, where is it?"
25,card_arrival,card_arrival,True,0.4314,country_support,0.0204,card_delivery_estimate,0.0174,False,,What is the tracking number for my card that was mailed?
26,card_arrival,card_arrival,True,0.1519,card_delivery_estimate,0.0536,wrong_amount_of_cash_received,0.0465,False,,I think something went wrong with my card delivery as I haven't received it yet.
27,card_arrival,card_arrival,True,0.4568,card_delivery_estimate,0.139,pending_top_up,0.0746,False,,"I'm still waiting for delivery of my new card, why is it taking so long?"
28,card_arrival,card_arrival,True,0.4778,balance_not_updated_after_cheque_or_cash_deposit,0.0329,request_refund,0.0233,False,,"I ordered a card a week ago, and it's still not here. What do I do?"
29,card_arrival,card_arrival,True,0.8109,card_about_to_expire,0.0075,transfer_not_received_by_recipient,0.007,False,,i want to track the card you sent
30,card_arrival,card_arrival,True,0.5521,transfer_not_received_by_recipient,0.0494,balance_not_updated_after_bank_transfer,0.0215,False,,My card hasn't arrived yet.
31,card_arrival,card_arrival,True,0.4778,card_linking,0.0335,card_about_to_expire,0.032,False,,I was expecting my new card and am wondering why I haven't received it yet?
32,card_arrival,card_delivery_estimate,False,0.1516,card_arrival,0.1097,declined_card_payment,0.0298,True,arrive|card arrive|card|know|know card,How do I know when my card will arrive?
33,card_arrival,card_arrival,True,0.4507,card_delivery_estimate,0.1265,order_physical_card,0.0299,False,,I'm still waiting on my card to be delivered.
34,card_arrival,card_arrival,True,0.5572,transfer_not_received_by_recipient,0.0156,card_delivery_estimate,0.0148,False,,Does the card you sent have a way to track to it?
35,card_arrival,card_arrival,True,0.4308,reverted_card_payment?,0.0365,request_refund,0.0231,False,,I ordered a card and I still haven't received it. It's been two weeks. What can I do?
36,card_arrival,lost_or_stolen_card,False,0.2297,card_arrival,0.1481,transfer_not_received_by_recipient,0.0367,False,,"I'm starting to think my card is lost because it still hasn't arrived, can you help?"
37,card_arrival,card_arrival,True,0.1502,country_support,0.0371,verify_source_of_funds,0.0304,False,,Is there tracking info available?
38,card_arrival,card_arrival,True,0.7353,transfer_not_received_by_recipient,0.0155,card_about_to_expire,0.0078,False,,What is the tracking number for the card you sent?
39,card_arrival,card_arrival,True,0.7353,transfer_not_received_by_recipient,0.0155,card_about_to_expire,0.0078,False,,Where is the tracking number for the card you sent me?
40,card_linking,card_linking,True,0.3882,card_not_working,0.0491,cash_withdrawal_not_recognised,0.0262,False,,Why won't my card show up on the app?
41,card_linking,card_linking,True,0.5741,getting_spare_card,0.0214,order_physical_card,0.0127,False,,I would like to reactivate my card.
42,card_linking,card_linking,True,0.8785,card_arrival,0.0239,card_about_to_expire,0.0132,False,,Where do I link the new card?
43,card_linking,cash_withdrawal_not_recognised,False,0.1088,card_linking,0.1083,card_arrival,0.0558,False,,"I have received my card, can you help me put it in the app?"
44,card_linking,card_linking,True,0.7915,card_arrival,0.0066,card_delivery_estimate,0.0064,True,link|link card|card,How do I link a card that I already have?
45,card_linking,card_arrival,False,0.2521,card_linking,0.1929,card_payment_not_recognised,0.037,False,,"I received my new card, but I don't see it in the app anywhere.  What do I do?"
46,card_linking,card_linking,True,0.8109,supported_cards_and_currencies,0.008,top_up_failed,0.0078,False,,How do I re-add a card to the app?
47,card_linking,getting_spare_card,False,0.1686,card_linking,0.0859,supported_cards_and_currencies,0.0523,False,,How do I add the card to my account?
48,card_linking,card_linking,True,0.0919,age_limit,0.0578,activate_my_card,0.0348,False,,Can I put my old card back into the system? I just found it/
49,card_linking,card_linking,True,0.6015,getting_spare_card,0.0771,supported_cards_and_currencies,0.0298,False,,"I have one of your cards already, how do I link it?"
50,card_linking,card_linking,True,0.8785,card_arrival,0.0239,card_about_to_expire,0.0132,False,,How do I link a new card?
51,card_linking,card_linking,True,0.6221,card_arrival,0.0115,getting_spare_card,0.0115,True,link|card|existing,Can I link an existing card?
52,card_linking,card_linking,True,0.7915,card_arrival,0.0066,card_delivery_estimate,0.0064,True,link|link card|card,How do I link one your card if I have one already?
53,card_linking,card_linking,True,0.8109,supported_cards_and_currencies,0.008,top_up_failed,0.0078,False,,How do I add a card to the app?
54,card_linking,card_linking,True,0.8785,card_arrival,0.0239,card_about_to_expire,0.0132,False,,Can I link my new card?
55,card_linking,card_delivery_estimate,False,0.0401,getting_spare_card,0.0389,card_linking,0.0352,False,,"Hello, I found the card I misplaced and I need to reactive it, how do I do that?"
56,card_linking,card_linking,True,0.4138,getting_spare_card,0.0692,supported_cards_and_currencies,0.0339,False,,Can you tell me how to link one of your cards that I already have?
57,card_linking,card_linking,True,0.3281,cash_withdrawal_not_recognised,0.0279,card_arrival,0.0233,False,,How do I view the card I received in the app?
58,card_linking,card_linking,True,0.4977,card_arrival,0.0136,country_support,0.0135,False,,Where on the website do I go to link my card?
59,card_linking,card_linking,True,0.3026,supported_cards_and_currencies,0.0361,cash_withdrawal_not_recognised,0.0333,False,,"I found my card, can I add it to the app?"
60,card_linking,card_linking,True,0.4068,topping_up_by_card,0.1327,supported_cards_and_currencies,0.1233,False,,How do I link to my credit card with you?
61,card_linking,card_linking,True,0.0745,card_arrival,0.0412,card_payment_not_recognised,0.0362,False,,I've received my card so now I need to know how to sync it to the app.
62,card_linking,card_linking,True,0.2867,getting_spare_card,0.0336,card_arrival,0.0261,False,,"I found my card, I would like to reactivate it."
63,card_linking,card_linking,True,0.8785,card_arrival,0.0239,card_about_to_expire,0.0132,True,link|link new|new card|card|new,How do I link this new card?
64,card_linking,card_linking,True,0.368,lost_or_stolen_card,0.0528,top_up_failed,0.0163,False,,Can I reactivate my lost card that I found this morning in my jacket pocket?
65,card_linking,card_linking,True,0.6221,card_arrival,0.0115,getting_spare_card,0.0115,False,,how do I link an already existing card?
66,card_linking,card_linking,True,0.1232,unable_to_verify_identity,0.0884,wrong_amount_of_cash_received,0.0308,False,,The app doesn't show the card I received.
67,card_linking,card_linking,True,0.7915,card_arrival,0.0066,card_delivery_estimate,0.0064,False,,how do I link a card I already have?
68,card_linking,card_linking,True,0.7462,getting_spare_card,0.0161,country_support,0.008,False,,I would like to link my card. How do I do it?
69,card_linking,card_linking,True,0.5292,card_arrival,0.0128,order_physical_card,0.0125,False,,Can you please show me where I can find the location to link my card?
70,card_linking,card_linking,True,0.8157,card_arrival,0.0208,card_about_to_expire,0.0142,False,,Where do I go if I want to link my new card?
71,card_linking,card_linking,True,0.2427,card_payment_not_recognised,0.0554,cash_withdrawal_not_recognised,0.0443,False,,Is there a way to make my old card usable with the app?
72,card_linking,card_linking,True,0.8018,lost_or_stolen_card,0.011,card_arrival,0.0067,False,,Can I reactivate a card I thought I lost?
73,card_linking,card_linking,True,0.7915,card_arrival,0.0066,card_delivery_estimate,0.0064,False,,How do I link my card
74,card_linking,card_linking,True,0.0589,cash_withdrawal_not_recognised,0.0368,card_payment_not_recognised,0.0276,False,,Where do I need to go in the app to enter my card info?
75,card_linking,card_linking,True,0.5668,lost_or_stolen_card,0.0868,lost_or_stolen_phone,0.0228,False,,I have found my lost or stolen card. Is there a way I can link the card with my account through my app again?
76,card_linking,card_linking,True,0.5853,lost_or_stolen_card,0.0206,cash_withdrawal_not_recognised,0.0106,False,,"Could you help me reactivate my card? It was previously lost, but I found it this morning in my jacket."
77,card_linking,card_linking,True,0.6015,getting_spare_card,0.0771,supported_cards_and_currencies,0.0298,False,,"I already have one of your cards, how do I link them?"
78,card_linking,card_linking,True,0.3122,card_about_to_expire,0.0383,card_arrival,0.0327,False,,How do I link my replacement card?
79,card_linking,card_linking,True,0.5275,getting_spare_card,0.0524,topping_up_by_card,0.0178,False,,Can I link another card to my account?
80,exchange_rate,exchange_rate,True,0.7891,exchange_charge,0.0103,wrong_exchange_rate_for_cash_withdrawal,0.0095,False,,I need to know your exchange rates.
81,exchange_rate,exchange_rate,True,0.802,wrong_exchange_rate_for_cash_withdrawal,0.0226,exchange_charge,0.0216,False,,What exchange rates do you offer?
82,exchange_rate,exchange_rate,True,0.5235,wrong_exchange_rate_for_cash_withdrawal,0.0442,exchange_charge,0.0202,False,,How did you come up with your exchange rates?
83,exchange_rate,exchange_rate,True,0.5668,card_payment_wrong_exchange_rate,0.2418,wrong_exchange_rate_for_cash_withdrawal,0.1428,False,,Where do you guys acquire your exchange rate?
84,exchange_rate,exchange_rate,True,0.5846,card_payment_wrong_exchange_rate,0.2811,wrong_exchange_rate_for_cash_withdrawal,0.1291,False,,How do I find the exchange rate?
85,exchange_rate,exchange_rate,True,0.8138,wrong_exchange_rate_for_cash_withdrawal,0.0235,exchange_charge,0.017,False,,What are your international exchange rates?
86,exchange_rate,exchange_rate,True,0.8536,exchange_via_app,0.0174,edit_personal_details,0.0158,False,,How often do your exchange rates change
87,exchange_rate,exchange_rate,True,0.4464,card_payment_wrong_exchange_rate,0.2998,wrong_exchange_rate_for_cash_withdrawal,0.1825,False,,Please advise what is the exchange rate
88,exchange_rate,exchange_rate,True,0.7486,wrong_exchange_rate_for_cash_withdrawal,0.0177,exchange_charge,0.0134,False,,How are exchange rates calculated?
89,exchange_rate,exchange_rate,True,0.7188,wrong_exchange_rate_for_cash_withdrawal,0.0273,exchange_charge,0.0184,False,,what are exchange rates based on
90,exchange_rate,exchange_rate,True,0.9449,wrong_exchange_rate_for_cash_withdrawal,0.0088,exchange_charge,0.0061,False,,what are exchange rates
91,exchange_rate,exchange_rate,True,0.7542,exchange_charge,0.0213,wrong_exchange_rate_for_cash_withdrawal,0.0148,False,,What are the most current exchange rates?
92,exchange_rate,exchange_rate,True,0.3827,card_payment_wrong_exchange_rate,0.1419,wrong_exchange_rate_for_cash_withdrawal,0.1274,False,,Can you explain your exchange rate policy to me?
93,exchange_rate,exchange_rate,True,0.0773,exchange_charge,0.0699,exchange_via_app,0.052,True,exchange|time|good,Is it a good time to exchange?
94,exchange_rate,exchange_rate,True,0.6095,card_payment_wrong_exchange_rate,0.2369,wrong_exchange_rate_for_cash_withdrawal,0.1038,False,,What is the exchange rate like on this app?
95,exchange_rate,exchange_rate,True,0.7733,wrong_exchange_rate_for_cash_withdrawal,0.0223,exchange_charge,0.0162,False,,Do you have a list of exchange rates?
96,exchange_rate,exchange_rate,True,0.735,exchange_charge,0.027,wrong_exchange_rate_for_cash_withdrawal,0.0229,False,,Can you tell me where you get your exchange rates?
97,exchange_rate,exchange_rate,True,0.651,card_payment_wrong_exchange_rate,0.1685,wrong_exchange_rate_for_cash_withdrawal,0.124,False,,Will I get a curreng foreign exchange rate?
98,exchange_rate,exchange_rate,True,0.349,card_payment_wrong_exchange_rate,0.1157,wrong_exchange_rate_for_cash_withdrawal,0.109,False,,What currencies is an exchange rate calculated in?
99,exchange_rate,exchange_rate,True,0.9449,wrong_exchange_rate_for_cash_withdrawal,0.0088,exchange_charge,0.0061,False,,Where do you get your exchange rates from?
100,exchange_rate,exchange_rate,True,0.9449,wrong_exchange_rate_for_cash_withdrawal,0.0088,exchange_charge,0.0061,False,,What is the base of the exchange rates?
101,exchange_rate,exchange_rate,True,0.3746,card_payment_wrong_exchange_rate,0.2941,wrong_exchange_rate_for_cash_withdrawal,0.1805,False,,What exchange rate do you use?
102,exchange_rate,exchange_rate,True,0.9449,wrong_exchange_rate_for_cash_withdrawal,0.0088,exchange_charge,0.0061,True,rates|exchange|exchange rates,The exchange rates are?
103,exchange_rate,exchange_rate,True,0.9449,wrong_exchange_rate_for_cash_withdrawal,0.0088,exchange_charge,0.0061,False,,What do you base your exchange rates on?
104,exchange_rate,exchange_rate,True,0.4691,card_payment_wrong_exchange_rate,0.186,wrong_exchange_rate_for_cash_withdrawal,0.1424,False,,What foreign exchange rate will you use?
105,exchange_rate,exchange_rate,True,0.5846,card_payment_wrong_exchange_rate,0.2811,wrong_exchange_rate_for_cash_withdrawal,0.1291,False,,How much will I get with the exchange rate?
106,exchange_rate,exchange_rate,True,0.5846,card_payment_wrong_exchange_rate,0.2811,wrong_exchange_rate_for_cash_withdrawal,0.1291,False,,The exchange rate would be?
107,exchange_rate,exchange_rate,True,0.6215,card_payment_wrong_exchange_rate,0.2483,wrong_exchange_rate_for_cash_withdrawal,0.1129,False,,What is the exchange rate like?
108,exchange_rate,exchange_rate,True,0.9025,wrong_exchange_rate_for_cash_withdrawal,0.0112,exchange_charge,0.0077,False,,How do your exchange rates work?
109,exchange_rate,exchange_rate,True,0.5846,card_payment_wrong_exchange_rate,0.2811,wrong_exchange_rate_for_cash_withdrawal,0.1291,False,,what is the exchange rate?
110,exchange_rate,exchange_rate,True,0.5119,wrong_exchange_rate_for_cash_withdrawal,0.0339,exchange_charge,0.0184,False,,Where did your guys exchange rates come from?
111,exchange_rate,exchange_rate,True,0.9449,wrong_exchange_rate_for_cash_withdrawal,0.0088,exchange_charge,0.0061,False,,How are you determining your exchange rates?
112,exchange_rate,exchange_rate,True,0.4743,card_payment_wrong_exchange_rate,0.1225,wrong_exchange_rate_for_cash_withdrawal,0.1095,False,,I'm trying to figure out the current exchange rate.
113,exchange_rate,exchange_rate,True,0.8628,wrong_exchange_rate_for_cash_withdrawal,0.0227,exchange_charge,0.0107,False,,From where are you getting your exchange rates?
114,exchange_rate,exchange_rate,True,0.6488,card_payment_wrong_exchange_rate,0.1522,wrong_exchange_rate_for_cash_withdrawal,0.1163,False,,Can you tell me the foreign exchange rate?
115,exchange_rate,exchange_rate,True,0.8536,exchange_via_app,0.0174,edit_personal_details,0.0158,False,,why do your exchange rates change
116,exchange_rate,exchange_rate,True,0.4375,wrong_exchange_rate_for_cash_withdrawal,0.1833,card_payment_wrong_exchange_rate,0.1506,False,,What kind of foreign exchange rate will I get when I exchange my money?
117,exchange_rate,exchange_rate,True,0.651,card_payment_wrong_exchange_rate,0.1685,wrong_exchange_rate_for_cash_withdrawal,0.124,False,,What is my foreign exchange rate?
118,exchange_rate,exchange_rate,True,0.0916,card_payment_wrong_exchange_rate,0.0899,wrong_exchange_rate_for_cash_withdrawal,0.0813,False,,when does the rate get determined
119,exchange_rate,exchange_rate,True,0.6148,card_payment_wrong_exchange_rate,0.142,wrong_exchange_rate_for_cash_withdrawal,0.1046,False,,What is the current exchange rate for me?
120,card_payment_wrong_exchange_rate,card_payment_wrong_exchange_rate,True,0.5798,wrong_exchange_rate_for_cash_withdrawal,0.2152,exchange_charge,0.0254,False,,I purchased something in a foreign currency but the rate applied is wrong
121,card_payment_wrong_exchange_rate,exchange_charge,False,0.2204,card_payment_wrong_exchange_rate,0.2015,exchange_via_app,0.1068,False,,I made a currency exchange and think I was charged more than I should of been.
122,card_payment_wrong_exchange_rate,card_payment_wrong_exchange_rate,True,0.6547,wrong_exchange_rate_for_cash_withdrawal,0.1268,exchange_rate,0.0401,False,,the card payment exchange rate is wrong
123,card_payment_wrong_exchange_rate,card_payment_wrong_exchange_rate,True,0.4493,wrong_exchange_rate_for_cash_withdrawal,0.3246,exchange_rate,0.0406,False,,The exchange rate was wrong when I bought something outside the country.
124,card_payment_wrong_exchange_rate,card_payment_wrong_exchange_rate,True,0.7747,wrong_exchange_rate_for_cash_withdrawal,0.0679,exchange_rate,0.0469,False,,The exchange rate on my purchase is wrong.
125,card_payment_wrong_exchange_rate,card_payment_wrong_exchange_rate,True,0.2972,wrong_exchange_rate_for_cash_withdrawal,0.2772,exchange_rate,0.2041,False,,This rate is too low. Are you sure your using the right exchange rate.
126,card_payment_wrong_exchange_rate,card_payment_wrong_exchange_rate,True,0.6957,wrong_exchange_rate_for_cash_withdrawal,0.0706,exchange_rate,0.0523,False,,"I bought something, but the exchange rate looks wrong."
127,card_payment_wrong_exchange_rate,card_payment_wrong_exchange_rate,True,0.5753,wrong_exchange_rate_for_cash_withdrawal,0.0849,request_refund,0.0193,False,,The rate applied to my foreign purchase was incorrect
128,card_payment_wrong_exchange_rate,card_payment_wrong_exchange_rate,True,0.6404,wrong_exchange_rate_for_cash_withdrawal,0.1828,exchange_charge,0.0225,False,,I bought something in a foreign currency but the rate applied is wrong!
129,card_payment_wrong_exchange_rate,card_payment_wrong_exchange_rate,True,0.5534,wrong_amount_of_cash_received,0.022,transaction_charged_twice,0.0176,False,,My exchange went wrong. I swapped Russian Ruble for UK pounds and was charged too much.
130,card_payment_wrong_exchange_rate,card_payment_wrong_exchange_rate,True,0.7633,wrong_exchange_rate_for_cash_withdrawal,0.0464,exchange_rate,0.0284,False,,You did not apply the correct exchange rate for an item that I bought.
131,card_payment_wrong_exchange_rate,card_payment_wrong_exchange_rate,True,0.4119,declined_card_payment,0.0648,wrong_exchange_rate_for_cash_withdrawal,0.0644,False,,The rate of exchange for my card payment is incorrect
132,card_payment_wrong_exchange_rate,card_payment_wrong_exchange_rate,True,0.8184,wrong_exchange_rate_for_cash_withdrawal,0.039,exchange_charge,0.0287,False,,The rate for a currency exchange was wrong when I bought something.
133,card_payment_wrong_exchange_rate,card_payment_wrong_exchange_rate,True,0.6175,wrong_exchange_rate_for_cash_withdrawal,0.2359,exchange_rate,0.0439,False,,Why is the exchange rate wrong when I purchase something abroad?
134,card_payment_wrong_exchange_rate,card_payment_wrong_exchange_rate,True,0.6363,wrong_exchange_rate_for_cash_withdrawal,0.0436,exchange_rate,0.0391,True,rate|exchange|exchange rate|item|bought,I bought an item and noticed the exchange rate was not correct.
135,card_payment_wrong_exchange_rate,card_payment_wrong_exchange_rate,True,0.575,wrong_exchange_rate_for_cash_withdrawal,0.1825,exchange_rate,0.0503,False,,I bought something overseas and the wrong exchange rate is on my statement.
136,card_payment_wrong_exchange_rate,card_payment_wrong_exchange_rate,True,0.4799,wrong_exchange_rate_for_cash_withdrawal,0.1328,extra_charge_on_statement,0.0474,False,,The exchange rate for my transaction last Saturday seems to have been wrong I got charged extra.  Please fix.
137,card_payment_wrong_exchange_rate,card_payment_wrong_exchange_rate,True,0.8168,wrong_exchange_rate_for_cash_withdrawal,0.0371,exchange_rate,0.0341,False,,Why is your exchange rate for my card payment wrong
138,card_payment_wrong_exchange_rate,cash_withdrawal_charge,False,0.2599,transaction_charged_twice,0.2529,card_payment_fee_charged,0.1804,False,,Why am I being charged more ?
139,card_payment_wrong_exchange_rate,card_payment_wrong_exchange_rate,True,0.7004,wrong_exchange_rate_for_cash_withdrawal,0.0525,exchange_rate,0.0459,True,rate|exchange|exchange rate|item|incorrect,I purchased an item and the exchange rate I was given was incorrect.
140,card_payment_wrong_exchange_rate,card_payment_wrong_exchange_rate,True,0.3395,wrong_exchange_rate_for_cash_withdrawal,0.0856,card_payment_not_recognised,0.0661,False,,I don't think my card payment exchange rate is correct.
141,card_payment_wrong_exchange_rate,card_payment_wrong_exchange_rate,True,0.4006,wrong_exchange_rate_for_cash_withdrawal,0.0939,exchange_rate,0.0447,False,,"When I made a purchase last Saturday, I was charged extra. Did I receive the right exchange rate?"
142,card_payment_wrong_exchange_rate,card_payment_wrong_exchange_rate,True,0.5271,exchange_charge,0.0709,exchange_via_app,0.0417,False,,They charged me wrong for a currency exchange on a purchase.
143,card_payment_wrong_exchange_rate,card_payment_wrong_exchange_rate,True,0.4964,wrong_exchange_rate_for_cash_withdrawal,0.1059,exchange_rate,0.0473,False,,I believe my card payment exchange rate is incorrect.
144,card_payment_wrong_exchange_rate,card_payment_wrong_exchange_rate,True,0.6255,wrong_exchange_rate_for_cash_withdrawal,0.1631,exchange_rate,0.0259,True,rate|exchange|exchange rate|wrong|saturday,"Hi, I have been overcharged for my payment last Saturday. I guess exchange rate was wrong."
145,card_payment_wrong_exchange_rate,exchange_rate,False,0.5005,card_payment_wrong_exchange_rate,0.269,wrong_exchange_rate_for_cash_withdrawal,0.2069,False,,The exchange rate seems off on this transaction
146,card_payment_wrong_exchange_rate,card_payment_wrong_exchange_rate,True,0.6505,exchange_rate,0.0654,wrong_exchange_rate_for_cash_withdrawal,0.0585,False,,"The exchange rate given to me wasn't correct, after i purchased an item"
147,card_payment_wrong_exchange_rate,card_payment_wrong_exchange_rate,True,0.2798,wrong_exchange_rate_for_cash_withdrawal,0.143,exchange_rate,0.0826,False,,"Hi, I don't think your exchange rate is right. I need you to check the official interbank exchange please."
148,card_payment_wrong_exchange_rate,card_payment_wrong_exchange_rate,True,0.3971,pending_top_up,0.0204,wrong_amount_of_cash_received,0.0199,False,,I'm pretty sure something went wrong with my exchange. I changed Russian Ruble to UK pounds and was charged way too much!
149,card_payment_wrong_exchange_rate,card_payment_wrong_exchange_rate,True,0.8564,wrong_exchange_rate_for_cash_withdrawal,0.0311,exchange_rate,0.0154,True,rate|exchange|exchange rate|item|bought,I wasn't applied the correct exchange rate for an item I bought
150,card_payment_wrong_exchange_rate,card_payment_fee_charged,False,0.0462,card_payment_not_recognised,0.045,reverted_card_payment?,0.0411,False,,the conversion value for my card payments is incorrect.
151,card_payment_wrong_exchange_rate,card_payment_wrong_exchange_rate,True,0.728,wrong_exchange_rate_for_cash_withdrawal,0.1682,exchange_rate,0.0243,False,,The wrong exchange rate was used when I bought something with a foriegn currency.
152,card_payment_wrong_exchange_rate,card_payment_wrong_exchange_rate,True,0.5163,wrong_exchange_rate_for_cash_withdrawal,0.2848,exchange_charge,0.0399,True,rate|exchange|exchange rate|incorrect|currency,I paid for something in foreign currency but noticed the exchange rate is incorrect.
153,card_payment_wrong_exchange_rate,card_payment_wrong_exchange_rate,True,0.3007,wrong_exchange_rate_for_cash_withdrawal,0.0963,request_refund,0.0312,False,,The incorrect rate was used in my foreign purchase
154,card_payment_wrong_exchange_rate,card_payment_wrong_exchange_rate,True,0.761,wrong_exchange_rate_for_cash_withdrawal,0.0451,exchange_rate,0.0278,False,,Why was the exchange rate incorrect for an item I recently bought?
155,card_payment_wrong_exchange_rate,card_payment_wrong_exchange_rate,True,0.8906,wrong_exchange_rate_for_cash_withdrawal,0.0358,exchange_rate,0.0132,False,,Why is my exchange rate wrong for an item I bought?
156,card_payment_wrong_exchange_rate,card_payment_wrong_exchange_rate,True,0.3761,wrong_exchange_rate_for_cash_withdrawal,0.33,exchange_rate,0.0914,False,,How can I check the exchange rate applied to my transaction?
157,card_payment_wrong_exchange_rate,card_payment_wrong_exchange_rate,True,0.713,wrong_exchange_rate_for_cash_withdrawal,0.0826,exchange_rate,0.0618,False,,Your exchange rate is totally wrong for my card payment
158,card_payment_wrong_exchange_rate,card_payment_wrong_exchange_rate,True,0.8228,wrong_exchange_rate_for_cash_withdrawal,0.0332,request_refund,0.0195,False,,The wrong rate was applied to an item I bought in a currency different from mine. Can this be changed?
159,card_payment_wrong_exchange_rate,card_payment_wrong_exchange_rate,True,0.6822,wrong_exchange_rate_for_cash_withdrawal,0.1952,exchange_rate,0.0179,False,,I go the wrong exchange rate applied to my purchase in a foreign country.
160,extra_charge_on_statement,extra_charge_on_statement,True,0.7532,transaction_charged_twice,0.0719,Refund_not_showing_up,0.014,False,,My statement has a dollar I have been charged showing up on it.
161,extra_charge_on_statement,extra_charge_on_statement,True,0.9777,card_payment_fee_charged,0.0041,transfer_fee_charged,0.0033,False,,Why is there a fee for an extra pound in my statement?
162,extra_charge_on_statement,extra_charge_on_statement,True,0.653,card_payment_fee_charged,0.0305,transfer_fee_charged,0.0278,False,,I'm not okay with this fee on my statement.
163,extra_charge_on_statement,extra_charge_on_statement,True,0.61,card_payment_fee_charged,0.0424,cash_withdrawal_charge,0.0372,False,,Why is there an extra dollar charged to my account?
164,extra_charge_on_statement,card_payment_not_recognised,False,0.2109,extra_charge_on_statement,0.1516,card_payment_fee_charged,0.046,False,,There is a fee I don't recognize on my statement.
165,extra_charge_on_statement,extra_charge_on_statement,True,0.549,request_refund,0.1396,Refund_not_showing_up,0.0499,False,,I would like a refund on the extra pound I was charged.
166,extra_charge_on_statement,extra_charge_on_statement,True,0.0868,card_payment_not_recognised,0.053,transaction_charged_twice,0.0408,False,,Can you explain what this random $1 charge is?
167,extra_charge_on_statement,extra_charge_on_statement,True,0.7826,transaction_charged_twice,0.0435,card_payment_not_recognised,0.0279,False,,What is this $1 charge on my statement?
168,extra_charge_on_statement,extra_charge_on_statement,True,0.3816,transaction_charged_twice,0.0431,top_up_by_card_charge,0.0253,False,,Why does my statement have these extra charges?
169,extra_charge_on_statement,extra_charge_on_statement,True,0.1013,card_payment_not_recognised,0.0519,cash_withdrawal_not_recognised,0.0336,False,,"I do not remember purchasing anything for 1£, and it is on my statement. Can you please tell me what that is about?"
170,extra_charge_on_statement,extra_charge_on_statement,True,0.5797,cash_withdrawal_charge,0.0593,card_payment_fee_charged,0.0337,False,,I can see an extra 1£ charge on my app. Why did you charge me extra?
171,extra_charge_on_statement,extra_charge_on_statement,True,0.3537,transaction_charged_twice,0.0706,direct_debit_payment_not_recognised,0.0517,False,,Can you tell me why I noticed a $1 charge on my statement?
172,extra_charge_on_statement,transaction_charged_twice,False,0.121,transfer_not_received_by_recipient,0.1183,cancel_transfer,0.1108,False,,When will the $1 transaction be credited to me?
173,extra_charge_on_statement,cash_withdrawal_charge,False,0.121,transfer_fee_charged,0.1203,card_payment_fee_charged,0.1007,False,,Where did this fee come from?
174,extra_charge_on_statement,extra_charge_on_statement,True,0.6143,card_payment_fee_charged,0.0434,transfer_fee_charged,0.0338,True,statement|extra|charge|charge statement|extra charge,"I noticed an extra $1 charge on my statement, can you tell me why that is?"
175,extra_charge_on_statement,extra_charge_on_statement,True,0.5032,cash_withdrawal_charge,0.1091,card_payment_fee_charged,0.0996,False,,There is an extra $1 charge
176,extra_charge_on_statement,extra_charge_on_statement,True,0.6821,card_payment_fee_charged,0.0376,transfer_fee_charged,0.0293,False,,I need information about an extra €1 fee in my statement.
177,extra_charge_on_statement,extra_charge_on_statement,True,0.7519,top_up_by_card_charge,0.0206,card_payment_fee_charged,0.0145,False,,Why is there an extra 1 pound charge on my card?
178,extra_charge_on_statement,extra_charge_on_statement,True,0.2893,card_payment_fee_charged,0.0858,top_up_by_card_charge,0.0794,False,,Why are there so many fees on my statement?
179,extra_charge_on_statement,extra_charge_on_statement,True,0.8318,card_payment_fee_charged,0.0217,transfer_fee_charged,0.0193,False,,What would be the reason there's an extra fee on my statement?
180,extra_charge_on_statement,transfer_fee_charged,False,0.2417,card_payment_fee_charged,0.1973,cash_withdrawal_charge,0.124,False,,Where did this 1 euro fee come from?
181,extra_charge_on_statement,extra_charge_on_statement,True,0.8875,card_payment_fee_charged,0.0259,cash_withdrawal_charge,0.021,False,,I got a extra €1 fee in my statement
182,extra_charge_on_statement,extra_charge_on_statement,True,0.8574,card_payment_fee_charged,0.0188,transfer_fee_charged,0.0161,False,,I have a 1 euro fee on my statement.
183,extra_charge_on_statement,extra_charge_on_statement,True,0.4351,wrong_exchange_rate_for_cash_withdrawal,0.027,transaction_charged_twice,0.0183,False,,Why was I overcharged a pound!?
184,extra_charge_on_statement,extra_charge_on_statement,True,0.5361,cash_withdrawal_charge,0.0365,transfer_fee_charged,0.0333,True,pound|extra|charged|extra pound|charged extra,"Something went wrong, I was charged an extra pound?"
185,extra_charge_on_statement,extra_charge_on_statement,True,0.6984,transfer_fee_charged,0.0377,card_payment_fee_charged,0.0355,False,,Where did the extra fee on my statement come from?
186,extra_charge_on_statement,extra_charge_on_statement,True,0.2441,transfer_fee_charged,0.0605,card_payment_fee_charged,0.0585,False,,There is an extra charge on my app that I was not told about or I was aware of!
187,extra_charge_on_statement,extra_charge_on_statement,True,0.856,transfer_fee_charged,0.0282,card_payment_fee_charged,0.0243,False,,I am seeing an extra fee on my statement what is that for?
188,extra_charge_on_statement,extra_charge_on_statement,True,0.8574,card_payment_fee_charged,0.0188,transfer_fee_charged,0.0161,True,statement|fee statement|fee,What is this €1 fee in my statement?
189,extra_charge_on_statement,extra_charge_on_statement,True,0.2326,transfer_fee_charged,0.0787,cash_withdrawal_charge,0.0626,False,,"I am a new customer, and I happened to look at my app and there is a charge I am not familiar with.  Could you tell me why the extra charge is there?"
190,extra_charge_on_statement,extra_charge_on_statement,True,0.6152,card_payment_fee_charged,0.0529,cash_withdrawal_charge,0.0403,False,,For some reason my account's been charged an extra dollar.
191,extra_charge_on_statement,extra_charge_on_statement,True,0.097,transaction_charged_twice,0.0789,card_payment_fee_charged,0.0575,False,,There is a transaction for $1 and I don't know why it was charged.
192,extra_charge_on_statement,extra_charge_on_statement,True,0.494,card_payment_not_recognised,0.0314,transaction_charged_twice,0.023,True,charge|pound|statement|pound charge|pending,"Can you help me with a weird charge?  It's a pound charge that never goes away from the statement view on the app I'm using.  It's not described as anything but ""Pending"", and that status has never changed during the last two days."
193,extra_charge_on_statement,extra_charge_on_statement,True,0.4322,card_payment_fee_charged,0.0984,transfer_fee_charged,0.0488,False,,What is the purpose of the extra fee that is showing up on my statement?
194,extra_charge_on_statement,extra_charge_on_statement,True,0.8164,cash_withdrawal_charge,0.0221,card_payment_fee_charged,0.0218,True,statement|extra|charged|extra charged,"$1 extra has been charged on my statement, why is that?"
195,extra_charge_on_statement,extra_charge_on_statement,True,0.9243,card_payment_fee_charged,0.0177,transfer_fee_charged,0.0136,False,,What is the extra  €1 fee in my statement
196,extra_charge_on_statement,cancel_transfer,False,0.0673,reverted_card_payment?,0.0599,transfer_not_received_by_recipient,0.0551,False,,"It's been two weeks, why has the transaction for $1.00 not been reversed?"
197,extra_charge_on_statement,card_payment_fee_charged,False,0.5989,transfer_fee_charged,0.2429,cash_withdrawal_charge,0.0997,False,,What is the €1 fee for?
198,extra_charge_on_statement,extra_charge_on_statement,True,0.6092,card_payment_not_recognised,0.0304,pending_card_payment,0.0234,False,,I'm quite confused as to what is going on. There is some odd extra pound charge on my statement in the app that's just listed as pending and doesn't go away since a couple days.
199,extra_charge_on_statement,extra_charge_on_statement,True,0.7936,card_payment_fee_charged,0.0355,transfer_fee_charged,0.0248,False,,Can you please check why I am having this extra fee on my statement.
200,pending_cash_withdrawal,pending_top_up,False,0.3334,pending_card_payment,0.1228,pending_transfer,0.1105,False,,My withdrawl is still pending.  Why?
201,pending_cash_withdrawal,pending_cash_withdrawal,True,0.4085,wrong_amount_of_cash_received,0.0808,cancel_transfer,0.0364,False,,My card was denied at an ATM earlier today but the transaction is pending. Please cancel it as I did not receive my money.
202,pending_cash_withdrawal,pending_cash_withdrawal,True,0.8412,cash_withdrawal_not_recognised,0.0218,pending_card_payment,0.0192,False,,My transaction is still showing that is pending from my cash withdrawal.
203,pending_cash_withdrawal,pending_cash_withdrawal,True,0.2011,transfer_not_received_by_recipient,0.0549,top_up_failed,0.0357,False,,"Hey I tried to get some money out earlier but the machine didn't work. Now just saw the transaction still seems in progress! Can you please check what's going there, seems something is broken, I don't want to be charged for money that I haven't actually received!"
204,pending_cash_withdrawal,pending_cash_withdrawal,True,0.5342,cash_withdrawal_not_recognised,0.0876,cash_withdrawal_charge,0.0441,False,,How long does the cash withdrawal take to pend?
205,pending_cash_withdrawal,pending_cash_withdrawal,True,0.6973,pending_top_up,0.0613,cash_withdrawal_not_recognised,0.0317,False,,Why is it taking so long for my cash withdrawal to no longer show as pending?
206,pending_cash_withdrawal,pending_cash_withdrawal,True,0.173,declined_cash_withdrawal,0.139,verify_source_of_funds,0.0541,False,,"I tried taking money from the ATM but no money came out, but the transaction is still pending? How is this possible?"
207,pending_cash_withdrawal,pending_cash_withdrawal,True,0.5503,wrong_amount_of_cash_received,0.0778,cash_withdrawal_not_recognised,0.0334,False,,"I got some cash of an ATM earlier but this shows up as pending in the app. How can this be still pending, I've got the cash already?"
208,pending_cash_withdrawal,pending_cash_withdrawal,True,0.865,pending_top_up,0.0337,pending_card_payment,0.0157,False,,Why is my withdrawal still pending?
209,pending_cash_withdrawal,cash_withdrawal_not_recognised,False,0.2736,pending_cash_withdrawal,0.1485,cash_withdrawal_charge,0.0749,False,,Are you sure when the withdrawal will show?
210,pending_cash_withdrawal,pending_cash_withdrawal,True,0.3037,declined_cash_withdrawal,0.0591,cancel_transfer,0.0541,False,,"Hi! I was wondering if you can help me. I used the city centre ATM to get some cash, but the machine declined my card. My account shows that transaction is still pending. I didn't receive the money, so please cancel that transaction."
211,pending_cash_withdrawal,pending_cash_withdrawal,True,0.631,declined_cash_withdrawal,0.0687,pending_card_payment,0.0495,False,,Why is a transaction showing as pending when I recieved cash from an ATM?
212,pending_cash_withdrawal,pending_cash_withdrawal,True,0.4806,declined_cash_withdrawal,0.2056,wrong_amount_of_cash_received,0.0682,False,,My cash in the ATM is still pending
213,pending_cash_withdrawal,pending_cash_withdrawal,True,0.4147,declined_cash_withdrawal,0.1997,wrong_amount_of_cash_received,0.0573,False,,my atm cash out is still pending
214,pending_cash_withdrawal,pending_cash_withdrawal,True,0.3444,cash_withdrawal_not_recognised,0.2022,cash_withdrawal_charge,0.089,False,,I am still waiting for a cash withdrawal to show
215,pending_cash_withdrawal,pending_cash_withdrawal,True,0.786,cash_withdrawal_not_recognised,0.0461,cash_withdrawal_charge,0.0224,False,,Is my pending cash withdrawal processed?
216,pending_cash_withdrawal,pending_cash_withdrawal,True,0.076,top_up_by_cash_or_cheque,0.0718,wrong_amount_of_cash_received,0.06,False,,how long til my cash out goes through?
217,pending_cash_withdrawal,pending_cash_withdrawal,True,0.7966,declined_cash_withdrawal,0.0388,pending_card_payment,0.0213,False,,Why is my ATM cash withdrawal showing up as a pending transaction?
218,pending_cash_withdrawal,pending_cash_withdrawal,True,0.2102,transfer_not_received_by_recipient,0.0564,top_up_failed,0.0326,False,,"Hi,I tried to get some money out but the machine was not working .The transaction still seems in progress! Can you please check what's going on.I don't want to be charged for money that I did not received."
219,pending_cash_withdrawal,pending_cash_withdrawal,True,0.2816,declined_cash_withdrawal,0.0459,pending_top_up,0.0423,False,,"Hey, my card was declined at an ATM in the city centre theatre. My account says the transaction is pending, though. I didn't get the money, though, so what does that mean?"
220,pending_cash_withdrawal,pending_cash_withdrawal,True,0.8831,cash_withdrawal_not_recognised,0.0359,cash_withdrawal_charge,0.0155,False,,Why do I have a pending cash withdrawal?
221,pending_cash_withdrawal,pending_cash_withdrawal,True,0.8831,cash_withdrawal_not_recognised,0.0359,cash_withdrawal_charge,0.0155,False,,I have a pending cash withdrawal
222,pending_cash_withdrawal,cash_withdrawal_not_recognised,False,0.3097,pending_cash_withdrawal,0.1072,cash_withdrawal_charge,0.0297,False,,I made a withdrawal from my account but it has not posted?
223,pending_cash_withdrawal,pending_cash_withdrawal,True,0.9549,cash_withdrawal_not_recognised,0.0147,cash_withdrawal_charge,0.0064,False,,Is my cash withdrawal pending?
224,pending_cash_withdrawal,pending_cash_withdrawal,True,0.7341,cash_withdrawal_not_recognised,0.0549,pending_card_payment,0.026,False,,I'm not quite understanding why my cash withdrawal is showing as pending.
225,pending_cash_withdrawal,pending_cash_withdrawal,True,0.7661,cash_withdrawal_not_recognised,0.0344,cash_withdrawal_charge,0.0228,False,,I made a cash withdrawal but the pending status is taking forever.
226,pending_cash_withdrawal,pending_cash_withdrawal,True,0.8393,cash_withdrawal_not_recognised,0.0423,pending_card_payment,0.0193,False,,My cash withdrawal is still showing as pending.
227,pending_cash_withdrawal,pending_cash_withdrawal,True,0.1779,pending_transfer,0.0845,pending_top_up,0.0794,False,,Why am I unable to take money from my card but the statement says the transaction is still pending?
228,pending_cash_withdrawal,pending_cash_withdrawal,True,0.7216,cash_withdrawal_not_recognised,0.0492,pending_top_up,0.0184,False,,Why does my account have a pending cash withdrawal?
229,pending_cash_withdrawal,pending_cash_withdrawal,True,0.5343,pending_card_payment,0.0395,declined_cash_withdrawal,0.0379,False,,I have a pending transaction in my app. How is it still pending if I pulled the cash out from the ATM earlier?
230,pending_cash_withdrawal,pending_cash_withdrawal,True,0.9549,cash_withdrawal_not_recognised,0.0147,cash_withdrawal_charge,0.0064,False,,Cash withdrawal still pending?
231,pending_cash_withdrawal,pending_cash_withdrawal,True,0.6401,wrong_amount_of_cash_received,0.0829,declined_cash_withdrawal,0.0228,False,,"I received cash from the ATM earlier, but this shows up as pending in the app.  I've got the cash already.  How can this be still pending?"
232,pending_cash_withdrawal,top_up_failed,False,0.1025,declined_cash_withdrawal,0.0624,pending_cash_withdrawal,0.062,False,,"I tried to take money from my card, but it didn't work. Later I saw that the transaction is still in progress. What's goign on?"
233,pending_cash_withdrawal,pending_cash_withdrawal,True,0.3915,cash_withdrawal_not_recognised,0.1764,pending_top_up,0.0302,False,,Why does it say pending cash withdrawal on my statement?
234,pending_cash_withdrawal,pending_cash_withdrawal,True,0.6171,pending_top_up,0.0541,pending_transfer,0.0399,False,,How long with my cash withdrawal stay pending for?
235,pending_cash_withdrawal,pending_cash_withdrawal,True,0.4554,cash_withdrawal_not_recognised,0.3546,cash_withdrawal_charge,0.0923,False,,Where's accounting for my cash withdrawal?
236,pending_cash_withdrawal,cash_withdrawal_charge,False,0.0504,declined_cash_withdrawal,0.048,declined_transfer,0.0405,False,,My account was charged for a withdraw I tried to make that was decline.
237,pending_cash_withdrawal,transfer_timing,False,0.125,card_delivery_estimate,0.0748,pending_top_up,0.0732,False,,how long does it take to post atm with drawl
238,pending_cash_withdrawal,pending_cash_withdrawal,True,0.3515,declined_cash_withdrawal,0.1193,cash_withdrawal_not_recognised,0.1138,False,,Why is my cash withdrawal from the ATM still not yet showing as confirmed in my account?
239,pending_cash_withdrawal,pending_card_payment,False,0.2542,pending_cash_withdrawal,0.172,pending_transfer,0.0607,False,,"What's a pending transaction? My card was declined at an ATM, but my account says it's still pending. Can I cancel the payment?"
240,fiat_currency_support,supported_cards_and_currencies,False,0.2551,fiat_currency_support,0.1474,verify_source_of_funds,0.0526,True,currencies|use|currencies use|funds|request,"If I request that my funds be held, what currencies do you use?"
241,fiat_currency_support,fiat_currency_support,True,0.1877,exchange_via_app,0.0582,supported_cards_and_currencies,0.0511,False,,I want to know how many different currencies my money can be in
242,fiat_currency_support,fiat_currency_support,True,0.9262,supported_cards_and_currencies,0.0156,exchange_via_app,0.0039,False,,Do you support all fiat currencies?
243,fiat_currency_support,fiat_currency_support,True,0.1776,supported_cards_and_currencies,0.1053,exchange_via_app,0.0573,False,,Does your system support multiple currency.
244,fiat_currency_support,fiat_currency_support,True,0.7393,supported_cards_and_currencies,0.0141,exchange_via_app,0.0124,False,,What currencies can I hold money in?
245,fiat_currency_support,supported_cards_and_currencies,False,0.2789,fiat_currency_support,0.1376,exchange_via_app,0.0884,False,,Do you support any currency?
246,fiat_currency_support,card_payment_not_recognised,False,0.1248,pending_card_payment,0.1154,reverted_card_payment?,0.1133,True,payment|payment account|account|processed|deactivated,"There is an incoming payment into my account, but it is deactivated. Will they still be processed?"
247,fiat_currency_support,fiat_currency_support,True,0.667,exchange_charge,0.1805,exchange_via_app,0.0285,False,,What currencies do you do exchanges for?
248,fiat_currency_support,fiat_currency_support,True,0.9128,supported_cards_and_currencies,0.0073,exchange_via_app,0.0069,False,,"In terms of holding and exchange, what fiat currencies do you use."
249,fiat_currency_support,fiat_currency_support,True,0.8082,compromised_card,0.0152,supported_cards_and_currencies,0.01,False,,What fiat currencies are used for holding transactions?
250,fiat_currency_support,fiat_currency_support,True,0.4111,exchange_via_app,0.049,exchange_rate,0.0353,False,,Where can I exchange my money for EUR?
251,fiat_currency_support,fiat_currency_support,True,0.8315,supported_cards_and_currencies,0.0067,exchange_via_app,0.0061,False,,Is it permissible to hold money in multiple currencies?
252,fiat_currency_support,fiat_currency_support,True,0.6906,exchange_rate,0.0503,exchange_charge,0.0294,False,,Can I exchange to EUR?
253,fiat_currency_support,fiat_currency_support,True,0.6445,supported_cards_and_currencies,0.0332,edit_personal_details,0.0264,False,,Can someone assist me with the details explaining which fiat currencies that you support?
254,fiat_currency_support,exchange_charge,False,0.0828,supported_cards_and_currencies,0.0597,fiat_currency_support,0.0419,True,currency|offer|additional|options,Do you offer additional currency options?
255,fiat_currency_support,fiat_currency_support,True,0.2574,exchange_via_app,0.1722,edit_personal_details,0.0772,False,,How do I change currencies to euros?
256,fiat_currency_support,fiat_currency_support,True,0.914,supported_cards_and_currencies,0.0051,exchange_via_app,0.005,True,currencies|fiat|holding|fiat currencies|supported,What fiat currencies are supported for holding and exchange?
257,fiat_currency_support,fiat_currency_support,True,0.9431,exchange_charge,0.014,supported_cards_and_currencies,0.008,True,currencies|fiat|fiat currencies|exchanges|currency,"When considering currency holdings and exchanges, what fiat currencies are supported?"
258,fiat_currency_support,fiat_currency_support,True,0.7147,pending_top_up,0.0074,top_up_failed,0.0072,False,,Will you handle EUR?
259,fiat_currency_support,fiat_currency_support,True,0.7154,supported_cards_and_currencies,0.0193,exchange_via_app,0.0136,False,,Can I hold money in other currencies?
260,fiat_currency_support,fiat_currency_support,True,0.5564,supported_cards_and_currencies,0.0602,exchange_via_app,0.0256,False,,What options do I have for holding currencies?
261,fiat_currency_support,fiat_currency_support,True,0.4888,exchange_charge,0.0248,pending_top_up,0.0184,False,,Do you happen to do exchanges of EUR?
262,fiat_currency_support,fiat_currency_support,True,0.5757,supported_cards_and_currencies,0.0305,exchange_charge,0.0226,False,,Do you accept exchanges to EUR?
263,fiat_currency_support,exchange_charge,False,0.1783,exchange_via_app,0.1435,fiat_currency_support,0.0934,False,,Can you tell me what currency I can have?
264,fiat_currency_support,exchange_via_app,False,0.4701,exchange_charge,0.1333,fiat_currency_support,0.0975,False,,Am I able to exchange currencies?
265,fiat_currency_support,fiat_currency_support,True,0.2232,exchange_via_app,0.1203,exchange_charge,0.0754,False,,What currencies are used in your exchange?
266,fiat_currency_support,fiat_currency_support,True,0.902,supported_cards_and_currencies,0.0184,exchange_via_app,0.0041,True,currencies|fiat|fiat currencies|support|currencies support,Which fiat currencies do you support?
267,fiat_currency_support,fiat_currency_support,True,0.1183,supported_cards_and_currencies,0.0844,country_support,0.0755,False,,Which country's currency do you support?
268,fiat_currency_support,exchange_charge,False,0.1608,exchange_via_app,0.147,card_payment_wrong_exchange_rate,0.0723,False,,I want to make a currency exchange to EU.
269,fiat_currency_support,fiat_currency_support,True,0.9775,exchange_via_app,0.0032,exchange_charge,0.0031,False,,Can I exchange and hold all fiat currencies?
270,fiat_currency_support,fiat_currency_support,True,0.3623,exchange_charge,0.0284,receiving_money,0.0254,True,hold|currency|hold money|currency hold|kind,What kind of currency can I hold money in?
271,fiat_currency_support,exchange_via_app,False,0.5987,exchange_charge,0.2372,fiat_currency_support,0.0725,False,,Can I exchange currencies?
272,fiat_currency_support,fiat_currency_support,True,0.8875,supported_cards_and_currencies,0.007,top_up_failed,0.0067,False,,Do you work with all fiat currencies?
273,fiat_currency_support,fiat_currency_support,True,0.8315,supported_cards_and_currencies,0.0067,exchange_via_app,0.0061,False,,Can I hold money in multiple currencies?
274,fiat_currency_support,fiat_currency_support,True,0.7636,supported_cards_and_currencies,0.0161,exchange_via_app,0.0138,False,,How man currencies can I hold?
275,fiat_currency_support,exchange_via_app,False,0.3748,fiat_currency_support,0.2393,supported_cards_and_currencies,0.0577,False,,Besides USD what other currencies can I have?
276,fiat_currency_support,country_support,False,0.1484,supported_cards_and_currencies,0.0837,exchange_charge,0.07,False,,How do I accept exchanges to EU?
277,fiat_currency_support,fiat_currency_support,True,0.5709,exchange_charge,0.0528,exchange_via_app,0.0355,False,,What kind of fiat currency can I used for holding and exchange?
278,fiat_currency_support,fiat_currency_support,True,0.7484,exchange_charge,0.0516,exchange_via_app,0.0456,False,,Do you support the exchange of EUR from my currency.
279,fiat_currency_support,country_support,False,0.2607,fiat_currency_support,0.1001,supported_cards_and_currencies,0.0367,False,,What countries can I travel to and have access to their currencies?
280,card_delivery_estimate,card_delivery_estimate,True,0.1744,getting_spare_card,0.1148,order_physical_card,0.0845,False,,I need my card now!
281,card_delivery_estimate,card_arrival,False,0.0749,card_delivery_estimate,0.0469,order_physical_card,0.04,False,,my card was not in the mail again can you advise?
282,card_delivery_estimate,card_delivery_estimate,True,0.1137,getting_spare_card,0.0463,order_physical_card,0.038,False,,i need my card quick
283,card_delivery_estimate,card_delivery_estimate,True,0.3566,transfer_timing,0.1889,pending_top_up,0.1124,False,,How long will it take to get to me?
284,card_delivery_estimate,activate_my_card,False,0.0467,declined_card_payment,0.045,card_linking,0.0434,False,,I'm just wondering when my card will get here.
285,card_delivery_estimate,card_delivery_estimate,True,0.0883,card_about_to_expire,0.0455,card_arrival,0.0387,False,,Can you get me my card fast?
286,card_delivery_estimate,card_delivery_estimate,True,0.4941,pending_top_up,0.0404,transfer_timing,0.0352,False,,How long will it take to deliver something to US?
287,card_delivery_estimate,card_delivery_estimate,True,0.5587,country_support,0.0464,card_arrival,0.0259,False,,"I live in the US, how long will it take for delivery?"
288,card_delivery_estimate,card_delivery_estimate,True,0.7067,card_arrival,0.0285,order_physical_card,0.0214,False,,When can I expect my card to be delivered to the US?
289,card_delivery_estimate,card_delivery_estimate,True,0.2368,getting_spare_card,0.0407,order_physical_card,0.0343,True,need card|quickly|card quickly|card|need,I need my card quickly
290,card_delivery_estimate,card_delivery_estimate,True,0.7651,card_arrival,0.0273,pending_top_up,0.0244,False,,Does delivery to the US take long?
291,card_delivery_estimate,card_delivery_estimate,True,0.2017,transfer_not_received_by_recipient,0.0946,transfer_timing,0.0555,True,long|arrive|long arrive,How long will it take to arrive?
292,card_delivery_estimate,card_delivery_estimate,True,0.5689,card_arrival,0.0446,order_physical_card,0.0287,False,,Can I have my card delivered on a specific day?
293,card_delivery_estimate,card_delivery_estimate,True,0.1456,card_arrival,0.0417,supported_cards_and_currencies,0.0336,False,,What is the difference between standard and express delivery?
294,card_delivery_estimate,card_delivery_estimate,True,0.6282,card_arrival,0.0169,order_physical_card,0.0104,False,,Can it be delivered by a specific date?
295,card_delivery_estimate,card_delivery_estimate,True,0.4223,visa_or_mastercard,0.0371,order_physical_card,0.0267,False,,May I choose when it's delivered?
296,card_delivery_estimate,card_delivery_estimate,True,0.5716,card_arrival,0.0139,order_physical_card,0.012,False,,I need it delivered on a certain date.
297,card_delivery_estimate,card_delivery_estimate,True,0.3349,order_physical_card,0.023,card_arrival,0.0218,False,,When should I expect my card?
298,card_delivery_estimate,card_delivery_estimate,True,0.4067,transfer_timing,0.044,pending_top_up,0.0383,False,,How long does it take to get my card? Can I choose when to receive it?
299,card_delivery_estimate,card_delivery_estimate,True,0.6438,card_arrival,0.0496,transfer_not_received_by_recipient,0.0206,True,long|arrive|card arrive|long card|card,How long will it take for the card to arrive?
300,card_delivery_estimate,card_delivery_estimate,True,0.1483,top_up_failed,0.0233,top_up_reverted,0.0197,False,,How fast can you deliver?
301,card_delivery_estimate,card_arrival,False,0.1171,request_refund,0.1086,top_up_failed,0.028,False,,"Ordered awhile back, what is the ETA in the US?"
302,card_delivery_estimate,card_delivery_estimate,True,0.7024,card_arrival,0.0193,transfer_timing,0.0147,False,,How long should I expect for the card to arrive?
303,card_delivery_estimate,card_delivery_estimate,True,0.1766,card_arrival,0.0273,country_support,0.0261,False,,Whats the delivery time to the United States?
304,card_delivery_estimate,card_delivery_estimate,True,0.3519,card_arrival,0.0955,transfer_not_received_by_recipient,0.0239,False,,When will the card arrive?
305,card_delivery_estimate,card_delivery_estimate,True,0.1481,getting_spare_card,0.0712,card_about_to_expire,0.0338,False,,Send my card as soon as you are able to.
306,card_delivery_estimate,order_physical_card,False,0.5086,card_delivery_estimate,0.0924,getting_spare_card,0.0351,False,,When are cards delivered?
307,card_delivery_estimate,card_delivery_estimate,True,0.1584,pending_top_up,0.1146,transfer_timing,0.0944,False,,How long does shipping take to get to a US destination?
308,card_delivery_estimate,getting_spare_card,False,0.1343,order_physical_card,0.1287,card_arrival,0.1051,False,,Can I get my card expedited?
309,card_delivery_estimate,card_delivery_estimate,True,0.7466,card_arrival,0.0481,order_physical_card,0.0139,False,,How long until my card is delivered?
310,card_delivery_estimate,card_delivery_estimate,True,0.3056,getting_spare_card,0.0463,card_arrival,0.0368,False,,I need my card to come as soon as possible.
311,card_delivery_estimate,card_arrival,False,0.1482,card_delivery_estimate,0.1106,card_about_to_expire,0.0705,False,,When can I expect to receive my new card?
312,card_delivery_estimate,card_arrival,False,0.3844,card_delivery_estimate,0.096,transfer_not_received_by_recipient,0.0343,False,,I am waiting for my card to arrive.
313,card_delivery_estimate,card_delivery_estimate,True,0.3001,getting_spare_card,0.0548,topping_up_by_card,0.0256,False,,I need my card as soon as possible.
314,card_delivery_estimate,card_delivery_estimate,True,0.3362,order_physical_card,0.0353,why_verify_identity,0.0212,True,delivered|need|saturday,I need it delivered by Saturday.
315,card_delivery_estimate,card_delivery_estimate,True,0.3962,card_arrival,0.0374,pending_top_up,0.0234,False,,What's the U.S. Delivery time?
316,card_delivery_estimate,card_delivery_estimate,True,0.3519,card_arrival,0.0955,transfer_not_received_by_recipient,0.0239,False,,When will my card arrive?
317,card_delivery_estimate,card_delivery_estimate,True,0.5915,card_arrival,0.0414,visa_or_mastercard,0.0175,False,,can I choose a date for delivery?
318,card_delivery_estimate,card_delivery_estimate,True,0.283,card_arrival,0.0376,direct_debit_payment_not_recognised,0.029,False,,Can I make sure my card is delivered on a specific day?
319,card_delivery_estimate,card_delivery_estimate,True,0.36,pending_top_up,0.0314,card_arrival,0.0187,False,,Can I have it be delivered at a certain time?
320,automatic_top_up,automatic_top_up,True,0.8405,card_delivery_estimate,0.0082,transaction_charged_twice,0.0075,False,,"When traveling, can I auto top-up my card at certain times?"
321,automatic_top_up,automatic_top_up,True,0.7909,top_up_limits,0.0585,compromised_card,0.0069,False,,Is there a limit when using auto top-up?
322,automatic_top_up,automatic_top_up,True,0.3524,balance_not_updated_after_cheque_or_cash_deposit,0.0302,top_up_by_cash_or_cheque,0.0285,True,automatically|manually|left|cash|need,Will it automatically top-up or do I need to do that manually if there isn't much cash left?
323,automatic_top_up,automatic_top_up,True,0.6895,transfer_not_received_by_recipient,0.0124,top_up_reverted,0.0117,False,,"I'm running out of money, can I  auto top up?"
324,automatic_top_up,automatic_top_up,True,0.6696,supported_cards_and_currencies,0.0123,top_up_by_cash_or_cheque,0.0103,False,,How do I use auto top up?
325,automatic_top_up,automatic_top_up,True,0.297,transfer_not_received_by_recipient,0.0386,top_up_reverted,0.0313,False,,Can it automatically top-up money if there isn't much left?
326,automatic_top_up,automatic_top_up,True,0.3114,transfer_not_received_by_recipient,0.0266,top_up_reverted,0.0214,False,,If there isn't much money left can it automatically top-up?
327,automatic_top_up,automatic_top_up,True,0.4299,cash_withdrawal_not_recognised,0.023,top_up_failed,0.0208,False,,"I read about the auto-top up function, but can't find it in the app."
328,automatic_top_up,automatic_top_up,True,0.2165,supported_cards_and_currencies,0.0566,pending_top_up,0.0358,False,,Can I have it add money at certain time intervals when I travel?
329,automatic_top_up,automatic_top_up,True,0.5713,supported_cards_and_currencies,0.0186,top_up_by_card_charge,0.0146,False,,"I'm going to be away for awhile, can I have it add money automatically in certain intervals?"
330,automatic_top_up,automatic_top_up,True,0.7654,pending_top_up,0.006,top_up_failed,0.0058,False,,"Where can I find the ""auto-top"" feature?"
331,automatic_top_up,automatic_top_up,True,0.323,activate_my_card,0.0846,beneficiary_not_allowed,0.0173,True,auto|just|activated|letting,"I just activated auto top-up, but it is not letting me enable it. Why not?"
332,automatic_top_up,automatic_top_up,True,0.9216,pending_top_up,0.0019,top_up_failed,0.0019,False,,Is there an auto top-up option?
333,automatic_top_up,automatic_top_up,True,0.1572,top_up_by_cash_or_cheque,0.0281,pending_top_up,0.0209,False,,where is theft-top option?
334,automatic_top_up,automatic_top_up,True,0.7629,top_up_limits,0.054,disposable_card_limits,0.0085,False,,Are there limits on auto top-up?
335,automatic_top_up,automatic_top_up,True,0.7776,top_up_failed,0.0059,activate_my_card,0.0053,False,,can you assist me with the auto top up ?
336,automatic_top_up,automatic_top_up,True,0.8281,top_up_limits,0.0332,age_limit,0.0044,False,,Do you have any limit on the auto top-up?
337,automatic_top_up,automatic_top_up,True,0.7629,top_up_limits,0.054,disposable_card_limits,0.0085,False,,Why are there limits on auto top-up?
338,automatic_top_up,automatic_top_up,True,0.8862,pending_top_up,0.0029,top_up_failed,0.0028,False,,How can I top up automatically?
339,automatic_top_up,card_payment_not_recognised,False,0.0441,automatic_top_up,0.0439,direct_debit_payment_not_recognised,0.0388,False,,How do I make sure I don't run out of money on my card while traveling?
340,automatic_top_up,top_up_limits,False,0.2527,automatic_top_up,0.2226,age_limit,0.0192,False,,What's the limit on automatic top-up?
341,automatic_top_up,automatic_top_up,True,0.7777,card_arrival,0.0124,card_delivery_estimate,0.0124,False,,"If I will be traveling, is there a way to auto top-up my card on certain days?"
342,automatic_top_up,automatic_top_up,True,0.9216,pending_top_up,0.0019,top_up_failed,0.0019,False,,Where is the auto top-up option?
343,automatic_top_up,automatic_top_up,True,0.534,terminate_account,0.0203,age_limit,0.0164,False,,Can I have a auto top-up when my account is short?
344,automatic_top_up,automatic_top_up,True,0.9216,pending_top_up,0.0019,top_up_failed,0.0019,False,,Do you have an auto top-up option?
345,automatic_top_up,balance_not_updated_after_bank_transfer,False,0.3746,transfer_not_received_by_recipient,0.0676,transfer_timing,0.0494,False,,Can I space out how often money is transferred along my travels?
346,automatic_top_up,automatic_top_up,True,0.2413,transfer_not_received_by_recipient,0.0363,top_up_reverted,0.0312,True,automatically|left|lot|money|isn,Will it automatically top-up money if there isn't a lot left?
347,automatic_top_up,automatic_top_up,True,0.6754,supported_cards_and_currencies,0.0173,top_up_by_card_charge,0.0115,False,,Can I have it add money automatically in certain intervals?
348,automatic_top_up,automatic_top_up,True,0.2816,top_up_reverted,0.0226,top_up_failed,0.0185,False,,Can I set up an automatic top-up for travel.
349,automatic_top_up,automatic_top_up,True,0.3685,failed_transfer,0.0296,declined_cash_withdrawal,0.0201,False,,I've tried looking for the auto-top up option on your website and I can't seem to find it. Can you help me?
350,automatic_top_up,automatic_top_up,True,0.7201,transfer_not_received_by_recipient,0.0113,top_up_reverted,0.0105,False,,how do I top up my money automatically
351,automatic_top_up,balance_not_updated_after_bank_transfer,False,0.0905,top_up_reverted,0.0821,pending_top_up,0.0785,False,,Can I be topped up once I hit a certain balance?
352,automatic_top_up,automatic_top_up,True,0.3334,transfer_not_received_by_recipient,0.0284,top_up_reverted,0.0213,False,,Will it automatically top-up if there isn't much money left?
353,automatic_top_up,automatic_top_up,True,0.9148,card_arrival,0.0038,verify_source_of_funds,0.0025,False,,Is there any way to Auto top-up?
354,automatic_top_up,automatic_top_up,True,0.8402,top_up_reverted,0.0067,top_up_failed,0.0046,False,,Can you explain where I can find the auto-top option?
355,automatic_top_up,automatic_top_up,True,0.7098,top_up_failed,0.008,pending_top_up,0.0074,False,,What is the auto top up function and where can I find that at?
356,automatic_top_up,automatic_top_up,True,0.7272,card_arrival,0.0115,top_up_failed,0.0078,False,,Is there a way to top-up automatically?
357,automatic_top_up,automatic_top_up,True,0.0767,transfer_not_received_by_recipient,0.0393,top_up_reverted,0.0299,False,,"Is there a top-up feature, if there isn't a lot of money left?"
358,automatic_top_up,automatic_top_up,True,0.8281,top_up_limits,0.0332,age_limit,0.0044,False,,What is the highest limit for Auto Top?
359,automatic_top_up,automatic_top_up,True,0.9862,pending_top_up,0.0003,top_up_failed,0.0003,False,,How do I enable auto-top up?
360,card_not_working,top_up_failed,False,0.1392,declined_card_payment,0.0589,failed_transfer,0.0573,False,,I've tried my card a bunch of times and it never worked.
361,card_not_working,card_not_working,True,0.5278,declined_card_payment,0.0485,virtual_card_not_working,0.0349,False,,I can't get my card to work.
362,card_not_working,card_not_working,True,0.1596,pending_top_up,0.0451,card_arrival,0.0331,False,,My card appears to be broken how can I fix it?
363,card_not_working,card_not_working,True,0.2018,top_up_failed,0.0532,card_arrival,0.0495,False,,How do I know why my card isn't working?
364,card_not_working,card_not_working,True,0.1376,card_arrival,0.0281,getting_spare_card,0.0254,False,,My card broke.
365,card_not_working,card_not_working,True,0.3814,virtual_card_not_working,0.0512,top_up_failed,0.0442,False,,My card won't work.
366,card_not_working,card_not_working,True,0.6837,declined_card_payment,0.0503,top_up_failed,0.0265,False,,Why is my card not working?
367,card_not_working,top_up_by_card_charge,False,0.075,why_verify_identity,0.0351,transfer_into_account,0.0307,False,,Can you please identify the problem with my bank card?
368,card_not_working,card_linking,False,0.0536,pin_blocked,0.052,cash_withdrawal_not_recognised,0.0508,True,app|card|using|unblock|using app,How do I unblock my card using the app?
369,card_not_working,card_not_working,True,0.0539,top_up_failed,0.0469,declined_card_payment,0.0366,False,,My card does not work
370,card_not_working,card_not_working,True,0.4172,order_physical_card,0.2991,declined_card_payment,0.0163,True,card work|work|physical card|card|physical,How can I get my physical card to work?
371,card_not_working,card_not_working,True,0.1602,top_up_failed,0.0553,declined_card_payment,0.0424,False,,Can someone assist me by explaining why my card is not working?
372,card_not_working,card_not_working,True,0.4155,top_up_failed,0.0376,declined_card_payment,0.0301,False,,Help me.  My card doesn't work.
373,card_not_working,card_not_working,True,0.1632,top_up_failed,0.0631,compromised_card,0.0543,False,,Can a card stop working?
374,card_not_working,card_not_working,True,0.3438,compromised_card,0.0558,lost_or_stolen_card,0.0246,False,,I think my card is broken
375,card_not_working,card_not_working,True,0.368,top_up_failed,0.0633,declined_card_payment,0.048,False,,Why isn't my card working?
376,card_not_working,card_not_working,True,0.4942,top_up_failed,0.033,card_arrival,0.0198,False,,My card isn't working anymore.
377,card_not_working,declined_card_payment,False,0.1334,card_not_working,0.0859,top_up_failed,0.077,False,,My card was declined today when eating and I need to know what's wrong.
378,card_not_working,card_not_working,True,0.3944,top_up_failed,0.0485,declined_card_payment,0.0383,False,,My card doesn't work.
379,card_not_working,card_not_working,True,0.0878,top_up_failed,0.0777,top_up_reverted,0.0254,False,,How can I resolve a problem where my card won't go through at all?
380,card_not_working,card_not_working,True,0.284,order_physical_card,0.0888,top_up_failed,0.0421,False,,My actual card isn't working.
381,card_not_working,card_not_working,True,0.4372,card_arrival,0.0188,getting_spare_card,0.0175,False,,Is my card broken?
382,card_not_working,card_not_working,True,0.165,card_arrival,0.0353,getting_spare_card,0.0332,False,,I broke my card
383,card_not_working,card_not_working,True,0.2573,top_up_failed,0.036,declined_card_payment,0.0231,False,,My card stopped working
384,card_not_working,card_not_working,True,0.1376,card_arrival,0.0281,getting_spare_card,0.0254,False,,"My card is broke, what do I do?"
385,card_not_working,card_not_working,True,0.15,top_up_failed,0.0607,declined_cash_withdrawal,0.0498,False,,"I tried using my card today and it's not working, can you help me?"
386,card_not_working,card_not_working,True,0.3344,top_up_failed,0.0298,declined_card_payment,0.0244,False,,My card stopped working when I use it
387,card_not_working,card_acceptance,False,0.3443,card_not_working,0.2583,atm_support,0.0661,False,,I can't use my card.
388,card_not_working,card_not_working,True,0.4476,top_up_failed,0.0327,declined_card_payment,0.0297,False,,Need help with my card. It's not working.
389,card_not_working,card_acceptance,False,0.3443,card_not_working,0.2583,atm_support,0.0661,False,,I cannot use my card.
390,card_not_working,card_not_working,True,0.0748,reverted_card_payment?,0.0288,card_payment_fee_charged,0.0278,False,,The card I've got seems to be broken.
391,card_not_working,card_not_working,True,0.3629,top_up_failed,0.0561,card_arrival,0.0337,False,,My card isn't working
392,card_not_working,card_not_working,True,0.1893,top_up_failed,0.0589,declined_card_payment,0.0433,False,,My card suddenly quit working.
393,card_not_working,card_not_working,True,0.1916,declined_card_payment,0.071,card_acceptance,0.0457,False,,I have tried to use my card several times and it does not work.
394,card_not_working,card_not_working,True,0.3944,top_up_failed,0.0485,declined_card_payment,0.0383,False,,The card I have doesn't work.
395,card_not_working,cancel_transfer,False,0.1093,card_not_working,0.093,supported_cards_and_currencies,0.0521,False,,My card doesn't accept any transaction at all. What's wrong??
396,card_not_working,card_not_working,True,0.3149,declined_cash_withdrawal,0.0462,declined_card_payment,0.046,False,,How can i check if my card is working?
397,card_not_working,card_not_working,True,0.0462,card_arrival,0.0431,getting_spare_card,0.0407,False,,Nothing goes through on my card.
398,card_not_working,card_not_working,True,0.3814,virtual_card_not_working,0.0512,top_up_failed,0.0442,False,,How do I find out why my card won't work?
399,card_not_working,card_not_working,True,0.3172,declined_card_payment,0.0539,top_up_failed,0.0428,False,,"Could it be that I deactivated my card, its not working?"
400,exchange_via_app,exchange_via_app,True,0.5987,exchange_charge,0.2372,fiat_currency_support,0.0725,False,,May I exchange currencies with this?
401,exchange_via_app,exchange_via_app,True,0.2123,exchange_charge,0.1812,fiat_currency_support,0.0598,False,,Tell me how I can exchange between different currency.
402,exchange_via_app,exchange_via_app,True,0.5016,edit_personal_details,0.0538,exchange_charge,0.037,False,,Can I change from one currency to another?
403,exchange_via_app,exchange_via_app,True,0.5871,edit_personal_details,0.0254,receiving_money,0.0171,False,,How do I change GBP to AUD?
404,exchange_via_app,exchange_via_app,True,0.8025,exchange_charge,0.0489,fiat_currency_support,0.0244,False,,Will this app exchange currencies?
405,exchange_via_app,exchange_via_app,True,0.5458,fiat_currency_support,0.0822,supported_cards_and_currencies,0.0207,False,,How do I convert currencies with the app?
406,exchange_via_app,exchange_via_app,True,0.2922,fiat_currency_support,0.1161,supported_cards_and_currencies,0.0399,False,,How are currencies exchanged?
407,exchange_via_app,exchange_via_app,True,0.8464,exchange_charge,0.036,fiat_currency_support,0.0183,False,,Can I exchange currencies with this app?
408,exchange_via_app,exchange_via_app,True,0.273,exchange_charge,0.2135,fiat_currency_support,0.0372,True,currency|exchange|exchange currency|make|make exchange,How do I make an exchange from one currency to another?
409,exchange_via_app,exchange_via_app,True,0.6765,receiving_money,0.0189,pending_top_up,0.0079,False,,How do I interconvert between AUD and GBP?
410,exchange_via_app,exchange_via_app,True,0.2922,fiat_currency_support,0.1161,supported_cards_and_currencies,0.0399,False,,What all currencies can be exchanged?
411,exchange_via_app,exchange_via_app,True,0.7703,exchange_charge,0.0174,receiving_money,0.011,True,gbp|currency|usd|exchange|usd gbp,What is the best way to exchange currency between USD and GBP using your app?
412,exchange_via_app,exchange_via_app,True,0.4437,edit_personal_details,0.0248,pending_top_up,0.0186,False,,If I wanted to make a change from GBP to AUD what is the process?
413,exchange_via_app,exchange_via_app,True,0.0588,wrong_exchange_rate_for_cash_withdrawal,0.0484,transfer_not_received_by_recipient,0.0454,False,,Can I get some money exchanged?
414,exchange_via_app,exchange_via_app,True,0.3648,edit_personal_details,0.0451,change_pin,0.0299,False,,Is it possible to change to another currency?
415,exchange_via_app,exchange_via_app,True,0.7362,exchange_charge,0.0109,exchange_rate,0.0099,False,,How do I exchange my GBP to AUD?
416,exchange_via_app,fiat_currency_support,False,0.0571,wrong_exchange_rate_for_cash_withdrawal,0.0412,transfer_not_received_by_recipient,0.0362,True,money different|different|country|different country|money,How would I use my money in a different country?
417,exchange_via_app,exchange_charge,False,0.2386,exchange_via_app,0.1745,fiat_currency_support,0.0738,False,,"If I receive foreign currencies, am I able to exchange them on the app?"
418,exchange_via_app,exchange_via_app,True,0.5016,edit_personal_details,0.0538,exchange_charge,0.037,False,,Can I change to another currency?
419,exchange_via_app,exchange_via_app,True,0.6824,edit_personal_details,0.0291,receiving_money,0.0152,False,,"I need AUD not GBP, how do I change it?"
420,exchange_via_app,exchange_via_app,True,0.1718,exchange_charge,0.1663,card_payment_wrong_exchange_rate,0.0348,False,,What is the best way to exchange currency?
421,exchange_via_app,exchange_via_app,True,0.462,receiving_money,0.0234,top_up_failed,0.0128,False,,If I need GBP instead of AUD what do I do?
422,exchange_via_app,exchange_via_app,True,0.3111,exchange_charge,0.1636,fiat_currency_support,0.0361,False,,I was wondering whether exchanging currencies can be done on this app.
423,exchange_via_app,exchange_via_app,True,0.6449,edit_personal_details,0.0337,receiving_money,0.0173,False,,"I might need AUD instead of GBP, how to change?"
424,exchange_via_app,exchange_charge,False,0.3457,exchange_via_app,0.2308,card_payment_wrong_exchange_rate,0.1048,False,,How do I go through the process of currency exchange?
425,exchange_via_app,exchange_via_app,True,0.5016,edit_personal_details,0.0538,exchange_charge,0.037,False,,Change currency
426,exchange_via_app,exchange_via_app,True,0.4701,exchange_charge,0.1333,fiat_currency_support,0.0975,False,,Can am I able to exchange currencies?
427,exchange_via_app,exchange_via_app,True,0.3059,edit_personal_details,0.0766,receiving_money,0.0432,False,,Where do I go to change GBP?
428,exchange_via_app,exchange_charge,False,0.4639,exchange_via_app,0.2476,card_payment_wrong_exchange_rate,0.1123,False,,What currency's can i exchange for?
429,exchange_via_app,exchange_via_app,True,0.6957,fiat_currency_support,0.0449,exchange_charge,0.0269,False,,What currencies will this app exchange?
430,exchange_via_app,exchange_via_app,True,0.5347,exchange_charge,0.0957,fiat_currency_support,0.0446,False,,Can this app help me exchange currencies?
431,exchange_via_app,exchange_via_app,True,0.3602,exchange_charge,0.19,card_payment_wrong_exchange_rate,0.0442,False,,I would like to exchange some currency.
432,exchange_via_app,exchange_via_app,True,0.8145,exchange_rate,0.008,receiving_money,0.0073,True,gbp|exchange|usd|app|exchange gbp,Can I exchange between GBP and USD on the app?
433,exchange_via_app,exchange_via_app,True,0.586,exchange_charge,0.1898,card_payment_wrong_exchange_rate,0.0626,False,,Is there currency exchange on this app?
434,exchange_via_app,exchange_via_app,True,0.3839,fiat_currency_support,0.2246,edit_personal_details,0.027,False,,Can I change my currency from USD to EUR?
435,exchange_via_app,exchange_via_app,True,0.3866,request_refund,0.0241,cash_withdrawal_not_recognised,0.0237,False,,"I think I want AUD and not GBP, can you help?"
436,exchange_via_app,exchange_charge,False,0.4291,exchange_via_app,0.3487,card_payment_wrong_exchange_rate,0.0319,False,,How do I exchange currency?
437,exchange_via_app,exchange_via_app,True,0.1505,lost_or_stolen_phone,0.0653,edit_personal_details,0.0466,False,,Can I use this app to change dollars into euros?
438,exchange_via_app,exchange_via_app,True,0.2974,fiat_currency_support,0.1752,exchange_charge,0.1543,False,,Can I exchange currencies with my account?
439,exchange_via_app,exchange_via_app,True,0.5256,exchange_charge,0.1237,fiat_currency_support,0.0609,False,,I would like to exchange currencies
440,lost_or_stolen_card,lost_or_stolen_card,True,0.1168,topping_up_by_card,0.0947,cash_withdrawal_not_recognised,0.0416,False,,"My entire gym bag, including my wallet, was stolen out of my locker today. Everything in my wallet is gone - how do I block the card to make it can't be used?"
441,lost_or_stolen_card,compromised_card,False,0.2127,lost_or_stolen_card,0.1778,lost_or_stolen_phone,0.0295,False,,I can't find my card and think it may have been stolen.
442,lost_or_stolen_card,lost_or_stolen_card,True,0.2481,compromised_card,0.0373,card_delivery_estimate,0.0198,False,,"Someone stole my card. I need to report it stolen. I made a police report already, but how do I report it with you?"
443,lost_or_stolen_card,pending_top_up,False,0.1688,topping_up_by_card,0.0694,top_up_reverted,0.04,False,,"I cant find my card, it's gone."
444,lost_or_stolen_card,lost_or_stolen_card,True,0.438,card_linking,0.1071,card_arrival,0.0673,False,,My card is lost! What can I do?
445,lost_or_stolen_card,lost_or_stolen_card,True,0.7079,card_linking,0.073,card_arrival,0.0133,False,,I lost my card
446,lost_or_stolen_card,lost_or_stolen_card,True,0.6802,card_linking,0.0411,cash_withdrawal_not_recognised,0.0192,False,,Oh no!  I lost my card!  Help!
447,lost_or_stolen_card,lost_or_stolen_card,True,0.2472,cash_withdrawal_not_recognised,0.0316,compromised_card,0.0293,False,,"I believe my card has been stolen, what can I do about this situation? It's urgent."
448,lost_or_stolen_card,lost_or_stolen_card,True,0.1774,cash_withdrawal_not_recognised,0.0544,compromised_card,0.0312,False,,Help! Someone stole my card!
449,lost_or_stolen_card,lost_or_stolen_card,True,0.4469,cash_withdrawal_not_recognised,0.0308,lost_or_stolen_phone,0.0236,False,,Help.  I have a stolen card!
450,lost_or_stolen_card,lost_or_stolen_card,True,0.4183,card_linking,0.0533,card_arrival,0.0382,False,,"card is lost, please help"
451,lost_or_stolen_card,lost_or_stolen_card,True,0.5876,compromised_card,0.0237,lost_or_stolen_phone,0.015,False,,How do I report my card stolen?
452,lost_or_stolen_card,lost_or_stolen_card,True,0.3355,compromised_card,0.1575,pending_top_up,0.0593,False,,My card is gone I think it was stolen
453,lost_or_stolen_card,pending_top_up,False,0.0464,top_up_failed,0.0268,lost_or_stolen_card,0.024,False,,Is a copy of the police report necessary for completing the report process?
454,lost_or_stolen_card,lost_or_stolen_card,True,0.0863,topping_up_by_card,0.073,getting_spare_card,0.0512,False,,I lost my wallet today with all my credit cards. Will you please block the card and send a replacement?
455,lost_or_stolen_card,lost_or_stolen_card,True,0.3421,compromised_card,0.0337,lost_or_stolen_phone,0.026,False,,How do I deal with a stolen card?
456,lost_or_stolen_card,lost_or_stolen_card,True,0.643,compromised_card,0.027,card_payment_not_recognised,0.027,False,,Can you freeze my card it was stolen
457,lost_or_stolen_card,card_not_working,False,0.0995,lost_or_stolen_card,0.0827,activate_my_card,0.0422,True,help card|card|help,Help!  I can't find my card.
458,lost_or_stolen_card,lost_or_stolen_card,True,0.7079,card_linking,0.073,card_arrival,0.0133,False,,What should I do if I lost my card?
459,lost_or_stolen_card,lost_or_stolen_card,True,0.534,card_linking,0.043,lost_or_stolen_phone,0.0173,False,,I need help with a lost card
460,lost_or_stolen_card,lost_or_stolen_card,True,0.6955,compromised_card,0.0633,lost_or_stolen_phone,0.0118,False,,I think my card was stolen.
461,lost_or_stolen_card,card_not_working,False,0.0785,topping_up_by_card,0.0546,lost_or_stolen_card,0.0337,False,,"Someone stole my wallet earlier today, not sure exactly when, probably on Piccadilly circus. Can you check if there were any attempts to use the card and obviously block it?"
462,lost_or_stolen_card,lost_or_stolen_card,True,0.2033,compromised_card,0.0411,pending_top_up,0.0337,False,,I think I lost my card . I dont know how long it has been missing. Can you see if maybe someone else has been using it?
463,lost_or_stolen_card,lost_or_stolen_card,True,0.4891,compromised_card,0.0485,lost_or_stolen_phone,0.019,False,,How can I freeze a stolen card?
464,lost_or_stolen_card,lost_or_stolen_card,True,0.2499,card_linking,0.027,card_arrival,0.0247,False,,What should I do if my card is missing?
465,lost_or_stolen_card,lost_or_stolen_card,True,0.1427,cancel_transfer,0.0859,card_about_to_expire,0.0507,False,,My bags were stolen. I need a new card but need to cancel the stolen one.
466,lost_or_stolen_card,lost_or_stolen_card,True,0.1993,card_arrival,0.0371,getting_spare_card,0.0362,False,,Somehow I am missing my card.  What should I do?
467,lost_or_stolen_card,cash_withdrawal_not_recognised,False,0.0455,card_arrival,0.0441,getting_spare_card,0.0425,False,,My card was taken from me
468,lost_or_stolen_card,card_linking,False,0.1735,lost_or_stolen_card,0.1357,card_arrival,0.0398,False,,My card got lost.
469,lost_or_stolen_card,lost_or_stolen_card,True,0.1061,compromised_card,0.042,card_arrival,0.0286,False,,Some idiot stole my card.
470,lost_or_stolen_card,lost_or_stolen_card,True,0.541,lost_or_stolen_phone,0.034,card_linking,0.0311,False,,How do I report my card lost or stolen?
471,lost_or_stolen_card,lost_or_stolen_card,True,0.438,card_linking,0.1071,card_arrival,0.0673,False,,My card is lost! What do I do now?
472,lost_or_stolen_card,lost_or_stolen_card,True,0.1127,card_about_to_expire,0.0538,card_delivery_estimate,0.039,False,,I'm in Spain and my stuff has been stolen. My card was with it and I need a new one shipped and the old one frozen.
473,lost_or_stolen_card,lost_or_stolen_card,True,0.3222,topping_up_by_card,0.0775,supported_cards_and_currencies,0.0756,False,,I believe my credit card was stolen.
474,lost_or_stolen_card,lost_or_stolen_card,True,0.4116,compromised_card,0.0373,lost_or_stolen_phone,0.0178,False,,How do I report a stolen card?
475,lost_or_stolen_card,lost_or_stolen_card,True,0.277,lost_or_stolen_phone,0.035,compromised_card,0.0297,False,,"Somebody has stolen my card, I need help please."
476,lost_or_stolen_card,topping_up_by_card,False,0.3217,supported_cards_and_currencies,0.2876,top_up_failed,0.0794,False,,I cannot find my credit card.
477,lost_or_stolen_card,card_not_working,False,0.0444,card_arrival,0.0356,card_linking,0.0354,False,,Are you able to locate my card?
478,lost_or_stolen_card,lost_or_stolen_card,True,0.1335,lost_or_stolen_phone,0.0354,card_linking,0.0331,False,,My card got stolen!
479,lost_or_stolen_card,lost_or_stolen_card,True,0.7411,lost_or_stolen_phone,0.0149,card_not_working,0.014,False,,Help me please!  My card was stolen!
480,age_limit,age_limit,True,0.4004,terminate_account,0.0195,balance_not_updated_after_cheque_or_cash_deposit,0.018,False,,how old do i need to be to get an account for myself
481,age_limit,age_limit,True,0.5982,terminate_account,0.0135,balance_not_updated_after_cheque_or_cash_deposit,0.0109,False,,How young can I be to open my own account?
482,age_limit,age_limit,True,0.4413,card_about_to_expire,0.0139,pending_top_up,0.0136,False,,How old do I have to be?
483,age_limit,age_limit,True,0.7936,terminate_account,0.0058,balance_not_updated_after_cheque_or_cash_deposit,0.0052,False,,Can I open an account for a child?
484,age_limit,age_limit,True,0.4413,card_about_to_expire,0.0139,pending_top_up,0.0136,False,,How old do we have to be?
485,age_limit,age_limit,True,0.3879,getting_spare_card,0.0324,terminate_account,0.0182,False,,How do I go about setting up an account for my daughter?
486,age_limit,age_limit,True,0.5301,pending_top_up,0.0121,top_up_failed,0.0119,True,age|minimum,Is there an age minimum?
487,age_limit,age_limit,True,0.4845,request_refund,0.0194,terminate_account,0.0173,False,,What is the youngest age in order to have an account?
488,age_limit,age_limit,True,0.8327,pending_top_up,0.0042,top_up_failed,0.0042,False,,What age do I have to be?
489,age_limit,age_limit,True,0.77,getting_spare_card,0.0103,terminate_account,0.0065,False,,Can my daughter open an account?
490,age_limit,age_limit,True,0.9085,terminate_account,0.0024,balance_not_updated_after_cheque_or_cash_deposit,0.0022,False,,What is the minimum age to open an account?
491,age_limit,age_limit,True,0.4498,pending_top_up,0.0143,top_up_failed,0.0139,False,,What is the minimum age?
492,age_limit,age_limit,True,0.1365,terminate_account,0.0683,card_payment_not_recognised,0.048,False,,I am only 17. Can I make an account?
493,age_limit,age_limit,True,0.8659,terminate_account,0.004,balance_not_updated_after_cheque_or_cash_deposit,0.0034,False,,Could I open an account for my children?
494,age_limit,age_limit,True,0.9747,terminate_account,0.001,balance_not_updated_after_cheque_or_cash_deposit,0.0007,False,,What is the age to open an account?
495,age_limit,age_limit,True,0.7936,terminate_account,0.0058,balance_not_updated_after_cheque_or_cash_deposit,0.0052,False,,How do I open up an account for my child?
496,age_limit,transfer_into_account,False,0.342,age_limit,0.1255,balance_not_updated_after_bank_transfer,0.0656,False,,Can I open a bank account for my newborn baby?
497,age_limit,age_limit,True,0.7903,terminate_account,0.0062,balance_not_updated_after_cheque_or_cash_deposit,0.0053,False,,How old do I have to be to open an account?
498,age_limit,age_limit,True,0.0936,top_up_reverted,0.0371,transfer_not_received_by_recipient,0.0278,False,,Do you offer services for children to have money saving experience?
499,age_limit,age_limit,True,0.5323,wrong_amount_of_cash_received,0.0155,pending_top_up,0.0138,False,,If my kids wanted to use your service how old would they have to be?
500,age_limit,age_limit,True,0.6663,transfer_into_account,0.0341,balance_not_updated_after_bank_transfer,0.0117,False,,Can my 19 year old daughter open a savings account at the bank?
501,age_limit,age_limit,True,0.7035,terminate_account,0.0267,transfer_into_account,0.0119,False,,How old do you have to be to get an account?
502,age_limit,age_limit,True,0.509,terminate_account,0.012,balance_not_updated_after_cheque_or_cash_deposit,0.0116,False,,What's the minimum age for opening an account?
503,age_limit,age_limit,True,0.2166,terminate_account,0.0366,request_refund,0.0229,False,,"I would like an account for my children, how do I go about doing this?"
504,age_limit,age_limit,True,0.458,terminate_account,0.0213,balance_not_updated_after_cheque_or_cash_deposit,0.0158,False,,Can my children have their own account?
505,age_limit,age_limit,True,0.8336,beneficiary_not_allowed,0.005,terminate_account,0.0048,False,,Is it possible to open an account for my children?
506,age_limit,age_limit,True,0.7225,pending_top_up,0.01,country_support,0.0079,False,,Do my kids have to be a certain age to use this service?
507,age_limit,age_limit,True,0.7742,terminate_account,0.006,unable_to_verify_identity,0.0057,False,,How old do you have to be to be able to open an account?
508,age_limit,age_limit,True,0.7428,top_up_limits,0.0471,automatic_top_up,0.0059,False,,Is there an age limit?
509,age_limit,age_limit,True,0.4983,terminate_account,0.0123,balance_not_updated_after_cheque_or_cash_deposit,0.0119,False,,What are the age requirements for opening an account?
510,age_limit,age_limit,True,0.7879,getting_spare_card,0.009,unable_to_verify_identity,0.0048,False,,will i be able to open an account for my daughter
511,age_limit,age_limit,True,0.7928,why_verify_identity,0.0055,terminate_account,0.0054,False,,How old do I need to be to open an account?
512,age_limit,age_limit,True,0.3473,country_support,0.0262,pending_top_up,0.0157,False,,What age can sign up for services?
513,age_limit,age_limit,True,0.5706,pending_top_up,0.0123,country_support,0.0117,False,,How old do my kids have to be to use your service?
514,age_limit,age_limit,True,0.6132,why_verify_identity,0.012,top_up_failed,0.0107,False,,What age do my kids need to be to use your service?
515,age_limit,age_limit,True,0.9193,why_verify_identity,0.0022,terminate_account,0.0021,False,,How old do my children need to be to open an account?
516,age_limit,age_limit,True,0.7725,pending_top_up,0.0059,why_verify_identity,0.0055,False,,How old does my kids need to be to open an account?
517,age_limit,age_limit,True,0.4912,request_refund,0.0179,terminate_account,0.0146,False,,How young can someone be in order to open an account?
518,age_limit,age_limit,True,0.5505,terminate_account,0.015,balance_not_updated_after_cheque_or_cash_deposit,0.0121,False,,What is the youngest someone can be to open an account?
519,age_limit,age_limit,True,0.1511,transfer_into_account,0.0861,balance_not_updated_after_bank_transfer,0.0357,False,,How old does one have to be to have an account with the bank?
520,pin_blocked,pin_blocked,True,0.3837,get_physical_card,0.2121,change_pin,0.0743,False,,How do I get my PIN unlocked?
521,pin_blocked,get_physical_card,False,0.8278,pin_blocked,0.1201,change_pin,0.0498,False,,Where can I view my PIN?
522,pin_blocked,get_physical_card,False,0.8278,pin_blocked,0.1201,change_pin,0.0498,False,,Will you reinstate my PIN?
523,pin_blocked,pin_blocked,True,0.6674,get_physical_card,0.0498,change_pin,0.0377,False,,I accidentally blocked my PIN. How do I reset it?
524,pin_blocked,pin_blocked,True,0.8326,get_physical_card,0.0106,change_pin,0.0066,False,,How do I unblock my pin after entering it wrong too many times?
525,pin_blocked,pin_blocked,True,0.5299,cancel_transfer,0.0288,transaction_charged_twice,0.0204,False,,I used the wrong ping too many times and now the account is blocked.  How do I unblock?
526,pin_blocked,pin_blocked,True,0.1251,lost_or_stolen_card,0.059,card_not_working,0.0388,False,,I need help because I drunken blocked my card?
527,pin_blocked,pin_blocked,True,0.1519,card_not_working,0.1037,change_pin,0.0952,False,,"How do I reset my PIN, I can't seem to use my card?"
528,pin_blocked,pin_blocked,True,0.9491,get_physical_card,0.0065,change_pin,0.0034,False,,"When I put the wrong pin too much, I got blocked, so can you help me unblock my pin"
529,pin_blocked,pin_blocked,True,0.7551,get_physical_card,0.0314,change_pin,0.0177,False,,"My pin was blocked, how do I make it so I can use it?"
530,pin_blocked,pin_blocked,True,0.7194,get_physical_card,0.0256,change_pin,0.0144,False,,How many tries do I have to enter my pin before I'm blocked?
531,pin_blocked,get_physical_card,False,0.1362,pin_blocked,0.1257,change_pin,0.0553,False,,What should I do if I've tried to enter my PIN too often?
532,pin_blocked,pin_blocked,True,0.3241,get_physical_card,0.0781,change_pin,0.0389,True,pin|times|exceeded|number|try,I have exceeded the number of times I can try my PIN
533,pin_blocked,pin_blocked,True,0.9106,get_physical_card,0.0232,change_pin,0.0075,False,,How can I unblock a blocked pin number for my account?
534,pin_blocked,pin_blocked,True,0.0903,card_not_working,0.0718,get_physical_card,0.044,False,,What do I do if the bank machine won't accept my PIN attempts anymore?
535,pin_blocked,pin_blocked,True,0.8231,get_physical_card,0.0306,change_pin,0.0163,False,,Can you unlock my pin? I think I entered the wrong pin too many times.
536,pin_blocked,pin_blocked,True,0.6744,get_physical_card,0.0964,change_pin,0.0342,False,,How do I deal with a blocked PIN?
537,pin_blocked,card_not_working,False,0.0607,pin_blocked,0.0545,top_up_failed,0.0466,False,,"I attempted to use my card while I was intoxicated, and I failed to input my PIN, and the machine kept my card. How soon can I have it back?"
538,pin_blocked,card_linking,False,0.0536,pin_blocked,0.052,cash_withdrawal_not_recognised,0.0508,False,,Can I unblock my card using the app?
539,pin_blocked,pin_blocked,True,0.4922,get_physical_card,0.1765,change_pin,0.0576,False,,I'v exhausted all the of times I can try my PIN
540,pin_blocked,pin_blocked,True,0.5755,get_physical_card,0.0511,change_pin,0.0258,False,,How can I unlock my pin from too many tries?
541,pin_blocked,pin_blocked,True,0.3041,compromised_card,0.0484,get_physical_card,0.0379,False,,Help! I forgot my PIN and have been locked out of using my card.
542,pin_blocked,pin_blocked,True,0.1215,passcode_forgotten,0.0382,terminate_account,0.0378,False,,"My account is blocked, how do I log in now"
543,pin_blocked,pin_blocked,True,0.1639,top_up_reverted,0.0634,top_up_failed,0.0514,False,,Why did I get blocked?
544,pin_blocked,pin_blocked,True,0.839,get_physical_card,0.0321,change_pin,0.014,False,,Are you able to unblock my pin?
545,pin_blocked,pin_blocked,True,0.4206,get_physical_card,0.0555,change_pin,0.028,False,,Can you assist me with unblocking my PIN? I put it in wrong too many times.
546,pin_blocked,pin_blocked,True,0.9091,get_physical_card,0.0027,cancel_transfer,0.0026,False,,I entered the wrong pin too many times and now I am blocked.  Help me unblock!
547,pin_blocked,pin_blocked,True,0.7409,pending_top_up,0.0067,top_up_failed,0.0064,False,,"My pins seems to be blocked, can you unblock it please"
548,pin_blocked,pin_blocked,True,0.8545,get_physical_card,0.0261,change_pin,0.0115,False,,Can you unblock my pin after too many wrong pin attempts?
549,pin_blocked,pin_blocked,True,0.9109,get_physical_card,0.0242,change_pin,0.0098,False,,What can you do to unblock my pin?
550,pin_blocked,pin_blocked,True,0.8397,get_physical_card,0.0416,change_pin,0.0163,False,,"My PIN is blocked, what do I do?"
551,pin_blocked,get_physical_card,False,0.4573,pin_blocked,0.1946,change_pin,0.104,False,,Can I reactivate my PIN?
552,pin_blocked,pin_blocked,True,0.2494,change_pin,0.2044,get_physical_card,0.1217,False,,How do I reset my PIN?
553,pin_blocked,pin_blocked,True,0.9109,get_physical_card,0.0242,change_pin,0.0098,False,,Can I unblock my pin?
554,pin_blocked,pin_blocked,True,0.9109,get_physical_card,0.0242,change_pin,0.0098,True,pin|unblock|unblock pin,How do I unblock my PIN?
555,pin_blocked,card_not_working,False,0.0597,declined_cash_withdrawal,0.0321,cash_withdrawal_not_recognised,0.0321,True,card|card frozen|frozen,"My card's frozen, what can I do?"
556,pin_blocked,pin_blocked,True,0.3735,get_physical_card,0.2705,change_pin,0.0787,False,,How can I unlock the pin?
557,pin_blocked,pin_blocked,True,0.8631,get_physical_card,0.0088,change_pin,0.0059,False,,"Since my pin is blocked, would you help me unblock it?"
558,pin_blocked,pin_blocked,True,0.127,get_physical_card,0.0894,change_pin,0.0501,False,,My PIN is not working and I need assistance.
559,pin_blocked,pin_blocked,True,0.6702,get_physical_card,0.0651,change_pin,0.0283,False,,"
Where can I get my PIN unblocked?"
560,contactless_not_working,contactless_not_working,True,0.6771,card_arrival,0.0496,card_about_to_expire,0.0264,False,,Are contactless payments enabled on my new card?
561,contactless_not_working,card_not_working,False,0.1353,top_up_failed,0.0567,beneficiary_not_allowed,0.0314,False,,My contanctless has stopped working
562,contactless_not_working,card_arrival,False,0.1201,activate_my_card,0.0979,card_about_to_expire,0.071,False,,what is required documents for new card process ?
563,contactless_not_working,card_not_working,False,0.1138,top_up_failed,0.1133,contactless_not_working,0.0761,False,,"I don't know what's wrong, my contactless stopped working. Tried it in a few different places today and it didn't work in any of them."
564,contactless_not_working,contactless_not_working,True,0.2294,card_not_working,0.0394,top_up_failed,0.0324,False,,How do I get the contactless feature to work for my card?
565,contactless_not_working,contactless_not_working,True,0.1968,top_up_failed,0.0961,declined_card_payment,0.0492,False,,I tried to pay contactless at the bus today and it didn't work. Any ideas why?
566,contactless_not_working,card_arrival,False,0.0964,contactless_not_working,0.0897,top_up_failed,0.0306,False,,I've been unable to pay contactless with my card for over a week now. Is there a way to fix this issue?
567,contactless_not_working,contactless_not_working,True,0.2527,card_not_working,0.0741,top_up_failed,0.0526,False,,Do you know why my contactless won't work?
568,contactless_not_working,contactless_not_working,True,0.2935,pending_top_up,0.0337,transfer_not_received_by_recipient,0.0239,False,,My contactless payments have not been completed successfully.
569,contactless_not_working,declined_card_payment,False,0.1506,top_up_failed,0.1044,contactless_not_working,0.0805,False,,Do I need to replace my card if it didn't work when I tried to pay contactless at the shop today?
570,contactless_not_working,contactless_not_working,True,0.1054,card_not_working,0.0816,top_up_failed,0.0394,False,,For some reason my contactless has stopped working. I don't know what the problem is. What can I do?
571,contactless_not_working,contactless_not_working,True,0.0931,declined_card_payment,0.0446,supported_cards_and_currencies,0.0374,False,,"I couldn't use my contactless this morning, it wasn't accepted."
572,contactless_not_working,contactless_not_working,True,0.3488,card_not_working,0.0675,top_up_failed,0.0605,False,,Contactless isn't working for me
573,contactless_not_working,contactless_not_working,True,0.1577,declined_card_payment,0.1139,top_up_failed,0.0411,False,,Why wouldn't the contactless payment work when I tried to pay at the bus today?
574,contactless_not_working,contactless_not_working,True,0.0653,card_not_working,0.0385,top_up_by_cash_or_cheque,0.0376,False,,How do I check my security settings to allow contactless pay?
575,contactless_not_working,contactless_not_working,True,0.3918,card_not_working,0.0684,top_up_failed,0.0501,False,,What can I do if contactless doesn't work?
576,contactless_not_working,contactless_not_working,True,0.6867,top_up_failed,0.0163,pending_top_up,0.0098,False,,Fix my contactless
577,contactless_not_working,contactless_not_working,True,0.3383,top_up_failed,0.0252,failed_transfer,0.0215,False,,How can I make my contactless work for the metro?
578,contactless_not_working,contactless_not_working,True,0.5639,top_up_failed,0.0258,card_not_working,0.018,False,,My contactless is not working
579,contactless_not_working,contactless_not_working,True,0.3127,top_up_failed,0.0283,cash_withdrawal_not_recognised,0.0232,False,,Can you help my fix my contactless?
580,contactless_not_working,contactless_not_working,True,0.2439,card_not_working,0.1197,top_up_failed,0.0492,False,,For some reason my contactless won't work for me.
581,contactless_not_working,contactless_not_working,True,0.2353,card_not_working,0.0247,card_payment_fee_charged,0.0231,True,contactless|contactless payments|payments|use|unable,I'm unable to use contactless payments for purchases.
582,contactless_not_working,contactless_not_working,True,0.1093,declined_card_payment,0.0827,declined_cash_withdrawal,0.0402,True,contactless|work|bus|wouldn|tried pay,"When I tried to pay for my bus ride, the contactless payment wouldn't work. How can I prevent this in the future?"
583,contactless_not_working,declined_card_payment,False,0.0878,card_not_working,0.0687,top_up_failed,0.0493,False,,The NFC payment wouldn't work on the bus today. Help?
584,contactless_not_working,card_not_working,False,0.221,contactless_not_working,0.1293,top_up_failed,0.047,False,,"I wanted to use my card contactless but it doesn't seem to be working, what could be the problem?"
585,contactless_not_working,contactless_not_working,True,0.428,top_up_failed,0.0236,failed_transfer,0.0217,False,,How do I make contactless work
586,contactless_not_working,card_arrival,False,0.286,card_about_to_expire,0.1322,activate_my_card,0.1107,False,,what is the charges for new card?
587,contactless_not_working,contactless_not_working,True,0.3195,card_not_working,0.0789,top_up_failed,0.0514,False,,The contactless I have won't work.
588,contactless_not_working,contactless_not_working,True,0.4324,top_up_failed,0.0381,card_not_working,0.0284,False,,Why isn't my contactless not working?
589,contactless_not_working,contactless_not_working,True,0.1954,supported_cards_and_currencies,0.0724,wrong_amount_of_cash_received,0.0545,False,,I wanted to use my contactless at the metro today but it didn't accept it!
590,contactless_not_working,contactless_not_working,True,0.1696,top_up_failed,0.0445,declined_card_payment,0.0312,False,,It didnt work when I tried to pay contactless at the bus today. Why?
591,contactless_not_working,contactless_not_working,True,0.6379,top_up_limits,0.0141,unable_to_verify_identity,0.0088,False,,I am not able to do contactless.
592,contactless_not_working,contactless_not_working,True,0.6103,card_payment_fee_charged,0.015,supported_cards_and_currencies,0.0149,False,,How do I use contactless payments?
593,contactless_not_working,contactless_not_working,True,0.2952,card_not_working,0.0791,top_up_failed,0.0596,False,,Help me with my contactless which isn't working.
594,contactless_not_working,contactless_not_working,True,0.1614,top_up_failed,0.1185,card_not_working,0.0748,True,contactless|working|fix|problem|isn,How can I fix a problem where contactless isn't working?
595,contactless_not_working,contactless_not_working,True,0.5556,apple_pay_or_google_pay,0.0731,supported_cards_and_currencies,0.0221,False,,How do I use contactless pay?
596,contactless_not_working,contactless_not_working,True,0.6812,apple_pay_or_google_pay,0.0479,card_payment_fee_charged,0.013,False,,How do I enable contactless pay?
597,contactless_not_working,card_payment_not_recognised,False,0.1307,contactless_not_working,0.1076,pending_card_payment,0.0514,False,,Do I need to make a regular payment before a contactless one?
598,contactless_not_working,contactless_not_working,True,0.4614,pending_top_up,0.0153,top_up_reverted,0.0121,False,,How can I find out where my contactless works?
599,contactless_not_working,card_payment_not_recognised,False,0.6689,reverted_card_payment?,0.1105,pending_card_payment,0.043,False,,Should i reinstall the payment app?
600,top_up_by_bank_transfer_charge,top_up_by_bank_transfer_charge,True,0.1784,transfer_fee_charged,0.0917,supported_cards_and_currencies,0.0835,False,,how much do you charge to accept transfers
601,top_up_by_bank_transfer_charge,top_up_by_bank_transfer_charge,True,0.2516,failed_transfer,0.0798,declined_transfer,0.0392,True,cost|transfer|does cost|make transfer|does,I would like to make a transfer. How much does it cost?
602,top_up_by_bank_transfer_charge,transfer_fee_charged,False,0.3046,failed_transfer,0.0876,top_up_by_bank_transfer_charge,0.0596,False,,"I need to make a transfer, what will the fee be?"
603,top_up_by_bank_transfer_charge,transaction_charged_twice,False,0.0805,card_payment_not_recognised,0.0597,top_up_by_bank_transfer_charge,0.059,False,,If I make a top-up are there charges applied?
604,top_up_by_bank_transfer_charge,top_up_by_bank_transfer_charge,True,0.7543,failed_transfer,0.0318,pending_transfer,0.0309,False,,Can I also transfer with SWIFT?
605,top_up_by_bank_transfer_charge,top_up_by_bank_transfer_charge,True,0.5869,pending_transfer,0.0156,declined_transfer,0.0142,False,,Are SWIFT transfers accepted?
606,top_up_by_bank_transfer_charge,top_up_by_bank_transfer_charge,True,0.17,transfer_into_account,0.0476,terminate_account,0.0472,False,,I would like to refill my account using SWIFT.
607,top_up_by_bank_transfer_charge,top_up_by_bank_transfer_charge,True,0.3467,apple_pay_or_google_pay,0.0398,failed_transfer,0.0383,False,,Do I have to pay for topping up by transfer?
608,top_up_by_bank_transfer_charge,transfer_fee_charged,False,0.0773,top_up_by_bank_transfer_charge,0.0634,card_payment_fee_charged,0.0432,False,,Are there any sort of fees involved for top of transfers?
609,top_up_by_bank_transfer_charge,top_up_by_bank_transfer_charge,True,0.5386,beneficiary_not_allowed,0.0618,failed_transfer,0.0372,False,,Is it possible to get a transfer from SWIFT?
610,top_up_by_bank_transfer_charge,receiving_money,False,0.1565,top_up_by_bank_transfer_charge,0.0968,card_payment_fee_charged,0.0585,False,,Do I have to pay any fees in order to receive money?
611,top_up_by_bank_transfer_charge,top_up_by_bank_transfer_charge,True,0.1747,receiving_money,0.167,cash_withdrawal_charge,0.0651,False,,How much am I charged to receive money?
612,top_up_by_bank_transfer_charge,top_up_by_bank_transfer_charge,True,0.5585,pending_transfer,0.0166,transfer_fee_charged,0.0155,True,swift|swift transfers|transfers|deal,Will you deal with SWIFT transfers?
613,top_up_by_bank_transfer_charge,wrong_amount_of_cash_received,False,0.0647,transfer_not_received_by_recipient,0.0618,transaction_charged_twice,0.051,False,,Will there be any charges for money received?
614,top_up_by_bank_transfer_charge,transfer_fee_charged,False,0.8393,top_up_by_bank_transfer_charge,0.0634,card_payment_fee_charged,0.0272,False,,Will a transfer incur a fee?
615,top_up_by_bank_transfer_charge,top_up_by_bank_transfer_charge,True,0.713,failed_transfer,0.0121,pending_transfer,0.0111,False,,Are there charges for receiving a SEPA transfer?
616,top_up_by_bank_transfer_charge,transfer_into_account,False,0.6346,balance_not_updated_after_bank_transfer,0.0476,transfer_fee_charged,0.0356,False,,If I transfer money from my bank to top-up my account will I be charged?
617,top_up_by_bank_transfer_charge,receiving_money,False,0.2486,transfer_fee_charged,0.0586,cash_withdrawal_charge,0.056,False,,Will I be charged if someone needs to send me money?
618,top_up_by_bank_transfer_charge,top_up_by_card_charge,False,0.4124,top_up_limits,0.0499,card_payment_fee_charged,0.0334,False,,What are the fees for top-ups?
619,top_up_by_bank_transfer_charge,top_up_by_bank_transfer_charge,True,0.3425,extra_charge_on_statement,0.0502,transfer_into_account,0.0481,False,,Will topping up by transfer lead to a charge on my account?
620,top_up_by_bank_transfer_charge,top_up_by_bank_transfer_charge,True,0.4301,transaction_charged_twice,0.0268,transfer_not_received_by_recipient,0.022,False,,What are the charges for receiving money?
621,top_up_by_bank_transfer_charge,top_up_by_bank_transfer_charge,True,0.1166,transfer_fee_charged,0.097,receiving_money,0.0962,False,,What is the fee to receive money?
622,top_up_by_bank_transfer_charge,top_up_by_bank_transfer_charge,True,0.7957,transfer_fee_charged,0.0269,pending_transfer,0.0121,False,,How much am I charged for a SEPA transfer?
623,top_up_by_bank_transfer_charge,top_up_by_bank_transfer_charge,True,0.6534,transfer_fee_charged,0.0544,card_payment_fee_charged,0.0173,False,,How much is the fee for a SEPA transfer?
624,top_up_by_bank_transfer_charge,top_up_by_bank_transfer_charge,True,0.4711,transfer_fee_charged,0.0273,pending_transfer,0.022,False,,What'll it charge me for a SEPA transfer?
625,top_up_by_bank_transfer_charge,top_up_by_bank_transfer_charge,True,0.4987,top_up_by_card_charge,0.0646,transfer_fee_charged,0.0282,False,,Is there a charge for topping up by transfer?
626,top_up_by_bank_transfer_charge,top_up_by_bank_transfer_charge,True,0.7538,pending_transfer,0.0104,transfer_fee_charged,0.0104,False,,Do you do SWIFT transfers?
627,top_up_by_bank_transfer_charge,top_up_by_bank_transfer_charge,True,0.3773,transfer_fee_charged,0.0546,top_up_by_card_charge,0.0391,False,,Should I expect to be charged for topping up by transfer?
628,top_up_by_bank_transfer_charge,top_up_by_bank_transfer_charge,True,0.7957,transfer_fee_charged,0.0269,pending_transfer,0.0121,False,,Will I be charged for a SEPA transfer?
629,top_up_by_bank_transfer_charge,transfer_fee_charged,False,0.8086,top_up_by_bank_transfer_charge,0.0783,card_payment_fee_charged,0.0113,False,,is there a fee for a transfer? if so how much will it be?
630,top_up_by_bank_transfer_charge,top_up_by_bank_transfer_charge,True,0.6328,balance_not_updated_after_bank_transfer,0.0314,transfer_into_account,0.0215,False,,Please tell me about SWIFT transfers at this bank.
631,top_up_by_bank_transfer_charge,transfer_fee_charged,False,0.8086,top_up_by_bank_transfer_charge,0.0783,card_payment_fee_charged,0.0113,False,,Is there a fee for transfer top-up?
632,top_up_by_bank_transfer_charge,failed_transfer,False,0.1152,pending_transfer,0.0851,balance_not_updated_after_bank_transfer,0.0554,False,,Can you tell me what the transfer policy is?
633,top_up_by_bank_transfer_charge,top_up_by_bank_transfer_charge,True,0.5152,balance_not_updated_after_bank_transfer,0.0336,failed_transfer,0.0286,False,,Is a SWIFT transfer okay?
634,top_up_by_bank_transfer_charge,top_up_by_bank_transfer_charge,True,0.4868,transfer_fee_charged,0.1436,card_payment_fee_charged,0.0585,False,,Will I be charged a fee if I receive a SEPA transfer
635,top_up_by_bank_transfer_charge,top_up_by_bank_transfer_charge,True,0.3931,transfer_fee_charged,0.1207,top_up_by_card_charge,0.0243,False,,"When topping up by transfer, will I be charged?"
636,top_up_by_bank_transfer_charge,transfer_fee_charged,False,0.3293,transfer_into_account,0.2791,top_up_by_bank_transfer_charge,0.0786,False,,What us the fee to transfer money from my bank?
637,top_up_by_bank_transfer_charge,cash_withdrawal_charge,False,0.1689,top_up_by_bank_transfer_charge,0.0423,transaction_charged_twice,0.0415,False,,Do I get charged if i am getting money?
638,top_up_by_bank_transfer_charge,top_up_by_bank_transfer_charge,True,0.4585,failed_transfer,0.0457,pending_transfer,0.0317,False,,Can you tell me the total cost of a transfer?
639,top_up_by_bank_transfer_charge,top_up_by_bank_transfer_charge,True,0.7543,failed_transfer,0.0318,pending_transfer,0.0309,False,,can i do a transfer with swift
640,pending_top_up,pending_top_up,True,0.5575,pending_cash_withdrawal,0.0229,pending_transfer,0.0194,False,,"new customer and filling gas today, it's not working, the thing shows pending half an hour!"
641,pending_top_up,pending_top_up,True,0.1679,top_up_failed,0.0661,top_up_reverted,0.0425,False,,My card was topped this morning but I can't see the funds. Why didn't it complete?
642,pending_top_up,pending_top_up,True,0.6341,pending_card_payment,0.1743,pending_transfer,0.1177,True,pending,What would lead to my top up still pending?
643,pending_top_up,pending_top_up,True,0.0264,top_up_failed,0.0256,top_up_reverted,0.0242,False,,there's a delay in my top-up
644,pending_top_up,pending_top_up,True,0.4753,pending_card_payment,0.0464,transfer_not_received_by_recipient,0.0323,False,,Is there a reason my top up hasn't gone through
645,pending_top_up,pending_top_up,True,0.6341,pending_card_payment,0.1743,pending_transfer,0.1177,False,,The top-up is pending.
646,pending_top_up,pending_top_up,True,0.2391,top_up_reverted,0.1931,top_up_failed,0.0217,False,,Could you explain why my top-up has gone through yet?
647,pending_top_up,pending_top_up,True,0.1437,verify_source_of_funds,0.1337,top_up_reverted,0.1183,False,,"I've already topped up, but I cannot see the funds being available. What happened?"
648,pending_top_up,pending_card_payment,False,0.4205,pending_top_up,0.2306,pending_cash_withdrawal,0.0756,False,,What is going on? My top-up is still pending. I use your system all the time but now it is just showing as pending.
649,pending_top_up,balance_not_updated_after_cheque_or_cash_deposit,False,0.0423,pending_card_payment,0.0367,pending_top_up,0.0365,False,,I  do not see a top-up processed.
650,pending_top_up,pending_top_up,True,0.2217,top_up_reverted,0.0836,top_up_failed,0.0655,False,,I topped up but it didn't complete
651,pending_top_up,pending_top_up,True,0.6248,top_up_failed,0.0163,card_not_working,0.0136,False,,"So, I am a new customer and attempted to top up for the very first time today. It's already been pending for half an hour and doesn't seem to be working. I need to please get this fixed."
652,pending_top_up,pending_top_up,True,0.6341,pending_card_payment,0.1743,pending_transfer,0.1177,False,,My top up is pending.
653,pending_top_up,pending_top_up,True,0.1626,pending_card_payment,0.0662,pending_transfer,0.063,False,,Can you look into my top up please.  I made it over three hours ago and yet it's still pending.
654,pending_top_up,pending_top_up,True,0.516,pending_transfer,0.0234,cancel_transfer,0.017,False,,Can you please make my top up go through as soon as possible. I really need the money and it has been pending for an hour already.
655,pending_top_up,pending_top_up,True,0.3993,pending_card_payment,0.1198,pending_transfer,0.08,False,,"What's going on with the top-up? All it says is pending, pending, pending! I use your service several times a week and have never had a problem before! What's going on here?"
656,pending_top_up,pending_top_up,True,0.5119,pending_card_payment,0.0546,transfer_not_received_by_recipient,0.0361,False,,why hasn't my top up gone through yet
657,pending_top_up,pending_top_up,True,0.0471,balance_not_updated_after_cheque_or_cash_deposit,0.0385,top_up_failed,0.0333,False,,top-up is slow to process
658,pending_top_up,pending_top_up,True,0.1492,top_up_failed,0.0359,terminate_account,0.0279,False,,"Is there something wrong with your website? I tried topping up my account and it's been close to two hours now and it's still at ""pending"" for some reason. I just joined with you guys and this is the first attempt at this, so maybe I'm wrong, but shouldn't this be instant?"
659,pending_top_up,pending_top_up,True,0.2952,pending_card_payment,0.0643,pending_transfer,0.0376,False,,"I topped up by card a while ago and it's still pending, surely it should be done by now?"
660,pending_top_up,pending_top_up,True,0.2377,transfer_not_received_by_recipient,0.2233,pending_card_payment,0.0348,False,,Why hasn't my top-up been completed?
661,pending_top_up,pending_top_up,True,0.1228,top_up_reverted,0.0516,failed_transfer,0.0426,False,,top up did not complete
662,pending_top_up,card_arrival,False,0.1215,balance_not_updated_after_bank_transfer,0.0323,pending_card_payment,0.0322,False,,So I just put my top-up into the card and it hasn't changed.
663,pending_top_up,pending_top_up,True,0.6341,pending_card_payment,0.1743,pending_transfer,0.1177,False,,Why is my top up still pending?
664,pending_top_up,pending_top_up,True,0.1365,card_not_working,0.0592,pending_transfer,0.0511,False,,"Your top-up function isn't working, it still says pending even though I know my card works."
665,pending_top_up,pending_top_up,True,0.5575,top_up_failed,0.0282,pending_cash_withdrawal,0.0197,False,,"Hi I'm a new customer and tried topping up for the first time today, seems it's not working, the thing shows up as pending since half an hour already! Please fix it!"
666,pending_top_up,transfer_into_account,False,0.0456,top_up_by_card_charge,0.0314,declined_cash_withdrawal,0.0301,False,,"OMG!  I'm trying to load my card and it wont top up!  I desperately need the money either on my card or in my bank, where is it?"
667,pending_top_up,pending_top_up,True,0.4519,pending_cash_withdrawal,0.0432,pending_card_payment,0.0276,False,,I'm attempting to top-up my account but it has been pending for an hour.
668,pending_top_up,pending_top_up,True,0.0265,top_up_failed,0.0258,top_up_reverted,0.0243,False,,Why is my top-up still outstanding?
669,pending_top_up,pending_top_up,True,0.2677,pending_card_payment,0.1545,pending_cash_withdrawal,0.0699,False,,What does it mean when my top up is saying  still pending?
670,pending_top_up,pending_card_payment,False,0.1319,pending_transfer,0.1172,pending_top_up,0.1084,True,pending|hasn|stuck|couple|stuck pending,"My top up hasn't worked, it's been stuck in pending for the last couple hours"
671,pending_top_up,pending_top_up,True,0.0896,top_up_failed,0.0458,transfer_not_received_by_recipient,0.037,False,,It doesn't look like the top-up completed.
672,pending_top_up,pending_top_up,True,0.1124,pending_transfer,0.0822,pending_card_payment,0.0756,False,,Why does my top up say still pending when I used my card to do it.
673,pending_top_up,top_up_reverted,False,0.3624,topping_up_by_card,0.1106,pending_top_up,0.0669,False,,Where is the money I topped off with?
674,pending_top_up,pending_top_up,True,0.4065,pending_transfer,0.029,top_up_failed,0.0287,False,,"Hi. I'm a new customer to your system and I think something isn't working right - or maybe it is. Maybe you can confirm. I tried to top up today (my first time ever) and it's been stuck at ""pending"" for over an hour now. Is it supposed to do this or is there something wrong in the system?"
675,pending_top_up,pending_top_up,True,0.6341,pending_card_payment,0.1743,pending_transfer,0.1177,False,,Why is my top-up still pending?
676,pending_top_up,top_up_by_card_charge,False,0.1298,card_not_working,0.124,pending_top_up,0.1165,False,,Topping up my card is not working because I believe the top up is pending
677,pending_top_up,pending_top_up,True,0.0747,top_up_failed,0.0405,request_refund,0.033,False,,When will my top-up process?
678,pending_top_up,pending_top_up,True,0.2839,pending_card_payment,0.0833,pending_transfer,0.0753,False,,"The top-up has a definite problem! I regularly use your service and haven't had a problem before, but now the top-up just shows pending. Please tell my why it continues to show pending."
679,pending_top_up,pending_top_up,True,0.2416,pending_cash_withdrawal,0.0471,pending_card_payment,0.0378,False,,"I tried topping up but my funds seem to be pending. I want to buy something right now, what do I do?"
680,cancel_transfer,cancel_transfer,True,0.4348,transaction_charged_twice,0.0244,transfer_not_received_by_recipient,0.0241,True,transaction|revert|morning|transaction morning|like,I made a transaction this morning and would like to revert it.
681,cancel_transfer,cancel_transfer,True,0.4442,extra_charge_on_statement,0.0699,request_refund,0.0588,False,,Can i cancel a charge?
682,cancel_transfer,cancel_transfer,True,0.9085,request_refund,0.0108,transfer_not_received_by_recipient,0.0082,False,,Can I cancel my transaction?
683,cancel_transfer,cancel_transfer,True,0.5787,transfer_not_received_by_recipient,0.0283,top_up_reverted,0.0214,False,,I made a transaction but did it to the wrong account.
684,cancel_transfer,cancel_transfer,True,0.7294,failed_transfer,0.0247,declined_transfer,0.0241,False,,Tell me how to cancel a transfer.
685,cancel_transfer,cancel_transfer,True,0.9488,transfer_not_received_by_recipient,0.0029,beneficiary_not_allowed,0.0028,False,,I need you to cancel a transfer that I made.  It is the wrong account number and the app won't let me stop the transaction.  Please stop it!
686,cancel_transfer,cancel_transfer,True,0.7126,request_refund,0.0117,pending_transfer,0.0098,False,,"I need to cancel my recent transfer immediately, I made a mistake there, please help quickly before it goes through"
687,cancel_transfer,cancel_transfer,True,0.5954,transfer_not_received_by_recipient,0.0217,top_up_reverted,0.0189,False,,I would like to revert a transaction I did this morning
688,cancel_transfer,cancel_transfer,True,0.5936,direct_debit_payment_not_recognised,0.0281,transfer_not_received_by_recipient,0.0246,False,,If I make a transaction can I cancel it?
689,cancel_transfer,cancel_transfer,True,0.8563,declined_transfer,0.0148,failed_transfer,0.0119,False,,How can I cancel a transfer?
690,cancel_transfer,cancel_transfer,True,0.6697,declined_transfer,0.0216,failed_transfer,0.0164,False,,Is there any way to cancel a transfer?
691,cancel_transfer,cancel_transfer,True,0.7258,transfer_not_received_by_recipient,0.0164,transaction_charged_twice,0.0141,False,,I accidentally made a transaction to the wrong account.
692,cancel_transfer,cancel_transfer,True,0.5334,request_refund,0.0422,failed_transfer,0.0215,False,,I want to cancel a transfer right away! Can you help?
693,cancel_transfer,cancel_transfer,True,0.7663,request_refund,0.0194,transfer_not_received_by_recipient,0.0123,False,,Help me cancel my transaction
694,cancel_transfer,cancel_transfer,True,0.2418,card_payment_not_recognised,0.0768,pending_card_payment,0.0448,False,,"This is URGENT, I typed the wrong payment information for a payment I needed to make and have clicked send, I need to reverse the transaction immediately."
695,cancel_transfer,cancel_transfer,True,0.8563,declined_transfer,0.0148,failed_transfer,0.0119,False,,Can I cancel a transfer
696,cancel_transfer,cancel_transfer,True,0.2455,transaction_charged_twice,0.0573,request_refund,0.046,False,,I want to reverse my transaction from earlier
697,cancel_transfer,cancel_transfer,True,0.6284,transfer_not_received_by_recipient,0.0166,transaction_charged_twice,0.0144,False,,Is there a way to revert my transaction from this morning?
698,cancel_transfer,cancel_transfer,True,0.7447,request_refund,0.0317,declined_transfer,0.0137,False,,I'd like to cancel a transfer
699,cancel_transfer,cancel_transfer,True,0.6318,declined_transfer,0.0259,pending_transfer,0.0227,False,,Can I cancel a transfer if is already processed?
700,cancel_transfer,cancel_transfer,True,0.8197,request_refund,0.0264,transfer_not_received_by_recipient,0.0133,False,,I transferred the wrong amount and would like to cancel the transaction.
701,cancel_transfer,failed_transfer,False,0.1124,cancel_transfer,0.1053,balance_not_updated_after_bank_transfer,0.0652,False,,I made a mistake when I did a transfer so now what can I do to fix that?
702,cancel_transfer,cancel_transfer,True,0.8902,request_refund,0.0131,transfer_not_received_by_recipient,0.0059,False,,I need to cancel an incorrect transaction.
703,cancel_transfer,cancel_transfer,True,0.8563,declined_transfer,0.0148,failed_transfer,0.0119,False,,How do I cancel my transfer?
704,cancel_transfer,cancel_transfer,True,0.5897,transfer_not_received_by_recipient,0.0654,transaction_charged_twice,0.0582,False,,I made a mistake with a transaction!
705,cancel_transfer,cancel_transfer,True,0.2304,transfer_not_received_by_recipient,0.0417,transaction_charged_twice,0.0405,False,,I submitted a transaction to the incorrect account.
706,cancel_transfer,cancel_transfer,True,0.7,top_up_reverted,0.0194,request_refund,0.0153,False,,The transfer I just made needs to be cancelled right now. It was my mistake. Please help me cancel it before it goes through!
707,cancel_transfer,cancel_transfer,True,0.1285,top_up_reverted,0.0345,top_up_failed,0.0327,False,,I want to go back on what I did this morning
708,cancel_transfer,cancel_transfer,True,0.2054,top_up_reverted,0.1186,transfer_not_received_by_recipient,0.0603,False,,Can a transaction be cancelled?
709,cancel_transfer,cancel_transfer,True,0.9085,request_refund,0.0108,transfer_not_received_by_recipient,0.0082,False,,How do i cancel my transaction?
710,cancel_transfer,cancel_transfer,True,0.2674,transfer_not_received_by_recipient,0.0768,top_up_reverted,0.0506,False,,My transaction needs to be canceled.
711,cancel_transfer,cancel_transfer,True,0.0725,failed_transfer,0.0402,transfer_timing,0.035,False,,I need to make an immediate cancellation related to a transfer. This was a mistake. Please assist quickly so this does not actually go through.
712,cancel_transfer,cancel_transfer,True,0.9366,request_refund,0.007,direct_debit_payment_not_recognised,0.0031,False,,I made a mistake and need to cancel a transaction
713,cancel_transfer,cancel_transfer,True,0.1421,card_payment_not_recognised,0.0468,reverted_card_payment?,0.0348,False,,I made an error in payment yesterday and I need it fixed asap because it's for my rent tomorrow.
714,cancel_transfer,cancel_transfer,True,0.8563,declined_transfer,0.0148,failed_transfer,0.0119,False,,Cancel my last transfer
715,cancel_transfer,cancel_transfer,True,0.7179,top_up_reverted,0.0161,request_refund,0.0118,False,,"My recent transfer needs to be cancelled immediately; it was a mistake, please can you cancel it before it goes through?"
716,cancel_transfer,cancel_transfer,True,0.319,request_refund,0.0311,transfer_not_received_by_recipient,0.0303,False,,I need help cancelling a transaction.
717,cancel_transfer,cancel_transfer,True,0.1199,request_refund,0.0636,transfer_not_received_by_recipient,0.0622,False,,I don't want the transaction to go through now
718,cancel_transfer,pending_card_payment,False,0.1445,reverted_card_payment?,0.1341,card_payment_not_recognised,0.1308,True,payment|payment payment|correct|change|payment correct,Can I change the amount I made on a payment that I made to the payment is correct.
719,cancel_transfer,cancel_transfer,True,0.7989,request_refund,0.0237,direct_debit_payment_not_recognised,0.0086,False,,Please help me!  I need to cancel a transaction.
720,top_up_limits,top_up_limits,True,0.8487,age_limit,0.0106,disposable_card_limits,0.0079,False,,can you limit my top up?
721,top_up_limits,cash_withdrawal_charge,False,0.0825,transfer_fee_charged,0.0734,request_refund,0.0566,False,,Am I free to top-up as much as I want?
722,top_up_limits,top_up_limits,True,0.2044,age_limit,0.0871,terminate_account,0.0317,False,,Is there a top up limit for my account?
723,top_up_limits,top_up_limits,True,0.8487,age_limit,0.0106,disposable_card_limits,0.0079,False,,What is the limit to top up?
724,top_up_limits,verify_source_of_funds,False,0.1654,transfer_not_received_by_recipient,0.1268,declined_cash_withdrawal,0.0722,False,,How much money can i top up?
725,top_up_limits,disposable_card_limits,False,0.0687,country_support,0.0289,beneficiary_not_allowed,0.0242,False,,What are the restrictions to top-offs?
726,top_up_limits,top_up_limits,True,0.1254,top_up_by_card_charge,0.0567,top_up_reverted,0.0391,False,,Are the top-ups limited?
727,top_up_limits,top_up_limits,True,0.8487,age_limit,0.0106,disposable_card_limits,0.0079,True,limit,what is the top up limit
728,top_up_limits,top_up_limits,True,0.8023,top_up_by_card_charge,0.0087,automatic_top_up,0.0077,False,,I need to find out what is the limit for top-ups.
729,top_up_limits,top_up_limits,True,0.8447,top_up_by_card_charge,0.008,automatic_top_up,0.0074,False,,Do you have a limit to top ups?
730,top_up_limits,top_up_limits,True,0.3435,card_arrival,0.0198,automatic_top_up,0.0182,False,,What is maximum top up?
731,top_up_limits,top_up_limits,True,0.7931,top_up_reverted,0.0087,automatic_top_up,0.007,False,,How can I tell what the limit is to top-ups?
732,top_up_limits,top_up_limits,True,0.8487,age_limit,0.0106,disposable_card_limits,0.0079,False,,Is there a limit to top-up amounts?
733,top_up_limits,top_up_limits,True,0.1218,card_linking,0.0584,automatic_top_up,0.0345,False,,Is there any limit to the amount I can add to a card at a time?
734,top_up_limits,top_up_limits,True,0.1161,request_refund,0.0362,top_up_reverted,0.0257,False,,I want to know if there is a maximum I can top up.
735,top_up_limits,top_up_limits,True,0.8487,age_limit,0.0106,disposable_card_limits,0.0079,False,,What is the limit to a top-up?
736,top_up_limits,top_up_limits,True,0.1848,disposable_card_limits,0.0303,top_up_failed,0.03,False,,Tell me if there are any top-up limits?
737,top_up_limits,top_up_limits,True,0.8487,age_limit,0.0106,disposable_card_limits,0.0079,False,,How can I top-up my limit?
738,top_up_limits,top_up_limits,True,0.8447,top_up_by_card_charge,0.008,automatic_top_up,0.0074,False,,Is there a limit to top-ups?
739,top_up_limits,request_refund,False,0.1479,terminate_account,0.1158,supported_cards_and_currencies,0.0388,False,,Can I top-up as much as I want?
740,top_up_limits,top_up_limits,True,0.442,top_up_reverted,0.0231,pending_top_up,0.0175,False,,Can you tell me the limits for top ups?
741,top_up_limits,top_up_limits,True,0.4817,disposable_card_limits,0.0394,pending_top_up,0.012,False,,When I top up what are the amoutn limits.
742,top_up_limits,top_up_limits,True,0.8447,top_up_by_card_charge,0.008,automatic_top_up,0.0074,False,,Is there a limit on top-ups?
743,top_up_limits,top_up_limits,True,0.9329,top_up_by_card_charge,0.0058,automatic_top_up,0.0048,False,,What is the top-ups limit?
744,top_up_limits,top_up_limits,True,0.6228,top_up_by_card_charge,0.0178,top_up_reverted,0.0146,False,,Are there limits to top-ups?
745,top_up_limits,top_up_limits,True,0.5112,top_up_by_card_charge,0.0223,top_up_reverted,0.0189,False,,Is there a maximum amount of top-ups?
746,top_up_limits,top_up_limits,True,0.8487,age_limit,0.0106,disposable_card_limits,0.0079,False,,Do you have a top-up limit?
747,top_up_limits,top_up_limits,True,0.8487,age_limit,0.0106,disposable_card_limits,0.0079,False,,What's the top up limit?
748,top_up_limits,top_up_limits,True,0.8487,age_limit,0.0106,disposable_card_limits,0.0079,False,,What is the limit to top-up?
749,top_up_limits,card_delivery_estimate,False,0.054,card_arrival,0.0328,getting_spare_card,0.0308,False,,How much can I top-up to my card at a time?
750,top_up_limits,pending_top_up,False,0.0265,top_up_failed,0.0258,top_up_reverted,0.0243,False,,how much can i top up?
751,top_up_limits,pending_top_up,False,0.0265,top_up_failed,0.0258,top_up_reverted,0.0243,False,,what is the most i can top up?
752,top_up_limits,top_up_limits,True,0.3369,age_limit,0.0238,automatic_top_up,0.0201,False,,Is there a limit to how high I can top-up?
753,top_up_limits,top_up_limits,True,0.8487,age_limit,0.0106,disposable_card_limits,0.0079,False,,Is there an amount limit to my top-up?
754,top_up_limits,top_up_limits,True,0.8447,top_up_by_card_charge,0.008,automatic_top_up,0.0074,False,,Is there a limit for top-ups?
755,top_up_limits,top_up_limits,True,0.3435,card_arrival,0.0198,automatic_top_up,0.0182,False,,Is there a maximum i can top up?
756,top_up_limits,top_up_limits,True,0.5584,top_up_failed,0.016,top_up_reverted,0.0124,False,,How can I tell if there is a top-up limit?
757,top_up_limits,disposable_card_limits,False,0.0687,country_support,0.0289,beneficiary_not_allowed,0.0242,False,,Do you have any restrictions to my top-up?
758,top_up_limits,top_up_limits,True,0.6228,top_up_by_card_charge,0.0178,top_up_reverted,0.0146,False,,As for limits are top ups included?
759,top_up_limits,top_up_limits,True,0.4817,disposable_card_limits,0.0394,pending_top_up,0.012,False,,What are the top-up limits?
760,wrong_amount_of_cash_received,wrong_amount_of_cash_received,True,0.339,declined_cash_withdrawal,0.0615,cash_withdrawal_charge,0.0277,False,,"I don't know if this is an issue with the ATM or my account, but I just tried withdrawing 30 pounds from the ATM I'm at now and it only gave me 10. Is this a glitch or what exactly is going on?"
761,wrong_amount_of_cash_received,wrong_amount_of_cash_received,True,0.7531,declined_cash_withdrawal,0.0369,wrong_exchange_rate_for_cash_withdrawal,0.0145,False,,I didn't get all the cash I requested for at the ATM
762,wrong_amount_of_cash_received,wrong_amount_of_cash_received,True,0.749,declined_cash_withdrawal,0.0493,cash_withdrawal_charge,0.0141,False,,How come the ATM gave me less cash than what I asked for?
763,wrong_amount_of_cash_received,wrong_amount_of_cash_received,True,0.2316,cash_withdrawal_charge,0.0778,cash_withdrawal_not_recognised,0.0733,False,,Why did I not get my cash back after I withdrew?
764,wrong_amount_of_cash_received,wrong_amount_of_cash_received,True,0.5052,declined_cash_withdrawal,0.0581,wrong_exchange_rate_for_cash_withdrawal,0.0477,False,,I got less cash than the one I specified in the ATM
765,wrong_amount_of_cash_received,wrong_amount_of_cash_received,True,0.382,wrong_exchange_rate_for_cash_withdrawal,0.0589,top_up_by_cash_or_cheque,0.0274,False,,The amount of cash I received was incorrect
766,wrong_amount_of_cash_received,wrong_amount_of_cash_received,True,0.6208,cash_withdrawal_charge,0.0229,declined_cash_withdrawal,0.0204,False,,I'm at an ATM and withdrew 30 pounds and was only given 10. What should I do?
767,wrong_amount_of_cash_received,wrong_amount_of_cash_received,True,0.6533,cash_withdrawal_not_recognised,0.0346,declined_cash_withdrawal,0.032,False,,The ATM gave me the wrong amount of cash today when I went to withdraw. The app says it was more.
768,wrong_amount_of_cash_received,wrong_amount_of_cash_received,True,0.7037,wrong_exchange_rate_for_cash_withdrawal,0.0195,declined_cash_withdrawal,0.0151,False,,The amount of cash I received was different than what I requested.
769,wrong_amount_of_cash_received,wrong_amount_of_cash_received,True,0.4615,cash_withdrawal_not_recognised,0.0619,pending_cash_withdrawal,0.0534,False,,"Hi. I just withdrew cash from an ATM and received the wrong amount. However, my app shows the correct amount I withdrew. How do I get the rest of the cash?"
770,wrong_amount_of_cash_received,wrong_amount_of_cash_received,True,0.4236,declined_cash_withdrawal,0.0627,cash_withdrawal_not_recognised,0.05,False,,"The wrong amount of cash came out of the ATM today when I went to withdraw. When I looked at the app, it was showing it was much more."
771,wrong_amount_of_cash_received,wrong_amount_of_cash_received,True,0.73,declined_cash_withdrawal,0.0401,cash_withdrawal_charge,0.02,False,,I did not get as much cash as I requested at the ATM.
772,wrong_amount_of_cash_received,wrong_amount_of_cash_received,True,0.5762,declined_cash_withdrawal,0.0312,cash_withdrawal_not_recognised,0.0255,False,,"How can I request cash back? The ATM just gave me the wrong amount, the app shows the amount that I've been actually charged though..."
773,wrong_amount_of_cash_received,cash_withdrawal_not_recognised,False,0.1347,top_up_reverted,0.0433,exchange_via_app,0.0314,False,,Where is the money I pushed it's on my mobile app as being withdrawn.
774,wrong_amount_of_cash_received,wrong_amount_of_cash_received,True,0.6262,cash_withdrawal_not_recognised,0.0282,balance_not_updated_after_cheque_or_cash_deposit,0.0183,False,,Why did I not get all the cash I asked for?
775,wrong_amount_of_cash_received,declined_cash_withdrawal,False,0.3886,pending_cash_withdrawal,0.3286,cash_withdrawal_not_recognised,0.1611,False,,My cash withdrawal was partly declined
776,wrong_amount_of_cash_received,wrong_amount_of_cash_received,True,0.5989,top_up_failed,0.0203,top_up_reverted,0.0176,True,20|100|did|did 20|tried,Why did I only get $20 when I tried to get $100
777,wrong_amount_of_cash_received,wrong_amount_of_cash_received,True,0.49,cash_withdrawal_not_recognised,0.1334,declined_cash_withdrawal,0.0469,False,,I have withdrawn cash from ATM but i received the wrong amount. I want cash back as in app its showing actual amount which i got. Please help me in this.
778,wrong_amount_of_cash_received,wrong_amount_of_cash_received,True,0.6523,declined_cash_withdrawal,0.0407,cash_withdrawal_not_recognised,0.0352,False,,"I went to withdraw some cash earlier today, but seems the ATM gave me the wrong amount of cash! The amount showing up in the app is a lot more"
779,wrong_amount_of_cash_received,wrong_amount_of_cash_received,True,0.6116,top_up_failed,0.0141,activate_my_card,0.0137,False,,I tried to get $100 but I just got $20
780,wrong_amount_of_cash_received,wrong_amount_of_cash_received,True,0.2159,wrong_exchange_rate_for_cash_withdrawal,0.0682,top_up_by_cash_or_cheque,0.0435,False,,I have not received the amount of cash i was supposed to.
781,wrong_amount_of_cash_received,wrong_amount_of_cash_received,True,0.854,cash_withdrawal_charge,0.0056,declined_cash_withdrawal,0.0055,False,,I asked for $100 cash but only got $20?
782,wrong_amount_of_cash_received,wrong_amount_of_cash_received,True,0.5716,top_up_reverted,0.0179,transfer_not_received_by_recipient,0.0133,False,,Where is the money that I asked for? I asked for more than I got!
783,wrong_amount_of_cash_received,cash_withdrawal_charge,False,0.0854,cash_withdrawal_not_recognised,0.0424,wrong_amount_of_cash_received,0.0389,False,,I withdrew money but the full amount wasn't dispensed.
784,wrong_amount_of_cash_received,wrong_amount_of_cash_received,True,0.0845,top_up_reverted,0.0538,cash_withdrawal_not_recognised,0.0498,False,,Something went wrong with my withdrawal. The amount of money isn't right.
785,wrong_amount_of_cash_received,wrong_amount_of_cash_received,True,0.4862,cash_withdrawal_not_recognised,0.041,declined_cash_withdrawal,0.036,False,,I have got out the wrong amount from an ATM. Please tell me the process to get the cash back as in app its showing the amount i have been actually received.
786,wrong_amount_of_cash_received,wrong_amount_of_cash_received,True,0.8156,top_up_reverted,0.0051,top_up_failed,0.0047,False,,I asked for 100 but only got 20.
787,wrong_amount_of_cash_received,wrong_amount_of_cash_received,True,0.4941,wrong_exchange_rate_for_cash_withdrawal,0.0346,cash_withdrawal_not_recognised,0.0336,False,,I didn't receive the right amount of cash back
788,wrong_amount_of_cash_received,wrong_amount_of_cash_received,True,0.9013,declined_cash_withdrawal,0.0198,cash_withdrawal_charge,0.007,False,,The ATM gave me less cash than I requested
789,wrong_amount_of_cash_received,wrong_amount_of_cash_received,True,0.8255,declined_cash_withdrawal,0.0292,cash_withdrawal_charge,0.012,False,,"I didn't get as much cash as I asked for from the ATM, why?"
790,wrong_amount_of_cash_received,wrong_amount_of_cash_received,True,0.8218,cash_withdrawal_charge,0.0093,declined_cash_withdrawal,0.0092,False,,What do I do if the ATM didn't give me the correct amount I withdrew? I pulled out 30 pounds and the ATM gave me 10 pounds.
791,wrong_amount_of_cash_received,declined_cash_withdrawal,False,0.1154,wrong_amount_of_cash_received,0.112,balance_not_updated_after_cheque_or_cash_deposit,0.0441,False,,"I tried to take out cash but the amount isn't right, so what do I do?"
792,wrong_amount_of_cash_received,wrong_amount_of_cash_received,True,0.6105,cash_withdrawal_not_recognised,0.0256,wrong_exchange_rate_for_cash_withdrawal,0.0181,False,,I didn't receive all the cash I asked for
793,wrong_amount_of_cash_received,wrong_amount_of_cash_received,True,0.5197,top_up_failed,0.0168,top_up_reverted,0.0152,False,,I just got $20 when I tried to get $100
794,wrong_amount_of_cash_received,wrong_amount_of_cash_received,True,0.2492,transfer_not_received_by_recipient,0.0873,balance_not_updated_after_cheque_or_cash_deposit,0.0431,False,,The right amount of cash was not sent to me.
795,wrong_amount_of_cash_received,wrong_amount_of_cash_received,True,0.5428,declined_cash_withdrawal,0.0675,cash_withdrawal_not_recognised,0.046,False,,The ATM didn't give me the the withdraw amount requested.
796,wrong_amount_of_cash_received,wrong_amount_of_cash_received,True,0.4406,top_up_reverted,0.0475,transfer_not_received_by_recipient,0.0316,False,,Why did I get less money than I asked for?
797,wrong_amount_of_cash_received,wrong_amount_of_cash_received,True,0.3874,declined_cash_withdrawal,0.0565,wrong_exchange_rate_for_cash_withdrawal,0.0452,False,,I didn't get the right amount at the ATM.
798,wrong_amount_of_cash_received,wrong_amount_of_cash_received,True,0.4169,cash_withdrawal_not_recognised,0.1583,pending_cash_withdrawal,0.1017,False,,did not receive correct cash upon withdrawal
799,wrong_amount_of_cash_received,declined_cash_withdrawal,False,0.4666,declined_transfer,0.0645,top_up_reverted,0.0399,False,,Will declined funds I tried to withdraw be returned to me?
800,card_payment_fee_charged,card_payment_fee_charged,True,0.6279,extra_charge_on_statement,0.0982,cash_withdrawal_charge,0.0848,False,,I payed with a card and was charged an extra fee
801,card_payment_fee_charged,card_payment_fee_charged,True,0.8446,cash_withdrawal_charge,0.0358,transfer_fee_charged,0.0282,False,,I was charged a fee after using my card and I shouldn't have been.
802,card_payment_fee_charged,card_payment_fee_charged,True,0.8358,cash_withdrawal_charge,0.0447,transfer_fee_charged,0.0337,False,,Is there a reason I was charged a fee for using my card as payment? I've never had an extra fee before.
803,card_payment_fee_charged,compromised_card,False,0.1005,top_up_by_card_charge,0.0911,card_payment_fee_charged,0.0529,False,,"I show another charge on my card from when I used it, why?"
804,card_payment_fee_charged,card_payment_fee_charged,True,0.5273,transfer_fee_charged,0.1035,cash_withdrawal_charge,0.0319,False,,"Why do I get charged additional fees on some payments, but not others?"
805,card_payment_fee_charged,card_payment_fee_charged,True,0.7392,transfer_fee_charged,0.057,cash_withdrawal_charge,0.0377,False,,I used my card for a purchase and was charged a fee
806,card_payment_fee_charged,declined_card_payment,False,0.1593,reverted_card_payment?,0.1529,card_payment_fee_charged,0.1506,False,,Why was I charged for card payment?
807,card_payment_fee_charged,card_payment_fee_charged,True,0.2133,transfer_fee_charged,0.1487,cash_withdrawal_charge,0.0861,False,,There is an unauthorized fee.
808,card_payment_fee_charged,card_payment_fee_charged,True,0.1954,extra_charge_on_statement,0.0915,card_payment_not_recognised,0.0553,False,,I would appreciate that someone let me know when there is an extra charge for payments. I was checking the app earlier and saying a charge on one of my payments that was additional that no one made me aware of before.
809,card_payment_fee_charged,card_payment_fee_charged,True,0.884,extra_charge_on_statement,0.026,cash_withdrawal_charge,0.0249,False,,Why was I charged an extra fee when paying with my card?
810,card_payment_fee_charged,card_payment_fee_charged,True,0.4087,extra_charge_on_statement,0.0234,exchange_charge,0.0207,True,paid card|extra|paid|pay|did pay,Why did I have to pay extra because I paid with card?
811,card_payment_fee_charged,card_payment_fee_charged,True,0.3513,top_up_by_card_charge,0.2622,order_physical_card,0.0448,False,,Why are there fees for card usage?
812,card_payment_fee_charged,extra_charge_on_statement,False,0.0577,direct_debit_payment_not_recognised,0.0517,card_payment_not_recognised,0.0504,False,,im not sure what this charge is for
813,card_payment_fee_charged,card_payment_fee_charged,True,0.487,transfer_fee_charged,0.0675,declined_card_payment,0.0525,False,,What is the fee charged with this card payment?
814,card_payment_fee_charged,card_payment_fee_charged,True,0.6287,extra_charge_on_statement,0.172,cash_withdrawal_charge,0.0764,False,,When would my card be charged an extra fee for a transaction?
815,card_payment_fee_charged,card_payment_fee_charged,True,0.0945,card_acceptance,0.0681,declined_card_payment,0.0582,False,,Why did I have to pay more when I do it with my card?
816,card_payment_fee_charged,card_payment_fee_charged,True,0.3217,reverted_card_payment?,0.0891,pending_card_payment,0.0773,False,,I made a card payment and a fee is showing up?
817,card_payment_fee_charged,card_payment_fee_charged,True,0.9135,transfer_fee_charged,0.0156,cash_withdrawal_charge,0.012,False,,I have been charged a fee for paying with card
818,card_payment_fee_charged,card_payment_fee_charged,True,0.637,declined_card_payment,0.0774,reverted_card_payment?,0.0738,False,,What is the fee on my card payment?
819,card_payment_fee_charged,card_payment_fee_charged,True,0.8902,transfer_fee_charged,0.0163,cash_withdrawal_charge,0.0149,False,,Why would I be charged a fee for card payment?
820,card_payment_fee_charged,card_payment_fee_charged,True,0.8982,cash_withdrawal_charge,0.0262,transfer_fee_charged,0.0166,False,,Will I always be charged a fee for using my card?
821,card_payment_fee_charged,card_payment_fee_charged,True,0.1864,transfer_fee_charged,0.0437,cash_withdrawal_charge,0.0403,False,,"Can I check somewhere if there will be a fee on my payment or not? Seems you are charging in some cases, what's the pattern there?"
822,card_payment_fee_charged,card_payment_fee_charged,True,0.8527,transfer_fee_charged,0.0102,cash_withdrawal_charge,0.0068,False,,Paying in card resulted in a fee
823,card_payment_fee_charged,card_payment_fee_charged,True,0.3568,transfer_fee_charged,0.0371,compromised_card,0.032,False,,I paid with card and I think there was a fee applied.
824,card_payment_fee_charged,transfer_fee_charged,False,0.0958,card_payment_fee_charged,0.0814,cash_withdrawal_charge,0.0434,False,,So what items  actually come  with  extra  fees
825,card_payment_fee_charged,card_payment_fee_charged,True,0.7379,cash_withdrawal_charge,0.0566,transfer_fee_charged,0.036,False,,How do I avoid getting charged a fee on my card?
826,card_payment_fee_charged,card_payment_fee_charged,True,0.5775,card_acceptance,0.0572,transfer_fee_charged,0.034,False,,Is there a fee when you pay with your card?
827,card_payment_fee_charged,card_payment_fee_charged,True,0.9135,transfer_fee_charged,0.0156,cash_withdrawal_charge,0.012,False,,I have been charged with a fee for paying with my card.
828,card_payment_fee_charged,card_payment_fee_charged,True,0.2979,transfer_fee_charged,0.1072,cash_withdrawal_charge,0.0763,False,,For the first time I got a fee on my account. How do I know when you charge these fees?
829,card_payment_fee_charged,card_payment_not_recognised,False,0.1407,card_payment_fee_charged,0.0945,extra_charge_on_statement,0.06,False,,Someone needs to make me aware when there are extra charges for payments. I happened to be looking at the app earlier and noticed a charge associated to a payment that was extra that no one made me aware of before at all.
830,card_payment_fee_charged,compromised_card,False,0.1475,card_payment_fee_charged,0.1095,top_up_by_card_charge,0.1086,False,,Is using my card free?
831,card_payment_fee_charged,card_payment_fee_charged,True,0.847,cash_withdrawal_charge,0.0552,extra_charge_on_statement,0.0296,False,,Why was I charged an extra fee when using a card?
832,card_payment_fee_charged,card_payment_fee_charged,True,0.3743,compromised_card,0.1138,top_up_by_card_charge,0.0943,False,,What fees apply when using a card?
833,card_payment_fee_charged,transaction_charged_twice,False,0.1987,card_payment_not_recognised,0.0615,card_payment_fee_charged,0.0568,False,,Why do you charge for payments? Why aren't your charges clearly laid out in the agreement?
834,card_payment_fee_charged,card_payment_fee_charged,True,0.8693,transfer_fee_charged,0.0234,cash_withdrawal_charge,0.0183,False,,Why was I charged a fee when I paid with card?
835,card_payment_fee_charged,card_payment_fee_charged,True,0.1739,transfer_fee_charged,0.1483,cash_withdrawal_charge,0.0763,False,,There is a fee on my account. Why?
836,card_payment_fee_charged,card_payment_fee_charged,True,0.3168,top_up_by_card_charge,0.0893,card_payment_not_recognised,0.0671,False,,Why do you charge fees on card payments?
837,card_payment_fee_charged,card_payment_fee_charged,True,0.8902,transfer_fee_charged,0.0163,cash_withdrawal_charge,0.0149,False,,I was charged a fee for a card payment. Why?
838,card_payment_fee_charged,card_payment_fee_charged,True,0.8982,cash_withdrawal_charge,0.0262,transfer_fee_charged,0.0166,False,,Why was a charged a fee for using the card?
839,card_payment_fee_charged,card_payment_fee_charged,True,0.7012,transaction_charged_twice,0.0218,cash_withdrawal_charge,0.0121,False,,They charged me for paying with my card.
840,transfer_not_received_by_recipient,transfer_not_received_by_recipient,True,0.4329,pending_transfer,0.0418,balance_not_updated_after_bank_transfer,0.0382,False,,"I completed an in country transfer a few days ago and was sure to check the account information several times since the transaction was completed, but the funds are still not available. What is the problem?"
841,transfer_not_received_by_recipient,transfer_not_received_by_recipient,True,0.3662,pending_transfer,0.112,balance_not_updated_after_bank_transfer,0.0631,False,,My money transfer has not arrived.
842,transfer_not_received_by_recipient,transfer_not_received_by_recipient,True,0.4587,pending_top_up,0.0537,pending_transfer,0.0241,False,,I am still waiting for a transaction to be completed
843,transfer_not_received_by_recipient,transfer_not_received_by_recipient,True,0.8502,cancel_transfer,0.0095,transaction_charged_twice,0.0075,False,,I made a money transaction but the recipient can't see it
844,transfer_not_received_by_recipient,receiving_money,False,0.1014,wrong_amount_of_cash_received,0.052,transfer_not_received_by_recipient,0.0514,False,,I tried to send someone money but they haven't received it.
845,transfer_not_received_by_recipient,transfer_not_received_by_recipient,True,0.3288,transfer_timing,0.1921,pending_transfer,0.0752,False,,How long does it take for a transfer to get to a recipient?
846,transfer_not_received_by_recipient,transfer_not_received_by_recipient,True,0.8502,cancel_transfer,0.0095,transaction_charged_twice,0.0075,False,,How can the recipient see my money transaction?
847,transfer_not_received_by_recipient,transfer_not_received_by_recipient,True,0.5481,balance_not_updated_after_bank_transfer,0.0893,transfer_fee_charged,0.0237,True,recipient|arrived|transferred|transferred money|money,I transferred money but the recipient says it has not arrived. Why would this be?
848,transfer_not_received_by_recipient,balance_not_updated_after_bank_transfer,False,0.3458,transfer_not_received_by_recipient,0.2013,failed_transfer,0.0565,False,,The transfer I did hasn't arrived
849,transfer_not_received_by_recipient,transfer_timing,False,0.1614,balance_not_updated_after_bank_transfer,0.0569,transfer_not_received_by_recipient,0.0566,False,,how long do money transfers take?
850,transfer_not_received_by_recipient,transfer_not_received_by_recipient,True,0.3598,balance_not_updated_after_bank_transfer,0.2495,transfer_fee_charged,0.0503,False,,I transferred some money and it didint arrive
851,transfer_not_received_by_recipient,failed_transfer,False,0.1037,pending_transfer,0.0736,balance_not_updated_after_bank_transfer,0.07,False,,Where is the transfer I started?
852,transfer_not_received_by_recipient,top_up_failed,False,0.3284,failed_transfer,0.1097,transfer_not_received_by_recipient,0.087,False,,transaction failed?
853,transfer_not_received_by_recipient,transfer_not_received_by_recipient,True,0.2163,top_up_reverted,0.0305,getting_spare_card,0.023,False,,"I just finished sending money, but it's not logging on the recipient side."
854,transfer_not_received_by_recipient,transfer_not_received_by_recipient,True,0.8747,pending_top_up,0.0071,pending_transfer,0.0055,False,,I completed a money transaction but the recipient hasn't received it
855,transfer_not_received_by_recipient,pending_transfer,False,0.2544,balance_not_updated_after_bank_transfer,0.1447,transfer_not_received_by_recipient,0.1164,False,,The receipient doesn't see my money transfer.
856,transfer_not_received_by_recipient,transfer_not_received_by_recipient,True,0.6858,balance_not_updated_after_bank_transfer,0.0192,card_payment_not_recognised,0.0185,False,,"I transferred the rent payment for my new place a couple days ago but the landlord says it's not there yet, despite showing up as done on my side. I checked the account number I sent it to and it's definitely correct. Can you please verify if the transaction really went through or not?"
857,transfer_not_received_by_recipient,failed_transfer,False,0.2486,cancel_transfer,0.0498,transfer_timing,0.0476,False,,I need to find out why my transfer didn't get there.
858,transfer_not_received_by_recipient,transfer_not_received_by_recipient,True,0.1111,edit_personal_details,0.0727,card_arrival,0.0449,False,,"I've just moved address from a place in Durham to a place in Walton-On-The-Naze.  I have a new landlord at my new house and they haven't got my payment but I know I sent it on time, can you check they got it please?"
859,transfer_not_received_by_recipient,transfer_not_received_by_recipient,True,0.4962,card_arrival,0.0531,balance_not_updated_after_cheque_or_cash_deposit,0.0284,False,,I sent money.  They haven't received it.
860,transfer_not_received_by_recipient,transfer_not_received_by_recipient,True,0.2006,failed_transfer,0.0719,wrong_amount_of_cash_received,0.0384,False,,"Hey, I need some help figuring out way my transfer is not complete yet. My Landlord hasn't got the money yet.She should have received it by now."
861,transfer_not_received_by_recipient,transfer_not_received_by_recipient,True,0.5252,pending_transfer,0.0249,pending_top_up,0.021,False,,"The day before yesterday, I performed a transfer which was within this country. It still hasn't gone through. Can you check on that? The account number is definitely correct, as I've checked and double checked."
862,transfer_not_received_by_recipient,transfer_not_received_by_recipient,True,0.6367,balance_not_updated_after_bank_transfer,0.0797,pending_transfer,0.0503,False,,"I'm having a problem with a money transfer.  I sent some money to a friend a couple of hours ago, and they haven't received it yet.  Why hasn't it gotten to them? How long do transfers need to go through?"
863,transfer_not_received_by_recipient,transfer_fee_charged,False,0.1682,balance_not_updated_after_bank_transfer,0.1032,transfer_not_received_by_recipient,0.0671,False,,I transferred some money but the receiver can't pick it up for some reason.
864,transfer_not_received_by_recipient,transfer_not_received_by_recipient,True,0.7385,cancel_transfer,0.0202,transaction_charged_twice,0.0171,False,,Where is the transaction I made to a friend?
865,transfer_not_received_by_recipient,transfer_not_received_by_recipient,True,0.6892,cancel_transfer,0.0144,transaction_charged_twice,0.0132,False,,My friend still hasn't gotten a transaction I made.
866,transfer_not_received_by_recipient,transfer_not_received_by_recipient,True,0.2365,pending_top_up,0.0415,cancel_transfer,0.0396,False,,Im waiting for my transaction to go through.
867,transfer_not_received_by_recipient,transfer_not_received_by_recipient,True,0.1686,pending_transfer,0.1245,pending_top_up,0.1226,False,,I made a transaction and it is taking a very long time to go through.
868,transfer_not_received_by_recipient,transfer_not_received_by_recipient,True,0.2336,pending_top_up,0.1162,pending_transfer,0.0833,False,,Is there a reason why my transaction is taking so long?
869,transfer_not_received_by_recipient,transfer_not_received_by_recipient,True,0.4127,pending_top_up,0.0569,pending_transfer,0.0298,False,,How long will it take for my transaction to be completed?
870,transfer_not_received_by_recipient,transfer_not_received_by_recipient,True,0.2084,transfer_fee_charged,0.0747,balance_not_updated_after_cheque_or_cash_deposit,0.0229,False,,I sent some money and the receiver can't access it.
871,transfer_not_received_by_recipient,transfer_not_received_by_recipient,True,0.5773,balance_not_updated_after_bank_transfer,0.0281,pending_top_up,0.0201,False,,I sent my friend some money a few hours ago but she has not received it yet. She really needs it. How long does this take?
872,transfer_not_received_by_recipient,transfer_not_received_by_recipient,True,0.7613,card_arrival,0.014,balance_not_updated_after_cheque_or_cash_deposit,0.0111,False,,The person I sent money to hasn't gotten it yet!
873,transfer_not_received_by_recipient,failed_transfer,False,0.1366,verify_source_of_funds,0.091,transfer_fee_charged,0.0618,False,,When will my funds transfer?
874,transfer_not_received_by_recipient,transfer_not_received_by_recipient,True,0.1394,pending_top_up,0.0998,pending_transfer,0.0686,False,,"How long does it take for transfers to finish?  I sent funds to my pal, and she says that she has not gotten anything."
875,transfer_not_received_by_recipient,transfer_not_received_by_recipient,True,0.6148,balance_not_updated_after_bank_transfer,0.0337,pending_transfer,0.0198,False,,"How long do transfers need to come through? I sent some money to a friend, she needs it urgently, but seems it's still not there yet after a couple hours."
876,transfer_not_received_by_recipient,transfer_not_received_by_recipient,True,0.8782,cancel_transfer,0.0097,pending_transfer,0.0095,False,,How long until my friend receives my transaction?
877,transfer_not_received_by_recipient,transfer_not_received_by_recipient,True,0.5896,wrong_amount_of_cash_received,0.0216,reverted_card_payment?,0.0161,False,,Why hasn't my recipient received their money?
878,transfer_not_received_by_recipient,transfer_not_received_by_recipient,True,0.2098,cancel_transfer,0.0387,transaction_charged_twice,0.0375,False,,I am still awaiting the completion of the transaction.
879,transfer_not_received_by_recipient,transfer_not_received_by_recipient,True,0.2055,balance_not_updated_after_bank_transfer,0.0758,declined_cash_withdrawal,0.0387,False,,I transferred some money but the recipient is having trouble withdrawing.
880,supported_cards_and_currencies,supported_cards_and_currencies,True,0.6683,transfer_into_account,0.0537,fiat_currency_support,0.0421,False,,"To add money to my account, what currencies can I use?"
881,supported_cards_and_currencies,supported_cards_and_currencies,True,0.1236,country_support,0.0931,getting_spare_card,0.039,False,,"I need support options, I want to top my card"
882,supported_cards_and_currencies,getting_spare_card,False,0.1343,order_physical_card,0.1287,card_arrival,0.1051,False,,I have 1 other US card.  Can you take that?
883,supported_cards_and_currencies,supported_cards_and_currencies,True,0.572,fiat_currency_support,0.1228,getting_spare_card,0.0184,False,,What are the cards and currencies that are supported?
884,supported_cards_and_currencies,supported_cards_and_currencies,True,0.4065,fiat_currency_support,0.0688,exchange_via_app,0.0244,False,,What currencies are accepted for adding money?
885,supported_cards_and_currencies,supported_cards_and_currencies,True,0.6098,fiat_currency_support,0.0494,top_up_by_card_charge,0.0164,False,,What kind of currencies can I use to add money?
886,supported_cards_and_currencies,supported_cards_and_currencies,True,0.482,topping_up_by_card,0.0728,top_up_failed,0.0449,False,,I only own one other credit card from the USA. Will it be accepted?
887,supported_cards_and_currencies,getting_spare_card,False,0.1343,order_physical_card,0.1287,card_arrival,0.1051,False,,"If I only have 1 other US card, can you take it?"
888,supported_cards_and_currencies,supported_cards_and_currencies,True,0.8099,transfer_into_account,0.0118,apple_pay_or_google_pay,0.0097,False,,Can I use my American Express to add money to my account?
889,supported_cards_and_currencies,supported_cards_and_currencies,True,0.4042,fiat_currency_support,0.0547,getting_spare_card,0.0303,True,currencies|cards|cards currencies|tell cards|tell,can you tell me what cards and currencies you take?
890,supported_cards_and_currencies,supported_cards_and_currencies,True,0.8099,transfer_into_account,0.0118,apple_pay_or_google_pay,0.0097,False,,Can I use American Express to add money into my account?
891,supported_cards_and_currencies,card_acceptance,False,0.3411,supported_cards_and_currencies,0.1693,atm_support,0.0394,False,,Will you accept my other card from the U.S.?
892,supported_cards_and_currencies,supported_cards_and_currencies,True,0.5694,fiat_currency_support,0.0363,getting_spare_card,0.0221,False,,What is accepted in regards to cards and currencies?
893,supported_cards_and_currencies,card_acceptance,False,0.3411,supported_cards_and_currencies,0.1693,atm_support,0.0394,False,,Will you accept my other card?
894,supported_cards_and_currencies,supported_cards_and_currencies,True,0.6115,transfer_into_account,0.023,topping_up_by_card,0.0165,False,,I would like to add money to my account through my American Express.
895,supported_cards_and_currencies,supported_cards_and_currencies,True,0.5349,topping_up_by_card,0.0975,top_up_by_card_charge,0.0303,False,,Which cards do you guys support? I want to top up using my credit card.
896,supported_cards_and_currencies,supported_cards_and_currencies,True,0.3872,country_support,0.0537,getting_spare_card,0.0282,False,,What credit cards are supported?
897,supported_cards_and_currencies,supported_cards_and_currencies,True,0.6714,fiat_currency_support,0.092,country_support,0.0204,False,,What cards and currencies do you support?
898,supported_cards_and_currencies,supported_cards_and_currencies,True,0.3355,beneficiary_not_allowed,0.0463,transfer_into_account,0.0454,False,,How do I transfer funds from my American Express into my account?
899,supported_cards_and_currencies,supported_cards_and_currencies,True,0.8099,transfer_into_account,0.0118,apple_pay_or_google_pay,0.0097,False,,How can I use American Express to add money to my account?
900,supported_cards_and_currencies,supported_cards_and_currencies,True,0.2284,fiat_currency_support,0.1387,exchange_via_app,0.0351,False,,"When adding money, what are the currencies you take?"
901,supported_cards_and_currencies,supported_cards_and_currencies,True,0.1601,exchange_charge,0.0551,exchange_via_app,0.053,False,,Which forms of currency are accepted?
902,supported_cards_and_currencies,supported_cards_and_currencies,True,0.4686,getting_spare_card,0.0247,top_up_failed,0.0206,False,,Are US credit cards accepted?
903,supported_cards_and_currencies,supported_cards_and_currencies,True,0.5032,fiat_currency_support,0.0434,automatic_top_up,0.0157,True,accept|currencies|add money|add|currencies accept,"I want to add money but don't know what currencies you accept, can you tell me?"
904,supported_cards_and_currencies,supported_cards_and_currencies,True,0.3636,country_support,0.0336,apple_pay_or_google_pay,0.0287,False,,why wouldn't you support american express? its a card i like and use often and i don't want to get a different one
905,supported_cards_and_currencies,supported_cards_and_currencies,True,0.1623,fiat_currency_support,0.0742,country_support,0.0396,False,,Tell me which cards and what currency is supported.
906,supported_cards_and_currencies,supported_cards_and_currencies,True,0.7951,fiat_currency_support,0.0474,country_support,0.0176,False,,Do you support all cards and currencies?
907,supported_cards_and_currencies,supported_cards_and_currencies,True,0.4483,direct_debit_payment_not_recognised,0.09,getting_spare_card,0.0367,False,,Which credit or debit cards can I use to top up?
908,supported_cards_and_currencies,card_payment_not_recognised,False,0.1037,reverted_card_payment?,0.0989,pending_card_payment,0.0956,False,,What options do I have in regards to payment?
909,supported_cards_and_currencies,card_linking,False,0.0345,activate_my_card,0.0325,card_arrival,0.0283,False,,I just have one other card from the US. Is that okay?
910,supported_cards_and_currencies,supported_cards_and_currencies,True,0.6005,fiat_currency_support,0.0555,country_support,0.0393,False,,What are all the currencies and cards supported to use this?
911,supported_cards_and_currencies,supported_cards_and_currencies,True,0.3769,country_support,0.0797,getting_spare_card,0.0493,False,,What cards to do you support to top up.
912,supported_cards_and_currencies,supported_cards_and_currencies,True,0.3689,fiat_currency_support,0.1407,exchange_via_app,0.0626,True,accept|currencies|dollars,Do you accept other currencies besides US Dollars?
913,supported_cards_and_currencies,supported_cards_and_currencies,True,0.6366,top_up_by_card_charge,0.0319,exchange_via_app,0.03,False,,Can I use any currency to add money?
914,supported_cards_and_currencies,supported_cards_and_currencies,True,0.3904,top_up_by_card_charge,0.0386,exchange_via_app,0.0379,False,,Is my currency okay to add money with?
915,supported_cards_and_currencies,supported_cards_and_currencies,True,0.6705,fiat_currency_support,0.0493,getting_spare_card,0.0309,False,,What cards and currencies will suffice?
916,supported_cards_and_currencies,supported_cards_and_currencies,True,0.705,apple_pay_or_google_pay,0.0163,verify_source_of_funds,0.0114,False,,How can I use American Express to add funds to my account?
917,supported_cards_and_currencies,supported_cards_and_currencies,True,0.572,fiat_currency_support,0.1228,getting_spare_card,0.0184,False,,What cards and currencies are supported?
918,supported_cards_and_currencies,supported_cards_and_currencies,True,0.5568,fiat_currency_support,0.0545,top_up_by_card_charge,0.0262,False,,What currencies or cards do you support for topping up?
919,supported_cards_and_currencies,supported_cards_and_currencies,True,0.6714,fiat_currency_support,0.092,country_support,0.0204,False,,Which cards and currencies do you support?
920,getting_virtual_card,getting_virtual_card,True,0.6551,virtual_card_not_working,0.0805,get_disposable_virtual_card,0.0428,False,,Where can I obtain my virtual card?
921,getting_virtual_card,getting_virtual_card,True,0.9085,virtual_card_not_working,0.0603,get_disposable_virtual_card,0.0157,False,,How do you get a virtual card?
922,getting_virtual_card,getting_virtual_card,True,0.9085,virtual_card_not_working,0.0603,get_disposable_virtual_card,0.0157,False,,Where can I find a virtual card?
923,getting_virtual_card,getting_virtual_card,True,0.7264,virtual_card_not_working,0.0907,get_disposable_virtual_card,0.0436,False,,Is there an option to have a virtual card?
924,getting_virtual_card,order_physical_card,False,0.3344,getting_virtual_card,0.0741,card_not_working,0.0271,False,,If I don't want a physical card can i get a virtual version?
925,getting_virtual_card,getting_virtual_card,True,0.3637,virtual_card_not_working,0.0785,get_disposable_virtual_card,0.0416,False,,I requested a virtual card but it is not showing up. Why?
926,getting_virtual_card,getting_virtual_card,True,0.5892,get_disposable_virtual_card,0.0389,virtual_card_not_working,0.0295,False,,Can you tell me how to order a virtual card?
927,getting_virtual_card,getting_virtual_card,True,0.9085,virtual_card_not_working,0.0603,get_disposable_virtual_card,0.0157,False,,Where is the virtual card?
928,getting_virtual_card,getting_virtual_card,True,0.9085,virtual_card_not_working,0.0603,get_disposable_virtual_card,0.0157,False,,what is the virtual card
929,getting_virtual_card,getting_virtual_card,True,0.9085,virtual_card_not_working,0.0603,get_disposable_virtual_card,0.0157,False,,how do i get a virtual card?
930,getting_virtual_card,getting_virtual_card,True,0.8806,virtual_card_not_working,0.02,get_disposable_virtual_card,0.0127,False,,Where do I order a virtual card from?
931,getting_virtual_card,getting_virtual_card,True,0.6047,virtual_card_not_working,0.0668,get_disposable_virtual_card,0.0321,False,,Why did I not get a virtual card yet?
932,getting_virtual_card,getting_virtual_card,True,0.7115,disposable_card_limits,0.028,order_physical_card,0.0253,False,,How can I order virtual cards?
933,getting_virtual_card,getting_virtual_card,True,0.5892,get_disposable_virtual_card,0.0389,virtual_card_not_working,0.0295,False,,Can you tell me where I can order a virtual card?
934,getting_virtual_card,getting_virtual_card,True,0.8153,virtual_card_not_working,0.0797,get_disposable_virtual_card,0.0286,False,,Is it possible for me to get a virtual card?
935,getting_virtual_card,getting_virtual_card,True,0.8806,virtual_card_not_working,0.02,get_disposable_virtual_card,0.0127,False,,Is this where I order a virtual card?
936,getting_virtual_card,getting_virtual_card,True,0.6367,virtual_card_not_working,0.0426,get_disposable_virtual_card,0.0312,False,,What are the steps to getting a virtual card?
937,getting_virtual_card,getting_virtual_card,True,0.551,virtual_card_not_working,0.0868,get_disposable_virtual_card,0.0476,False,,help me obtain a virtual card
938,getting_virtual_card,getting_virtual_card,True,0.4648,virtual_card_not_working,0.0664,get_disposable_virtual_card,0.0367,False,,Where is the virtual card located?
939,getting_virtual_card,getting_virtual_card,True,0.8806,virtual_card_not_working,0.02,get_disposable_virtual_card,0.0127,False,,Where can I order a virtual card?
940,getting_virtual_card,getting_virtual_card,True,0.6551,virtual_card_not_working,0.0805,get_disposable_virtual_card,0.0428,False,,Where do I obtain my virtual card?
941,getting_virtual_card,getting_virtual_card,True,0.6053,virtual_card_not_working,0.0627,get_disposable_virtual_card,0.0478,False,,I want a virtual card!
942,getting_virtual_card,getting_virtual_card,True,0.3737,disposable_card_limits,0.085,get_disposable_virtual_card,0.048,False,,I want one of those virtual cards!
943,getting_virtual_card,getting_virtual_card,True,0.2696,disposable_card_limits,0.0879,country_support,0.075,False,,Are virtual cards available to get?
944,getting_virtual_card,getting_virtual_card,True,0.4417,virtual_card_not_working,0.0547,get_disposable_virtual_card,0.0319,False,,Can you help me sign up for a virtual card?
945,getting_virtual_card,cash_withdrawal_not_recognised,False,0.0338,card_arrival,0.0277,country_support,0.0252,False,,Can I get a copy of the card by email?
946,getting_virtual_card,getting_virtual_card,True,0.9085,virtual_card_not_working,0.0603,get_disposable_virtual_card,0.0157,False,,Where do I find the virtual card?
947,getting_virtual_card,getting_virtual_card,True,0.9085,virtual_card_not_working,0.0603,get_disposable_virtual_card,0.0157,False,,why do i not have a virtual card
948,getting_virtual_card,getting_virtual_card,True,0.8806,virtual_card_not_working,0.02,get_disposable_virtual_card,0.0127,False,,How do I order a virtual card?
949,getting_virtual_card,getting_virtual_card,True,0.2515,card_arrival,0.0662,virtual_card_not_working,0.0383,False,,"I thought I was going to get a virtual card but I haven't received it yet, how can we resolve this?"
950,getting_virtual_card,getting_virtual_card,True,0.822,virtual_card_not_working,0.0916,get_disposable_virtual_card,0.0285,False,,Please help me get a virtual card.
951,getting_virtual_card,getting_virtual_card,True,0.8806,virtual_card_not_working,0.02,get_disposable_virtual_card,0.0127,False,,Can I order a virtual card?
952,getting_virtual_card,getting_virtual_card,True,0.9085,virtual_card_not_working,0.0603,get_disposable_virtual_card,0.0157,False,,Where can I go to get a virtual card?
953,getting_virtual_card,getting_virtual_card,True,0.47,disposable_card_limits,0.0759,get_disposable_virtual_card,0.043,False,,Where are the virtual cards located?
954,getting_virtual_card,getting_virtual_card,True,0.4398,virtual_card_not_working,0.072,get_disposable_virtual_card,0.047,False,,I would like a virtual card- where can I purchase one?
955,getting_virtual_card,getting_virtual_card,True,0.7476,virtual_card_not_working,0.0409,get_disposable_virtual_card,0.0221,False,,When should I receive my virtual card?
956,getting_virtual_card,getting_virtual_card,True,0.879,virtual_card_not_working,0.0572,get_disposable_virtual_card,0.0267,False,,I need to reorder my virtual card!
957,getting_virtual_card,getting_virtual_card,True,0.9085,virtual_card_not_working,0.0603,get_disposable_virtual_card,0.0157,False,,Where can I get a virtual card?
958,getting_virtual_card,getting_virtual_card,True,0.5732,virtual_card_not_working,0.0652,get_disposable_virtual_card,0.0464,False,,Is there a way to obtain a virtual card?
959,getting_virtual_card,getting_virtual_card,True,0.7159,disposable_card_limits,0.0754,get_disposable_virtual_card,0.0416,False,,Can I have one of the virtual cards?
960,card_acceptance,card_acceptance,True,0.2332,country_support,0.0486,supported_cards_and_currencies,0.0444,False,,Will my card be accepted all over the world?
961,card_acceptance,card_acceptance,True,0.115,atm_support,0.0317,card_arrival,0.0279,False,,Who accepts this card?
962,card_acceptance,declined_card_payment,False,0.2599,reverted_card_payment?,0.1279,card_acceptance,0.0734,False,,Can I use my card for payment all over the world?
963,card_acceptance,visa_or_mastercard,False,0.0831,atm_support,0.078,card_acceptance,0.0754,False,,It will be fine to use at any establishment that accepts Mastercard.
964,card_acceptance,compromised_card,False,0.2923,card_payment_fee_charged,0.0354,topping_up_by_card,0.0349,False,,Where can the card be used?
965,card_acceptance,compromised_card,False,0.2923,card_payment_fee_charged,0.0354,topping_up_by_card,0.0349,False,,Can my card be used everywhere?
966,card_acceptance,card_acceptance,True,0.2917,card_not_working,0.127,top_up_limits,0.1006,False,,Are there any limits on where I can use my card?
967,card_acceptance,order_physical_card,False,0.0454,declined_card_payment,0.0398,card_arrival,0.0388,False,,What stores can I sue my card?
968,card_acceptance,card_acceptance,True,0.1754,card_not_working,0.0971,supported_cards_and_currencies,0.0485,False,,Can I use my card anywhere I want?
969,card_acceptance,card_acceptance,True,0.3551,supported_cards_and_currencies,0.0616,declined_card_payment,0.0337,False,,Is there anywhere my card will not be accepted?
970,card_acceptance,card_acceptance,True,0.1433,card_not_working,0.1406,atm_support,0.0533,False,,What are the rules to where I can use my card?
971,card_acceptance,card_acceptance,True,0.2096,declined_card_payment,0.056,supported_cards_and_currencies,0.0441,False,,Do you know where my card will be accepted?
972,card_acceptance,card_acceptance,True,0.2505,card_not_working,0.0965,atm_support,0.0425,False,,What places can I use my card?
973,card_acceptance,card_acceptance,True,0.3551,supported_cards_and_currencies,0.0616,declined_card_payment,0.0337,False,,Is my card accepted everywhere?
974,card_acceptance,card_acceptance,True,0.1662,declined_card_payment,0.1533,reverted_card_payment?,0.0996,False,,What places will accept my card for payment?
975,card_acceptance,card_not_working,False,0.1956,declined_card_payment,0.0399,card_delivery_estimate,0.0388,False,,Does this card work everywhere?
976,card_acceptance,card_acceptance,True,0.5611,supported_cards_and_currencies,0.0402,atm_support,0.0158,False,,"

What businesses accept this card?"
977,card_acceptance,card_acceptance,True,0.3443,card_not_working,0.2583,atm_support,0.0661,False,,Where can I use my card?
978,card_acceptance,card_acceptance,True,0.3411,supported_cards_and_currencies,0.1693,atm_support,0.0394,False,,Which outlets accept my card?
979,card_acceptance,card_not_working,False,0.2494,card_acceptance,0.0641,topping_up_by_card,0.0373,True,use card|able use|use|card|able,"I am traveling to Germany, Will I be able to use my card there?"
980,card_acceptance,declined_card_payment,False,0.1698,reverted_card_payment?,0.122,pending_card_payment,0.0938,False,,What stores will take my credit card as payment?
981,card_acceptance,card_acceptance,True,0.238,card_not_working,0.1562,atm_support,0.066,False,,Is there any place I cannot use my card?
982,card_acceptance,card_not_working,False,0.353,card_acceptance,0.0781,topping_up_by_card,0.0396,False,,Will I be able to use my card anywhere?
983,card_acceptance,getting_spare_card,False,0.1343,order_physical_card,0.1287,card_arrival,0.1051,False,,Is my card usable anywhere?
984,card_acceptance,card_acceptance,True,0.1515,card_not_working,0.1457,supported_cards_and_currencies,0.0703,False,,Is it acceptable to use my card anywhere?
985,card_acceptance,card_acceptance,True,0.3443,card_not_working,0.2583,atm_support,0.0661,False,,Can I use my card everywhere?
986,card_acceptance,card_acceptance,True,0.3551,supported_cards_and_currencies,0.0616,declined_card_payment,0.0337,False,,Where is my card accepted?
987,card_acceptance,supported_cards_and_currencies,False,0.132,direct_debit_payment_not_recognised,0.0931,topping_up_by_card,0.089,False,,Where can I pay with my debit or credit card?
988,card_acceptance,card_not_working,False,0.5278,declined_card_payment,0.0485,virtual_card_not_working,0.0349,False,,Where should my card work?
989,card_acceptance,getting_spare_card,False,0.1343,order_physical_card,0.1287,card_arrival,0.1051,False,,areas card is accpeted
990,card_acceptance,card_acceptance,True,0.2505,card_not_working,0.0965,atm_support,0.0425,True,use card|places|use|card|places use,places i can use the card
991,card_acceptance,card_payment_not_recognised,False,0.0412,reverted_card_payment?,0.0403,declined_transfer,0.0312,False,,Can I make online purchases with my card?
992,card_acceptance,card_acceptance,True,0.1865,supported_cards_and_currencies,0.0763,atm_support,0.0302,False,,Does every place of business accept this card?
993,card_acceptance,card_acceptance,True,0.3174,supported_cards_and_currencies,0.0605,atm_support,0.0289,False,,What places will accept my card?
994,card_acceptance,card_acceptance,True,0.3443,card_not_working,0.2583,atm_support,0.0661,False,,Can I use my card anywere?
995,card_acceptance,country_support,False,0.0494,card_acceptance,0.045,card_arrival,0.0409,False,,Will any business take this card?
996,card_acceptance,card_acceptance,True,0.3411,supported_cards_and_currencies,0.1693,atm_support,0.0394,False,,Will filling stations accept my card?
997,card_acceptance,card_not_working,False,0.353,card_acceptance,0.0781,topping_up_by_card,0.0396,False,,Where am I able to use the card?
998,card_acceptance,card_acceptance,True,0.2906,card_not_working,0.0792,card_payment_fee_charged,0.0624,False,,What can I use my card to pay for?
999,card_acceptance,card_acceptance,True,0.115,atm_support,0.0317,card_arrival,0.0279,False,,Who accepts my card?
1000,top_up_reverted,request_refund,False,0.3118,Refund_not_showing_up,0.2835,top_up_reverted,0.0624,False,,My top-up was cancelled; will I receive a refund?
1001,top_up_reverted,top_up_reverted,True,0.5549,reverted_card_payment?,0.0816,top_up_failed,0.0239,False,,How do I fix a reverted top up?
1002,top_up_reverted,top_up_reverted,True,0.404,reverted_card_payment?,0.0501,top_up_failed,0.0168,False,,Is it possible to tell if my top up has reverted?
1003,top_up_reverted,pending_top_up,False,0.049,transfer_not_received_by_recipient,0.048,failed_transfer,0.0352,False,,"My top-up showed as complete, but it's no longer there! What's going on here?"
1004,top_up_reverted,Refund_not_showing_up,False,0.1006,request_refund,0.0957,transaction_charged_twice,0.0486,False,,"Hi, i don't know what's going on i've just paid for my top up twice by accident can you help me get a refund please."
1005,top_up_reverted,top_up_reverted,True,0.8734,reverted_card_payment?,0.0536,pending_top_up,0.0019,False,,It seems my top up is reverted?
1006,top_up_reverted,supported_cards_and_currencies,False,0.1076,cash_withdrawal_not_recognised,0.0553,card_linking,0.0505,False,,The app wouldn't accept my top up.
1007,top_up_reverted,top_up_reverted,True,0.1992,topping_up_by_card,0.0548,pending_top_up,0.0467,False,,"I topped up my account and even though it was confirmed at first, the money isn't there anymore! why did this happen, and where did my money go?"
1008,top_up_reverted,top_up_reverted,True,0.0877,top_up_failed,0.0679,cash_withdrawal_not_recognised,0.0399,False,,"I believe my money did not go through with my top up, was there a problem on your end?"
1009,top_up_reverted,top_up_reverted,True,0.3998,reverted_card_payment?,0.0498,pending_top_up,0.0268,False,,"My top-up was reverted, why did this happen?"
1010,top_up_reverted,balance_not_updated_after_cheque_or_cash_deposit,False,0.1014,balance_not_updated_after_bank_transfer,0.0915,cash_withdrawal_not_recognised,0.0613,False,,I put money into my account for the minimum balance but the application didn't accept.
1011,top_up_reverted,top_up_reverted,True,0.5676,reverted_card_payment?,0.0673,declined_cash_withdrawal,0.0214,False,,Can you tell me if my top-up has been cancelled?
1012,top_up_reverted,top_up_reverted,True,0.6584,reverted_card_payment?,0.0281,pending_top_up,0.0185,False,,I got topped up but the application reverted it.
1013,top_up_reverted,top_up_reverted,True,0.7018,reverted_card_payment?,0.0656,declined_cash_withdrawal,0.0202,False,,Why would my top up be cancelled?
1014,top_up_reverted,pending_top_up,False,0.0649,extra_charge_on_statement,0.031,top_up_reverted,0.0306,False,,There appears to have been a reversion in my top up
1015,top_up_reverted,top_up_reverted,True,0.4112,reverted_card_payment?,0.0688,pending_top_up,0.0135,False,,The application reverted my top-up.
1016,top_up_reverted,top_up_reverted,True,0.5644,reverted_card_payment?,0.0895,compromised_card,0.0359,False,,I think my top-up was cancelled.
1017,top_up_reverted,top_up_reverted,True,0.192,top_up_failed,0.0371,beneficiary_not_allowed,0.0315,False,,I believed crypto top up with something you offered. This does not seem to be working. The money has been removed from my account though so what's going on?
1018,top_up_reverted,top_up_reverted,True,0.7306,reverted_card_payment?,0.0247,top_up_failed,0.018,True,reverted|topped|topped app|app|app reverted,I topped up but the app reverted it
1019,top_up_reverted,transfer_not_received_by_recipient,False,0.139,card_arrival,0.0708,top_up_reverted,0.0401,False,,I went to top up and it is no longer there.  Was it sent back?
1020,top_up_reverted,top_up_reverted,True,0.1269,pending_top_up,0.0455,top_up_failed,0.0409,False,,What happened to my top-up?
1021,top_up_reverted,top_up_reverted,True,0.5196,reverted_card_payment?,0.0479,top_up_failed,0.0163,False,,Can you tell me why my top up was reverted?
1022,top_up_reverted,top_up_reverted,True,0.6485,reverted_card_payment?,0.1241,Refund_not_showing_up,0.0101,False,,For what reason would a top up be reverted and returned to my account?
1023,top_up_reverted,top_up_reverted,True,0.6656,reverted_card_payment?,0.0281,top_up_failed,0.0255,False,,"When I topped up, the app reverted my funds."
1024,top_up_reverted,top_up_reverted,True,0.434,pending_top_up,0.0215,top_up_failed,0.0201,False,,What happened to where my top-up was canceled?
1025,top_up_reverted,card_payment_not_recognised,False,0.2845,pending_card_payment,0.0939,reverted_card_payment?,0.0914,False,,I tryed to make a top-up with cryptocurrency but the payment was referted.
1026,top_up_reverted,top_up_reverted,True,0.551,reverted_card_payment?,0.0889,cash_withdrawal_not_recognised,0.0222,False,,The app reverted my top off.
1027,top_up_reverted,top_up_reverted,True,0.7725,reverted_card_payment?,0.0297,top_up_failed,0.0111,False,,The app reverted my action when I topped up.
1028,top_up_reverted,top_up_reverted,True,0.1692,reverted_card_payment?,0.0303,request_refund,0.0246,False,,Was my top up reversed?
1029,top_up_reverted,top_up_reverted,True,0.3237,request_refund,0.0236,cancel_transfer,0.0217,True,canceled,"I see my top-up was canceled, but why?"
1030,top_up_reverted,top_up_reverted,True,0.6016,reverted_card_payment?,0.0521,cancel_transfer,0.02,False,,Do you know if my top-up has been cancelled?
1031,top_up_reverted,top_up_reverted,True,0.7018,reverted_card_payment?,0.0656,declined_cash_withdrawal,0.0202,False,,has my top-up has been cancelled
1032,top_up_reverted,pending_top_up,False,0.0265,top_up_failed,0.0258,top_up_reverted,0.0243,False,,My top-up was revoked.
1033,top_up_reverted,top_up_reverted,True,0.2372,pending_top_up,0.0201,top_up_failed,0.0193,False,,Causes of top-up cancellation
1034,top_up_reverted,top_up_reverted,True,0.7725,reverted_card_payment?,0.0297,top_up_failed,0.0111,True,reverted|topped|app|app reverted,The app reverted what I topped up.
1035,top_up_reverted,top_up_reverted,True,0.8734,reverted_card_payment?,0.0536,pending_top_up,0.0019,False,,Has my top up been reverted?
1036,top_up_reverted,top_up_reverted,True,0.0993,pending_top_up,0.0246,request_refund,0.0233,False,,Im very upset as my top-up was canceled and I have no idea why.
1037,top_up_reverted,top_up_reverted,True,0.7018,reverted_card_payment?,0.0656,declined_cash_withdrawal,0.0202,True,cancelled,My top-up has been cancelled.
1038,top_up_reverted,transfer_not_received_by_recipient,False,0.1071,cancel_transfer,0.0965,transaction_charged_twice,0.0754,False,,On my last transaction it seem that my top-up was not successful.
1039,top_up_reverted,top_up_reverted,True,0.1866,request_refund,0.0386,cancel_transfer,0.0319,False,,I'd like to know why my top-up was canceled please.
1040,balance_not_updated_after_cheque_or_cash_deposit,balance_not_updated_after_cheque_or_cash_deposit,True,0.2652,top_up_by_cash_or_cheque,0.0918,top_up_failed,0.047,False,,I tried making an update to my balance using cheque just yesterday but it doesn't appear to have worked. Should this not be a faster process? I need you to please check over my account because something has went wrong.
1041,balance_not_updated_after_cheque_or_cash_deposit,balance_not_updated_after_cheque_or_cash_deposit,True,0.4415,top_up_by_cash_or_cheque,0.0319,card_payment_not_recognised,0.0206,False,,How come I don't see my deposit in my account yet?
1042,balance_not_updated_after_cheque_or_cash_deposit,balance_not_updated_after_cheque_or_cash_deposit,True,0.2622,balance_not_updated_after_bank_transfer,0.1295,top_up_by_cash_or_cheque,0.035,False,,Is there a reason why my account isn't updating because I used a check to  balance my account?
1043,balance_not_updated_after_cheque_or_cash_deposit,balance_not_updated_after_cheque_or_cash_deposit,True,0.2545,transfer_not_received_by_recipient,0.0362,pending_top_up,0.036,False,,"I don't know why the deposit I made a week ago still hasn't showed up, I really need the money now."
1044,balance_not_updated_after_cheque_or_cash_deposit,balance_not_updated_after_cheque_or_cash_deposit,True,0.5777,top_up_by_cash_or_cheque,0.0403,wrong_amount_of_cash_received,0.0153,False,,I made a cash deposit almost a week ago but it's still not there!! please sort this out asap I need the money
1045,balance_not_updated_after_cheque_or_cash_deposit,balance_not_updated_after_cheque_or_cash_deposit,True,0.6265,top_up_by_cash_or_cheque,0.2605,pending_cash_withdrawal,0.0094,False,,Where is my cash deposit?
1046,balance_not_updated_after_cheque_or_cash_deposit,balance_not_updated_after_cheque_or_cash_deposit,True,0.7579,top_up_by_cash_or_cheque,0.1219,cash_withdrawal_not_recognised,0.0107,False,,How can I get the cash deposit to show up on my account?
1047,balance_not_updated_after_cheque_or_cash_deposit,balance_not_updated_after_cheque_or_cash_deposit,True,0.7222,wrong_amount_of_cash_received,0.0171,declined_cash_withdrawal,0.0143,False,,When will I see the cash I deposited this morning as available?
1048,balance_not_updated_after_cheque_or_cash_deposit,balance_not_updated_after_cheque_or_cash_deposit,True,0.6971,declined_cash_withdrawal,0.0238,wrong_amount_of_cash_received,0.0191,False,,cash from this morning has not deposited
1049,balance_not_updated_after_cheque_or_cash_deposit,balance_not_updated_after_cheque_or_cash_deposit,True,0.6494,top_up_by_cash_or_cheque,0.114,wrong_amount_of_cash_received,0.0112,False,,Where is the cash from my cheque I recently deposited?
1050,balance_not_updated_after_cheque_or_cash_deposit,balance_not_updated_after_cheque_or_cash_deposit,True,0.6098,top_up_by_cash_or_cheque,0.132,cash_withdrawal_not_recognised,0.0178,False,,Cash deposit to my account but it has not appeared.
1051,balance_not_updated_after_cheque_or_cash_deposit,balance_not_updated_after_cheque_or_cash_deposit,True,0.5046,top_up_by_cash_or_cheque,0.0948,balance_not_updated_after_bank_transfer,0.0438,False,,"When I deposit cheques and cash, my balance does not update."
1052,balance_not_updated_after_cheque_or_cash_deposit,balance_not_updated_after_cheque_or_cash_deposit,True,0.2111,pending_card_payment,0.1537,pending_top_up,0.0776,False,,I made a deposit this morning but it is still pending?
1053,balance_not_updated_after_cheque_or_cash_deposit,balance_not_updated_after_cheque_or_cash_deposit,True,0.704,top_up_by_cash_or_cheque,0.1069,cash_withdrawal_not_recognised,0.0144,False,,cash deposit to my account has shown a red flag.
1054,balance_not_updated_after_cheque_or_cash_deposit,transfer_into_account,False,0.0939,balance_not_updated_after_cheque_or_cash_deposit,0.0537,balance_not_updated_after_bank_transfer,0.0395,False,,I have paid money into my account but it doesn't show.
1055,balance_not_updated_after_cheque_or_cash_deposit,balance_not_updated_after_bank_transfer,False,0.2228,balance_not_updated_after_cheque_or_cash_deposit,0.1378,cash_withdrawal_not_recognised,0.0253,True,balance|updated|account|balance account|wasn,The balance on my account wasn't updated after I made a depost.
1056,balance_not_updated_after_cheque_or_cash_deposit,top_up_failed,False,0.1732,declined_card_payment,0.0475,top_up_by_cash_or_cheque,0.0463,False,,Are cheques accepted to my account? Mine didn't seem to work.
1057,balance_not_updated_after_cheque_or_cash_deposit,balance_not_updated_after_cheque_or_cash_deposit,True,0.9236,balance_not_updated_after_bank_transfer,0.0104,top_up_by_cash_or_cheque,0.0051,False,,I deposited a check but my balance is still the same.
1058,balance_not_updated_after_cheque_or_cash_deposit,balance_not_updated_after_cheque_or_cash_deposit,True,0.5904,top_up_by_cash_or_cheque,0.1142,pending_cash_withdrawal,0.0175,False,,IM still waiting for my account to update from a cash deposit?
1059,balance_not_updated_after_cheque_or_cash_deposit,balance_not_updated_after_cheque_or_cash_deposit,True,0.3261,top_up_by_cash_or_cheque,0.1597,top_up_failed,0.0328,False,,"I Submitted a cheque couple days ago, nothing happened to my account yet.Would you please check What could be the possible issue?"
1060,balance_not_updated_after_cheque_or_cash_deposit,balance_not_updated_after_cheque_or_cash_deposit,True,0.7569,top_up_by_cash_or_cheque,0.0524,pending_cash_withdrawal,0.0051,False,,Where is my deposit?
1061,balance_not_updated_after_cheque_or_cash_deposit,balance_not_updated_after_cheque_or_cash_deposit,True,0.3167,top_up_by_cash_or_cheque,0.1005,cash_withdrawal_not_recognised,0.0288,False,,My bank statement doesn't show the cash deposit I made recently.
1062,balance_not_updated_after_cheque_or_cash_deposit,balance_not_updated_after_cheque_or_cash_deposit,True,0.5046,top_up_by_cash_or_cheque,0.0294,transfer_not_received_by_recipient,0.0255,False,,My cash deposit from a week ago hasn't shown up. I need the money - how quickly can you sort this out?
1063,balance_not_updated_after_cheque_or_cash_deposit,balance_not_updated_after_cheque_or_cash_deposit,True,0.5936,top_up_by_cash_or_cheque,0.0381,wrong_amount_of_cash_received,0.0326,False,,Why didn't my balance update after my cash or checque deposit?
1064,balance_not_updated_after_cheque_or_cash_deposit,balance_not_updated_after_cheque_or_cash_deposit,True,0.7463,top_up_by_cash_or_cheque,0.0636,pending_cash_withdrawal,0.0156,False,,Why is the cash deposit not showing up in my account?
1065,balance_not_updated_after_cheque_or_cash_deposit,balance_not_updated_after_cheque_or_cash_deposit,True,0.5712,top_up_by_cash_or_cheque,0.172,balance_not_updated_after_bank_transfer,0.0175,False,,I made a deposit of cash and check that has not been added to my balance.
1066,balance_not_updated_after_cheque_or_cash_deposit,balance_not_updated_after_cheque_or_cash_deposit,True,0.2711,balance_not_updated_after_bank_transfer,0.0907,top_up_by_cash_or_cheque,0.037,False,,Why hasn't my balance increased after depositing a check?
1067,balance_not_updated_after_cheque_or_cash_deposit,top_up_by_cash_or_cheque,False,0.1162,balance_not_updated_after_cheque_or_cash_deposit,0.0475,cash_withdrawal_not_recognised,0.0383,False,,Why does my account not accept cash deposits?
1068,balance_not_updated_after_cheque_or_cash_deposit,balance_not_updated_after_cheque_or_cash_deposit,True,0.5574,top_up_by_cash_or_cheque,0.0574,declined_cash_withdrawal,0.0384,False,,What happened to the cash that I tried to deposit into my account? It's gone!
1069,balance_not_updated_after_cheque_or_cash_deposit,balance_not_updated_after_cheque_or_cash_deposit,True,0.6624,top_up_by_cash_or_cheque,0.0613,wrong_amount_of_cash_received,0.0113,False,,"I had a cheque deposited, but I still haven't seen the cash."
1070,balance_not_updated_after_cheque_or_cash_deposit,balance_not_updated_after_cheque_or_cash_deposit,True,0.7482,top_up_by_cash_or_cheque,0.0264,balance_not_updated_after_bank_transfer,0.0209,False,,"A cheque deposit hasn't posted to my account, when will my balance update?"
1071,balance_not_updated_after_cheque_or_cash_deposit,balance_not_updated_after_cheque_or_cash_deposit,True,0.4767,top_up_by_cash_or_cheque,0.0665,pending_cash_withdrawal,0.0178,False,,I submitted a cash deposit to my account but it hasn't posted yet.
1072,balance_not_updated_after_cheque_or_cash_deposit,balance_not_updated_after_cheque_or_cash_deposit,True,0.5128,top_up_by_cash_or_cheque,0.1158,transfer_not_received_by_recipient,0.0464,False,,I sent a cheque  a few days ago and nothing has happened to my account yet. Can you please check on this for me?
1073,balance_not_updated_after_cheque_or_cash_deposit,balance_not_updated_after_cheque_or_cash_deposit,True,0.675,top_up_by_cash_or_cheque,0.0674,declined_cash_withdrawal,0.0177,False,,Has the check I deposited cleared to I can get the cash?
1074,balance_not_updated_after_cheque_or_cash_deposit,balance_not_updated_after_cheque_or_cash_deposit,True,0.1259,pending_top_up,0.1163,top_up_by_cash_or_cheque,0.0817,False,,How long does it take to process cheque deposits?
1075,balance_not_updated_after_cheque_or_cash_deposit,balance_not_updated_after_cheque_or_cash_deposit,True,0.2875,wrong_amount_of_cash_received,0.1101,top_up_by_cash_or_cheque,0.0507,False,,How come my cash deposit is not showing up. This can't be right. There must be some mistake. Where did my cash go. You better not have lost it as I need this money asap.
1076,balance_not_updated_after_cheque_or_cash_deposit,balance_not_updated_after_cheque_or_cash_deposit,True,0.6761,declined_cash_withdrawal,0.0168,pending_top_up,0.0151,False,,I deposited cash this morning and I am still waiting
1077,balance_not_updated_after_cheque_or_cash_deposit,balance_not_updated_after_cheque_or_cash_deposit,True,0.835,top_up_by_cash_or_cheque,0.0581,balance_not_updated_after_bank_transfer,0.0181,False,,Balance hasn't been updated following a cheque or cash deposit
1078,balance_not_updated_after_cheque_or_cash_deposit,balance_not_updated_after_cheque_or_cash_deposit,True,0.2567,top_up_by_cash_or_cheque,0.2189,cash_withdrawal_not_recognised,0.0416,False,,I tired to deposit some cash into my account but it's not there
1079,balance_not_updated_after_cheque_or_cash_deposit,balance_not_updated_after_cheque_or_cash_deposit,True,0.4584,transfer_not_received_by_recipient,0.1014,balance_not_updated_after_bank_transfer,0.0347,False,,"I sent you a cheque couple days ago, nothing happened to my account yet! This is unacceptable, where is my money??"
1080,card_payment_not_recognised,card_payment_not_recognised,True,0.7389,extra_charge_on_statement,0.0346,reverted_card_payment?,0.0145,False,,I have a strange payment in my statement
1081,card_payment_not_recognised,card_payment_not_recognised,True,0.133,direct_debit_payment_not_recognised,0.1287,top_up_by_card_charge,0.0508,False,,There is a charge on my card that I did not make
1082,card_payment_not_recognised,card_payment_not_recognised,True,0.196,reverted_card_payment?,0.1396,declined_card_payment,0.0997,False,,I saw a payment i did not do
1083,card_payment_not_recognised,card_payment_not_recognised,True,0.4555,reverted_card_payment?,0.1078,pending_card_payment,0.0467,False,,There is a payment that is not mine in the app.  Please advise/
1084,card_payment_not_recognised,card_payment_not_recognised,True,0.4529,reverted_card_payment?,0.0977,pending_card_payment,0.0457,False,,An unauthorized payment is in my app
1085,card_payment_not_recognised,card_payment_not_recognised,True,0.3736,declined_card_payment,0.1485,reverted_card_payment?,0.1093,False,,I did not make this card payment.
1086,card_payment_not_recognised,card_payment_not_recognised,True,0.8295,direct_debit_payment_not_recognised,0.0339,declined_card_payment,0.025,False,,What should I do if I see a payment I didn't make?
1087,card_payment_not_recognised,declined_card_payment,False,0.2572,reverted_card_payment?,0.2408,card_payment_not_recognised,0.1402,False,,I found an unauthorized card payment
1088,card_payment_not_recognised,direct_debit_payment_not_recognised,False,0.1066,card_payment_not_recognised,0.0982,cancel_transfer,0.0558,False,,there is a transaction on my account that i didnt make
1089,card_payment_not_recognised,card_payment_not_recognised,True,0.1968,pending_card_payment,0.04,reverted_card_payment?,0.0366,False,,I don't recall making that payment?
1090,card_payment_not_recognised,card_payment_not_recognised,True,0.174,card_payment_fee_charged,0.0323,card_not_working,0.0299,False,,There are some payments with my card that I don't know where they are coming from. Just checked today and it's been since a couple days as well! What to I do? Can I revert this retrospectively? My card needs to be frozen immediately as well!
1091,card_payment_not_recognised,card_payment_not_recognised,True,0.2322,cash_withdrawal_not_recognised,0.0976,direct_debit_payment_not_recognised,0.0727,True,payments|app|make|did make|accessed,Has someone accessed my card there are payments I did not make that are showing up on the app.
1092,card_payment_not_recognised,card_payment_not_recognised,True,0.1789,lost_or_stolen_card,0.0725,cash_withdrawal_not_recognised,0.0389,False,,There are some strange charges on my card that I didn't make from a few days ago.  Is my card stolen and if so should I cancel it?  Will I get refunded the charges?
1093,card_payment_not_recognised,card_payment_not_recognised,True,0.7717,direct_debit_payment_not_recognised,0.0295,reverted_card_payment?,0.0211,False,,Why would there be a payment on my account I don't recognize?
1094,card_payment_not_recognised,card_payment_not_recognised,True,0.586,declined_card_payment,0.119,reverted_card_payment?,0.077,False,,I have a payment I didn't do
1095,card_payment_not_recognised,pending_card_payment,False,0.377,card_payment_not_recognised,0.2992,reverted_card_payment?,0.28,False,,There is a payment that is not mine.
1096,card_payment_not_recognised,card_payment_not_recognised,True,0.1635,compromised_card,0.0823,cash_withdrawal_not_recognised,0.0778,False,,Can you freeze my account?  I just saw there are transactions on my account that I don't recognize.  How can I fix this?
1097,card_payment_not_recognised,card_payment_not_recognised,True,0.3497,declined_card_payment,0.1919,reverted_card_payment?,0.1782,False,,There is a card payment I do not recognise.
1098,card_payment_not_recognised,card_payment_not_recognised,True,0.5451,declined_card_payment,0.0575,reverted_card_payment?,0.0514,False,,I don't recognise a card payment
1099,card_payment_not_recognised,card_payment_not_recognised,True,0.2233,reverted_card_payment?,0.2074,declined_card_payment,0.1339,False,,Payment i did not do
1100,card_payment_not_recognised,card_payment_not_recognised,True,0.2954,card_payment_fee_charged,0.0346,lost_or_stolen_card,0.0227,False,,"Please put a freeze on my card,  I am worried there has been some payments on it and I don't know what for."
1101,card_payment_not_recognised,extra_charge_on_statement,False,0.3834,card_payment_not_recognised,0.1262,transaction_charged_twice,0.055,False,,I think my statement has a fraudulent charge
1102,card_payment_not_recognised,card_payment_not_recognised,True,0.2339,transaction_charged_twice,0.0597,pending_card_payment,0.0414,False,,"I'm concerned about a payment that has recently been made on my card.  I do not recognize the name that the transaction went to, can you help me?"
1103,card_payment_not_recognised,compromised_card,False,0.1572,card_payment_not_recognised,0.1457,cash_withdrawal_not_recognised,0.0933,False,,What should I do to get transactions off of my account if I didn't make them?  My card must have been compromised and I need to freeze it asap!
1104,card_payment_not_recognised,pending_card_payment,False,0.1167,card_payment_not_recognised,0.1033,reverted_card_payment?,0.0683,False,,I have a payment listed in error.
1105,card_payment_not_recognised,card_payment_not_recognised,True,0.5205,cash_withdrawal_not_recognised,0.0444,compromised_card,0.0239,False,,What can I do about some payments on my card I didn't make.  Please put a freeze on my card till we can figure this out.
1106,card_payment_not_recognised,declined_card_payment,False,0.3712,reverted_card_payment?,0.332,pending_card_payment,0.1516,False,,I'm not familiar with a card payment.
1107,card_payment_not_recognised,extra_charge_on_statement,False,0.1954,direct_debit_payment_not_recognised,0.0761,transaction_charged_twice,0.0643,False,,I have an unauthorized transaction on my statement
1108,card_payment_not_recognised,card_payment_not_recognised,True,0.6689,reverted_card_payment?,0.1105,pending_card_payment,0.043,False,,There is a payment in the App that is not mine.
1109,card_payment_not_recognised,card_payment_not_recognised,True,0.125,transfer_not_received_by_recipient,0.0662,direct_debit_payment_not_recognised,0.0477,False,,I don't know where this transaction came from?
1110,card_payment_not_recognised,card_payment_not_recognised,True,0.0691,extra_charge_on_statement,0.0622,transaction_charged_twice,0.0409,False,,I see a charge on my account that I don't recall making. I feel like my account may have been compromised.
1111,card_payment_not_recognised,card_payment_not_recognised,True,0.4551,direct_debit_payment_not_recognised,0.1305,cash_withdrawal_not_recognised,0.0412,False,,"I know I didn't make this payment showing up on my card, I don't remember this person at all."
1112,card_payment_not_recognised,compromised_card,False,0.1219,card_payment_fee_charged,0.0614,topping_up_by_card,0.0333,False,,Somebody used my card to make a purchase
1113,card_payment_not_recognised,card_payment_not_recognised,True,0.2297,direct_debit_payment_not_recognised,0.0926,cash_withdrawal_not_recognised,0.0322,True,didn make|charge|didn|make|seen,There's a recent charge on my card that I know I didn't make because I've never seen the name before. Can we investigate this?
1114,card_payment_not_recognised,reverted_card_payment?,False,0.0651,card_payment_fee_charged,0.0461,card_payment_not_recognised,0.0418,False,,Some of my card payments look different than where I purchased products from. Why is that?
1115,card_payment_not_recognised,card_payment_not_recognised,True,0.7389,extra_charge_on_statement,0.0346,reverted_card_payment?,0.0145,False,,There is a strange payment on my statement. What should I do?
1116,card_payment_not_recognised,request_refund,False,0.1027,compromised_card,0.0642,card_payment_wrong_exchange_rate,0.0457,False,,I think there has been a purchase made that wasn't by me.
1117,card_payment_not_recognised,extra_charge_on_statement,False,0.5095,card_payment_not_recognised,0.0823,transaction_charged_twice,0.0608,False,,There is a fraudulent charge on my statement.
1118,card_payment_not_recognised,card_payment_not_recognised,True,0.2256,reverted_card_payment?,0.1888,pending_card_payment,0.0572,False,,What is the payment in my account that I did not do?
1119,card_payment_not_recognised,card_payment_not_recognised,True,0.6755,extra_charge_on_statement,0.0264,direct_debit_payment_not_recognised,0.0199,False,,In my statement there is a payment that is I do not recognize
1120,edit_personal_details,edit_personal_details,True,0.525,country_support,0.0595,change_pin,0.0234,False,,"I no longer live at my address on file, how do I change it?"
1121,edit_personal_details,edit_personal_details,True,0.8601,change_pin,0.0099,exchange_via_app,0.0051,False,,How to change my address.
1122,edit_personal_details,edit_personal_details,True,0.6376,pending_top_up,0.0124,why_verify_identity,0.0108,False,,How do I update my details?
1123,edit_personal_details,edit_personal_details,True,0.2767,cancel_transfer,0.0317,transfer_not_received_by_recipient,0.0277,False,,My address needs to be revised.
1124,edit_personal_details,edit_personal_details,True,0.7055,change_pin,0.0106,cancel_transfer,0.0085,False,,"got married, need to change account name"
1125,edit_personal_details,edit_personal_details,True,0.466,request_refund,0.0148,card_payment_wrong_exchange_rate,0.0141,False,,My address has changed.
1126,edit_personal_details,edit_personal_details,True,0.7231,change_pin,0.014,exchange_via_app,0.0081,False,,got married and need to change name
1127,edit_personal_details,edit_personal_details,True,0.7827,change_pin,0.0109,why_verify_identity,0.0074,True,details|change|personal|personal details|want change,I want to change my personal details.
1128,edit_personal_details,edit_personal_details,True,0.6868,why_verify_identity,0.0118,pending_top_up,0.009,False,,I moved.  I need to update my details.
1129,edit_personal_details,edit_personal_details,True,0.8516,why_verify_identity,0.0098,terminate_account,0.0049,False,,I need to edit the personal details section of my account
1130,edit_personal_details,edit_personal_details,True,0.5352,change_pin,0.0178,why_verify_identity,0.0138,False,,Where can I change my personal information after I move?
1131,edit_personal_details,edit_personal_details,True,0.1171,pending_top_up,0.0233,top_up_failed,0.0226,False,,Where can I go to modify my detail?
1132,edit_personal_details,edit_personal_details,True,0.3752,change_pin,0.039,exchange_via_app,0.0207,False,,How do I change my information?
1133,edit_personal_details,edit_personal_details,True,0.8986,change_pin,0.0054,why_verify_identity,0.0047,False,,I need to change my account details
1134,edit_personal_details,edit_personal_details,True,0.6702,pending_top_up,0.0105,why_verify_identity,0.0088,False,,I moved.  Where do I update my details?
1135,edit_personal_details,edit_personal_details,True,0.9208,change_pin,0.0043,why_verify_identity,0.0039,False,,I relocated and need to change my personal details.
1136,edit_personal_details,edit_personal_details,True,0.8877,why_verify_identity,0.0068,pending_top_up,0.0033,False,,I need to update my personal details
1137,edit_personal_details,edit_personal_details,True,0.2661,request_refund,0.0212,pending_top_up,0.0168,False,,My address has changed. How do I report it?
1138,edit_personal_details,edit_personal_details,True,0.177,why_verify_identity,0.0451,pending_top_up,0.0261,False,,I need to update my info.
1139,edit_personal_details,edit_personal_details,True,0.6321,why_verify_identity,0.0108,pending_top_up,0.0087,False,,How can I modify my details?
1140,edit_personal_details,edit_personal_details,True,0.6408,change_pin,0.2205,exchange_via_app,0.0246,False,,What do i have to do to change my name?
1141,edit_personal_details,edit_personal_details,True,0.8308,change_pin,0.0153,balance_not_updated_after_bank_transfer,0.008,False,,My address has updated and I need to change it.
1142,edit_personal_details,edit_personal_details,True,0.3402,pending_top_up,0.0275,balance_not_updated_after_bank_transfer,0.0185,False,,Where can I go to update my personal profile?
1143,edit_personal_details,edit_personal_details,True,0.7413,cash_withdrawal_not_recognised,0.0094,card_linking,0.0081,False,,Is it possible to edit my personal details on the app?
1144,edit_personal_details,edit_personal_details,True,0.8994,change_pin,0.0079,exchange_via_app,0.0038,False,,how can i change my details
1145,edit_personal_details,cancel_transfer,False,0.0572,cash_withdrawal_not_recognised,0.0401,terminate_account,0.0353,False,,I need help changing my last name on my account.
1146,edit_personal_details,edit_personal_details,True,0.5493,pending_top_up,0.0152,why_verify_identity,0.014,False,,How do I update my current residence details?
1147,edit_personal_details,edit_personal_details,True,0.6408,change_pin,0.2205,exchange_via_app,0.0246,False,,how do i change name?
1148,edit_personal_details,edit_personal_details,True,0.7565,change_pin,0.0159,exchange_via_app,0.008,False,,I need to change my name since I got married
1149,edit_personal_details,edit_personal_details,True,0.6715,change_pin,0.0238,request_refund,0.0112,False,,I want to change my address.
1150,edit_personal_details,edit_personal_details,True,0.6408,change_pin,0.2205,exchange_via_app,0.0246,False,,how to change name
1151,edit_personal_details,edit_personal_details,True,0.3752,change_pin,0.039,exchange_via_app,0.0207,True,change|information|change information,Can I change my information?
1152,edit_personal_details,edit_personal_details,True,0.5507,pending_top_up,0.0143,why_verify_identity,0.011,False,,I need to update my current address
1153,edit_personal_details,edit_personal_details,True,0.6702,pending_top_up,0.0105,why_verify_identity,0.0088,False,,I have moved.  Where can I update my details?
1154,edit_personal_details,edit_personal_details,True,0.2133,change_pin,0.1331,request_refund,0.0312,False,,I want to change my name.
1155,edit_personal_details,edit_personal_details,True,0.3581,balance_not_updated_after_bank_transfer,0.0191,pending_top_up,0.0187,False,,Should I just wait until the post office sends a change of address form?
1156,edit_personal_details,edit_personal_details,True,0.6915,change_pin,0.0783,exchange_via_app,0.0184,False,,I need to change my name what do I do?
1157,edit_personal_details,edit_personal_details,True,0.8476,why_verify_identity,0.0052,pending_top_up,0.0036,False,,How can I edit my personal details?
1158,edit_personal_details,edit_personal_details,True,0.8601,change_pin,0.0099,exchange_via_app,0.0051,False,,How do I change my address?
1159,edit_personal_details,edit_personal_details,True,0.8812,change_pin,0.0079,cancel_transfer,0.0049,False,,What do I need to do to change the address on my account?
1160,why_verify_identity,why_verify_identity,True,0.3113,verify_my_identity,0.1962,edit_personal_details,0.1073,False,,Why do you require so many details about my identity?
1161,why_verify_identity,verify_my_identity,False,0.6114,why_verify_identity,0.249,unable_to_verify_identity,0.0909,False,,I'd rather not verify my identity.
1162,why_verify_identity,why_verify_identity,True,0.4553,verify_my_identity,0.2513,unable_to_verify_identity,0.0493,False,,do I need to verify my identity every time I log into my account?
1163,why_verify_identity,why_verify_identity,True,0.565,verify_my_identity,0.2733,unable_to_verify_identity,0.06,False,,Why am I required to verify my identity?
1164,why_verify_identity,why_verify_identity,True,0.3307,verify_my_identity,0.1874,unable_to_verify_identity,0.0959,False,,Can I make transfers before identity verification?
1165,why_verify_identity,verify_my_identity,False,0.4435,why_verify_identity,0.4302,unable_to_verify_identity,0.0351,False,,What is the need to verify my identity?
1166,why_verify_identity,why_verify_identity,True,0.582,verify_my_identity,0.2703,unable_to_verify_identity,0.0224,False,,Do I have to do the identity check?
1167,why_verify_identity,why_verify_identity,True,0.7738,verify_my_identity,0.0394,unable_to_verify_identity,0.03,False,,Can I use my account without verifying my identity?
1168,why_verify_identity,verify_my_identity,False,0.4163,why_verify_identity,0.3887,unable_to_verify_identity,0.1132,False,,Why is identity verification mandatory?
1169,why_verify_identity,why_verify_identity,True,0.582,verify_my_identity,0.2703,unable_to_verify_identity,0.0224,False,,Do I have to do an identity check?
1170,why_verify_identity,verify_my_identity,False,0.3701,why_verify_identity,0.365,unable_to_verify_identity,0.1128,False,,I would like to not have to do the identity verification.
1171,why_verify_identity,why_verify_identity,True,0.7338,verify_my_identity,0.0374,unable_to_verify_identity,0.0205,False,,"Can I still use my account, even though the identity verification has not passed yet?"
1172,why_verify_identity,why_verify_identity,True,0.3431,verify_my_identity,0.1021,edit_personal_details,0.0689,False,,Why do you require all my identity details?
1173,why_verify_identity,why_verify_identity,True,0.5876,verify_my_identity,0.2186,unable_to_verify_identity,0.0528,False,,Why do you need so much information to verify my identity?
1174,why_verify_identity,why_verify_identity,True,0.5537,verify_my_identity,0.1489,unable_to_verify_identity,0.0251,False,,What is the purpose for the identity check
1175,why_verify_identity,why_verify_identity,True,0.1833,unable_to_verify_identity,0.0694,verify_my_identity,0.0632,False,,I don't like that I have to fill out so much information about my identity.
1176,why_verify_identity,why_verify_identity,True,0.4355,verify_my_identity,0.2259,unable_to_verify_identity,0.033,False,,What is the point of an identity check?
1177,why_verify_identity,why_verify_identity,True,0.4195,verify_my_identity,0.1456,unable_to_verify_identity,0.062,False,,How come you need to know my identity?
1178,why_verify_identity,why_verify_identity,True,0.8128,verify_my_identity,0.0392,unable_to_verify_identity,0.017,False,,"May I use my account now, even though the identity verification has not gone through yet?"
1179,why_verify_identity,why_verify_identity,True,0.8609,verify_my_identity,0.0765,unable_to_verify_identity,0.0082,False,,Do I need to verify my identity to use my account?
1180,why_verify_identity,why_verify_identity,True,0.7454,verify_my_identity,0.1013,unable_to_verify_identity,0.0135,False,,Why am I required to do an identity check?
1181,why_verify_identity,why_verify_identity,True,0.5715,verify_my_identity,0.1621,unable_to_verify_identity,0.025,False,,Why am I being asked to have an identity check
1182,why_verify_identity,why_verify_identity,True,0.3006,verify_my_identity,0.1894,unable_to_verify_identity,0.0802,False,,Can i make transactions before identity verification is complete?
1183,why_verify_identity,why_verify_identity,True,0.3803,verify_my_identity,0.32,unable_to_verify_identity,0.0543,False,,Do I really need to verify my identity?
1184,why_verify_identity,edit_personal_details,False,0.2737,why_verify_identity,0.1191,unable_to_verify_identity,0.0851,False,,Why do I have to give you all of my identification details?
1185,why_verify_identity,why_verify_identity,True,0.3431,verify_my_identity,0.1021,edit_personal_details,0.0689,False,,Why do you require so many identity details?
1186,why_verify_identity,why_verify_identity,True,0.2574,unable_to_verify_identity,0.0803,transfer_not_received_by_recipient,0.0224,False,,"Since my id hasn't been verified, when can I use my account?"
1187,why_verify_identity,verify_my_identity,False,0.47,why_verify_identity,0.2316,unable_to_verify_identity,0.1725,False,,I won't verify my identity.
1188,why_verify_identity,why_verify_identity,True,0.6297,verify_my_identity,0.0947,unable_to_verify_identity,0.0517,False,,I want to skip verification of my identity.
1189,why_verify_identity,verify_my_identity,False,0.4506,why_verify_identity,0.2428,unable_to_verify_identity,0.1145,False,,I do not wish to verify my identity.
1190,why_verify_identity,verify_my_identity,False,0.6114,why_verify_identity,0.249,unable_to_verify_identity,0.0909,False,,Why do I have to verify my identity?
1191,why_verify_identity,why_verify_identity,True,0.582,verify_my_identity,0.2703,unable_to_verify_identity,0.0224,False,,what is the identity check?
1192,why_verify_identity,verify_my_identity,False,0.4488,why_verify_identity,0.2372,unable_to_verify_identity,0.1157,False,,What other methods are there to verify my identity?
1193,why_verify_identity,verify_my_identity,False,0.4435,why_verify_identity,0.4302,unable_to_verify_identity,0.0351,False,,Do I need to verify my identity?
1194,why_verify_identity,why_verify_identity,True,0.7362,verify_my_identity,0.0944,unable_to_verify_identity,0.016,False,,Do I need to verify my identity each time I wish to use my account?
1195,why_verify_identity,why_verify_identity,True,0.8003,verify_my_identity,0.0507,unable_to_verify_identity,0.0175,False,,Can I use my account if the identity verification is not complete?
1196,why_verify_identity,why_verify_identity,True,0.5291,verify_my_identity,0.2678,unable_to_verify_identity,0.0715,True,identity|asking|verify|verify identity,Why is it asking me to verify my identity
1197,why_verify_identity,verify_my_identity,False,0.6114,why_verify_identity,0.249,unable_to_verify_identity,0.0909,False,,Do I have to verify my identity?
1198,why_verify_identity,why_verify_identity,True,0.0913,verify_source_of_funds,0.0369,top_up_reverted,0.0274,False,,Why do you need to know so much about me
1199,why_verify_identity,why_verify_identity,True,0.4588,verify_my_identity,0.3653,unable_to_verify_identity,0.0509,False,,Why did I need to verfiy my identity?
1200,unable_to_verify_identity,verify_my_identity,False,0.6114,why_verify_identity,0.249,unable_to_verify_identity,0.0909,False,,I cannot verify my identity
1201,unable_to_verify_identity,unable_to_verify_identity,True,0.3901,why_verify_identity,0.2449,verify_my_identity,0.115,False,,I do not have what is required to prove my identity
1202,unable_to_verify_identity,unable_to_verify_identity,True,0.1013,top_up_failed,0.0577,cash_withdrawal_not_recognised,0.0518,False,,Why doesn't the app believe I am who I say I am?
1203,unable_to_verify_identity,unable_to_verify_identity,True,0.5048,why_verify_identity,0.0898,verify_my_identity,0.0573,False,,I am having trouble verifying my identity.
1204,unable_to_verify_identity,top_up_failed,False,0.2742,verify_top_up,0.1432,failed_transfer,0.0806,False,,what do i do if my verification failed
1205,unable_to_verify_identity,verify_my_identity,False,0.6114,why_verify_identity,0.249,unable_to_verify_identity,0.0909,False,,It is impossible to verify my identity
1206,unable_to_verify_identity,unable_to_verify_identity,True,0.2515,top_up_reverted,0.0385,top_up_failed,0.0344,False,,The app doesn't know it's me.
1207,unable_to_verify_identity,unable_to_verify_identity,True,0.5145,verify_top_up,0.0342,verify_my_identity,0.0239,False,,I'm having trouble verifying my ID.
1208,unable_to_verify_identity,unable_to_verify_identity,True,0.1845,card_payment_not_recognised,0.1169,cash_withdrawal_not_recognised,0.053,False,,app does not recognize me
1209,unable_to_verify_identity,unable_to_verify_identity,True,0.6116,verify_my_identity,0.0356,verify_top_up,0.0293,False,,Help my verify my id.
1210,unable_to_verify_identity,unable_to_verify_identity,True,0.3825,verify_my_identity,0.2125,why_verify_identity,0.1129,False,,The app failed to verify my identity.
1211,unable_to_verify_identity,unable_to_verify_identity,True,0.6114,verify_my_identity,0.0843,verify_top_up,0.0371,False,,I can't verify my ID.
1212,unable_to_verify_identity,unable_to_verify_identity,True,0.6387,verify_my_identity,0.1433,why_verify_identity,0.0786,False,,I can't prove my identity.
1213,unable_to_verify_identity,unable_to_verify_identity,True,0.0961,cash_withdrawal_not_recognised,0.0623,card_linking,0.0594,False,,I am not being recognized by the app.
1214,unable_to_verify_identity,unable_to_verify_identity,True,0.4885,verify_top_up,0.0267,verify_my_identity,0.0221,False,,Why isn't my ID being verified?
1215,unable_to_verify_identity,cash_withdrawal_not_recognised,False,0.1412,terminate_account,0.0567,card_linking,0.0547,False,,The app will not let me into my account.
1216,unable_to_verify_identity,unable_to_verify_identity,True,0.605,why_verify_identity,0.0218,verify_my_identity,0.0184,False,,I am having trouble proving my identity.
1217,unable_to_verify_identity,unable_to_verify_identity,True,0.6387,verify_my_identity,0.1433,why_verify_identity,0.0786,False,,I cannot prove my own identity.
1218,unable_to_verify_identity,unable_to_verify_identity,True,0.4716,verify_top_up,0.0422,verify_my_identity,0.0343,False,,My ID won't be verified!
1219,unable_to_verify_identity,card_linking,False,0.1177,cash_withdrawal_not_recognised,0.1052,unable_to_verify_identity,0.0931,False,,I can not get the app to know it is me.
1220,unable_to_verify_identity,verify_my_identity,False,0.6114,why_verify_identity,0.249,unable_to_verify_identity,0.0909,False,,I can't verify my identity.
1221,unable_to_verify_identity,unable_to_verify_identity,True,0.2148,card_payment_not_recognised,0.1019,cash_withdrawal_not_recognised,0.0484,False,,The app doesn't recognize me.
1222,unable_to_verify_identity,verify_my_identity,False,0.362,unable_to_verify_identity,0.3479,why_verify_identity,0.1795,False,,I am having difficulties to verify my identity.
1223,unable_to_verify_identity,unable_to_verify_identity,True,0.2908,top_up_failed,0.0436,cash_withdrawal_not_recognised,0.0381,False,,The app doesn't believe that I am me
1224,unable_to_verify_identity,unable_to_verify_identity,True,0.2886,verify_my_identity,0.1066,verify_top_up,0.0994,False,,What's with not verifying my Id?
1225,unable_to_verify_identity,unable_to_verify_identity,True,0.2938,verify_my_identity,0.1452,verify_top_up,0.1263,False,,What do i need to verify my id?
1226,unable_to_verify_identity,unable_to_verify_identity,True,0.1965,declined_cash_withdrawal,0.0648,verify_top_up,0.0401,False,,"I tried verifying my ID, but it won't let me."
1227,unable_to_verify_identity,why_verify_identity,False,0.1606,unable_to_verify_identity,0.1295,verify_my_identity,0.1202,False,,How do I show this stupid system that this is really my identity?
1228,unable_to_verify_identity,unable_to_verify_identity,True,0.0935,why_verify_identity,0.0855,verify_my_identity,0.0745,True,identity|difficulty|experiencing|providing,I am experiencing difficulty providing my identity.
1229,unable_to_verify_identity,unable_to_verify_identity,True,0.605,why_verify_identity,0.0218,verify_my_identity,0.0184,False,,I a having trouble proving my identity
1230,unable_to_verify_identity,unable_to_verify_identity,True,0.4282,verify_my_identity,0.1254,verify_top_up,0.0683,False,,How long will it take for my ID to verify?
1231,unable_to_verify_identity,unable_to_verify_identity,True,0.5861,verify_my_identity,0.0341,verify_top_up,0.024,False,,Why am I not able to verify my id?
1232,unable_to_verify_identity,verify_my_identity,False,0.3805,unable_to_verify_identity,0.233,why_verify_identity,0.1919,False,,It doesn't let me verify my identity.
1233,unable_to_verify_identity,cash_withdrawal_not_recognised,False,0.179,card_linking,0.086,unable_to_verify_identity,0.0788,False,,app doesnt think its me
1234,unable_to_verify_identity,unable_to_verify_identity,True,0.5145,verify_top_up,0.0342,verify_my_identity,0.0239,False,,Why am I having trouble verifying my id?
1235,unable_to_verify_identity,unable_to_verify_identity,True,0.2951,why_verify_identity,0.2098,verify_my_identity,0.2043,False,,I am having issues with identity verification
1236,unable_to_verify_identity,unable_to_verify_identity,True,0.0872,beneficiary_not_allowed,0.0548,top_up_failed,0.0432,False,,The app won't let me log in as myself.
1237,unable_to_verify_identity,verify_my_identity,False,0.6114,why_verify_identity,0.249,unable_to_verify_identity,0.0909,False,,Why can't I verify my identity?
1238,unable_to_verify_identity,unable_to_verify_identity,True,0.6114,verify_my_identity,0.0843,verify_top_up,0.0371,False,,Why can't I verify my id?
1239,unable_to_verify_identity,unable_to_verify_identity,True,0.3691,why_verify_identity,0.0862,verify_my_identity,0.0486,False,,for some reason I am having a problem with verifying my identity.
1240,get_physical_card,get_physical_card,True,0.9254,change_pin,0.0239,pin_blocked,0.0174,False,,What do I do with my card PIN?
1241,get_physical_card,get_physical_card,True,0.5147,pin_blocked,0.0735,card_delivery_estimate,0.0536,False,,Is the PIN delivered separately?
1242,get_physical_card,get_physical_card,True,0.8278,pin_blocked,0.1201,change_pin,0.0498,False,,I do not have my pin
1243,get_physical_card,get_physical_card,True,0.5143,pin_blocked,0.0656,change_pin,0.0404,False,,Are PIN separately?
1244,get_physical_card,get_physical_card,True,0.8278,pin_blocked,0.1201,change_pin,0.0498,False,,I cannot seem to find my PIN. Where is it?
1245,get_physical_card,get_physical_card,True,0.2354,card_arrival,0.0921,change_pin,0.0895,False,,How do I set-up my PIN for the new card?
1246,get_physical_card,get_physical_card,True,0.9254,change_pin,0.0239,pin_blocked,0.0174,False,,How do I find my card PIN?
1247,get_physical_card,get_physical_card,True,0.8655,change_pin,0.0267,pin_blocked,0.0231,False,,is my card PIN saved in the app
1248,get_physical_card,get_physical_card,True,0.4765,pin_blocked,0.0643,change_pin,0.0461,False,,I don't know where to look to find my PIN.
1249,get_physical_card,change_pin,False,0.4511,get_physical_card,0.2122,pin_blocked,0.0722,False,,where in the app can i find out about my new pin
1250,get_physical_card,get_physical_card,True,0.7116,pin_blocked,0.1651,change_pin,0.0671,False,,Where in the app can I find my PIN?
1251,get_physical_card,activate_my_card,False,0.1071,card_arrival,0.0873,get_physical_card,0.0655,False,,I just got my new card but am not sure how to check its PIN.
1252,get_physical_card,get_physical_card,True,0.3456,pin_blocked,0.1791,change_pin,0.1168,False,,do i need a pin
1253,get_physical_card,get_physical_card,True,0.2921,pin_blocked,0.067,change_pin,0.0365,False,,"If I need a PIN for my card, where is it located?"
1254,get_physical_card,get_physical_card,True,0.9254,change_pin,0.0239,pin_blocked,0.0174,False,,what is my card PIN
1255,get_physical_card,get_physical_card,True,0.9254,change_pin,0.0239,pin_blocked,0.0174,False,,And what about the Card's PIN?
1256,get_physical_card,get_physical_card,True,0.9254,change_pin,0.0239,pin_blocked,0.0174,False,,About this card PIN?
1257,get_physical_card,get_physical_card,True,0.6481,change_pin,0.039,pin_blocked,0.0341,False,,I received my card but not my PIN.
1258,get_physical_card,get_physical_card,True,0.8278,pin_blocked,0.1201,change_pin,0.0498,False,,Why can't I see my PIN?
1259,get_physical_card,get_physical_card,True,0.1903,pin_blocked,0.1762,change_pin,0.0778,False,,what is the process for setting up a pin
1260,get_physical_card,get_physical_card,True,0.2273,pin_blocked,0.0666,change_pin,0.0367,False,,Does my PIN come with my card?
1261,get_physical_card,get_physical_card,True,0.9254,change_pin,0.0239,pin_blocked,0.0174,False,,Where can I find the card PIN?
1262,get_physical_card,get_physical_card,True,0.4521,pin_blocked,0.167,change_pin,0.0805,False,,Why isn't my PIN available yet?
1263,get_physical_card,get_physical_card,True,0.4137,pin_blocked,0.0709,change_pin,0.0411,False,,Is my PIN located on my account somewhere?
1264,get_physical_card,get_physical_card,True,0.3503,pin_blocked,0.0697,change_pin,0.0523,False,,"Please help in finding my card PIN, thank you!"
1265,get_physical_card,get_physical_card,True,0.5149,pin_blocked,0.162,change_pin,0.0604,False,,Where is my PIN number located?
1266,get_physical_card,get_physical_card,True,0.824,pin_blocked,0.0918,change_pin,0.0502,False,,I still don't have my pin.
1267,get_physical_card,get_physical_card,True,0.9254,change_pin,0.0239,pin_blocked,0.0174,False,,So what about the card PIN?
1268,get_physical_card,get_physical_card,True,0.8125,change_pin,0.0269,pin_blocked,0.0231,False,,I cannot locate the card PIN.
1269,get_physical_card,get_physical_card,True,0.3456,pin_blocked,0.1791,change_pin,0.1168,False,,I need my PIN
1270,get_physical_card,get_physical_card,True,0.8278,pin_blocked,0.1201,change_pin,0.0498,False,,Where can I find my PIN?
1271,get_physical_card,get_physical_card,True,0.4496,pin_blocked,0.0903,change_pin,0.0559,False,,When do I receive my PIN
1272,get_physical_card,get_physical_card,True,0.578,pin_blocked,0.0682,change_pin,0.0529,False,,Help me find my card pin!
1273,get_physical_card,get_physical_card,True,0.5147,pin_blocked,0.0735,card_delivery_estimate,0.0536,True,pin|separately|delivered,Is PIN delivered separately?
1274,get_physical_card,get_physical_card,True,0.9254,change_pin,0.0239,pin_blocked,0.0174,False,,I can not find my card pin.
1275,get_physical_card,get_physical_card,True,0.3456,pin_blocked,0.1791,change_pin,0.1168,False,,What do I need to do for a PIN?
1276,get_physical_card,get_physical_card,True,0.8278,pin_blocked,0.1201,change_pin,0.0498,False,,Why can't I find my PIN?
1277,get_physical_card,get_physical_card,True,0.9254,change_pin,0.0239,pin_blocked,0.0174,False,,Where is the card PIN?
1278,get_physical_card,get_physical_card,True,0.9254,change_pin,0.0239,pin_blocked,0.0174,False,,What is my card's PIN?
1279,get_physical_card,get_physical_card,True,0.8278,pin_blocked,0.1201,change_pin,0.0498,False,,where can user find pin?
1280,visa_or_mastercard,visa_or_mastercard,True,0.808,request_refund,0.0065,top_up_failed,0.0051,False,,I like to Mastercard rather than Visa.
1281,visa_or_mastercard,visa_or_mastercard,True,0.8925,card_arrival,0.0041,getting_spare_card,0.0037,False,,Do I qualify for a visa card?
1282,visa_or_mastercard,visa_or_mastercard,True,0.8925,card_arrival,0.0041,getting_spare_card,0.0037,False,,How do I get a visa card?
1283,visa_or_mastercard,visa_or_mastercard,True,0.8224,supported_cards_and_currencies,0.0219,atm_support,0.007,False,,Do you guys accept Visa or Mastercard?
1284,visa_or_mastercard,visa_or_mastercard,True,0.9337,supported_cards_and_currencies,0.0035,card_acceptance,0.0027,False,,Are both Visa and Mastercard accepted?
1285,visa_or_mastercard,visa_or_mastercard,True,0.6855,supported_cards_and_currencies,0.035,atm_support,0.0119,False,,Do you guys accept mastercard or visa?
1286,visa_or_mastercard,visa_or_mastercard,True,0.8954,top_up_reverted,0.0042,atm_support,0.0027,False,,Are both Visa and Mastercard offered?
1287,visa_or_mastercard,visa_or_mastercard,True,0.8842,pending_top_up,0.003,top_up_failed,0.0028,False,,Can you give me a visa?
1288,visa_or_mastercard,visa_or_mastercard,True,0.8738,atm_support,0.0033,pending_top_up,0.0031,False,,How to decide if I get a Visa or Mastercard?
1289,visa_or_mastercard,visa_or_mastercard,True,0.8943,atm_support,0.0098,card_acceptance,0.0025,False,,Can I get a mastercard?
1290,visa_or_mastercard,visa_or_mastercard,True,0.1472,topping_up_by_card,0.1043,supported_cards_and_currencies,0.0944,False,,What steps must I follow to get a Visa credit card?
1291,visa_or_mastercard,visa_or_mastercard,True,0.8943,atm_support,0.0098,card_acceptance,0.0025,False,,I'd rather get a Mastercard
1292,visa_or_mastercard,visa_or_mastercard,True,0.938,atm_support,0.0016,pending_top_up,0.0015,False,,Do I get a choice between Visa and Mastercard?
1293,visa_or_mastercard,visa_or_mastercard,True,0.3148,topping_up_by_card,0.1655,supported_cards_and_currencies,0.1508,False,,What do I have to do to get a Visa credit card?
1294,visa_or_mastercard,visa_or_mastercard,True,0.896,card_arrival,0.0033,getting_spare_card,0.003,False,,I would prefer a visa card
1295,visa_or_mastercard,visa_or_mastercard,True,0.9366,card_delivery_estimate,0.0017,pending_top_up,0.0015,False,,May I choose between Visa and Mastercard?
1296,visa_or_mastercard,declined_card_payment,False,0.1076,card_payment_not_recognised,0.107,card_not_working,0.0561,False,,Am I allowed to use any card to make a payment?
1297,visa_or_mastercard,country_support,False,0.172,getting_spare_card,0.1584,order_physical_card,0.0948,False,,What are the available cards?
1298,visa_or_mastercard,visa_or_mastercard,True,0.9264,request_refund,0.0028,supported_cards_and_currencies,0.0019,False,,I want to get Visa and Mastercard
1299,visa_or_mastercard,visa_or_mastercard,True,0.1448,card_delivery_estimate,0.0506,card_not_working,0.0292,False,,Am I able to choose my card?
1300,visa_or_mastercard,visa_or_mastercard,True,0.9415,country_support,0.0026,verify_source_of_funds,0.0017,False,,are both visa and mastercard available to me?
1301,visa_or_mastercard,visa_or_mastercard,True,0.9842,atm_support,0.0005,pending_top_up,0.0004,False,,Do you do Visa or Mastercard?
1302,visa_or_mastercard,visa_or_mastercard,True,0.7547,pending_top_up,0.0059,top_up_failed,0.0057,False,,How do I select a Mastercard instead of a Visa?
1303,visa_or_mastercard,visa_or_mastercard,True,0.6627,getting_spare_card,0.0181,country_support,0.0139,False,,I would like to apply for a visa card.
1304,visa_or_mastercard,visa_or_mastercard,True,0.9366,card_delivery_estimate,0.0017,pending_top_up,0.0015,False,,Do I get to choose between Visa and Mastercard?
1305,visa_or_mastercard,visa_or_mastercard,True,0.8671,why_verify_identity,0.0036,atm_support,0.0035,False,,We need both a visa and a Mastercard.
1306,visa_or_mastercard,visa_or_mastercard,True,0.8015,atm_support,0.0094,top_up_failed,0.0064,False,,Hello. Can you tell me if you use Visa or Mastercard?
1307,visa_or_mastercard,visa_or_mastercard,True,0.9218,edit_personal_details,0.0031,request_refund,0.0026,False,,I'd like more information about choosing a Visa or Mastercard.
1308,visa_or_mastercard,visa_or_mastercard,True,0.8842,pending_top_up,0.003,top_up_failed,0.0028,False,,Do you have Visa or Matercard?
1309,visa_or_mastercard,visa_or_mastercard,True,0.8492,beneficiary_not_allowed,0.004,country_support,0.0036,False,,Is it possible to have both a Visa and a Mastercard from you?
1310,visa_or_mastercard,visa_or_mastercard,True,0.2024,request_refund,0.0277,top_up_failed,0.0214,False,,I like Mastercard better.
1311,visa_or_mastercard,visa_or_mastercard,True,0.948,top_up_reverted,0.0016,atm_support,0.0014,False,,Do you offer Visa or Mastercard?
1312,visa_or_mastercard,visa_or_mastercard,True,0.8943,atm_support,0.0098,card_acceptance,0.0025,False,,I would rather the Mastercard.
1313,visa_or_mastercard,visa_or_mastercard,True,0.8288,card_arrival,0.0094,getting_spare_card,0.0091,False,,Please give me both a visa and a master card.
1314,visa_or_mastercard,visa_or_mastercard,True,0.9326,receiving_money,0.0033,beneficiary_not_allowed,0.002,False,,Is it possible to receive a Visa and a MasterCard?
1315,visa_or_mastercard,reverted_card_payment?,False,0.0809,card_payment_fee_charged,0.0665,supported_cards_and_currencies,0.0637,False,,What major card payments are accepted?
1316,visa_or_mastercard,visa_or_mastercard,True,0.9415,country_support,0.0026,verify_source_of_funds,0.0017,False,,Is Visa or Mastercard available?
1317,visa_or_mastercard,visa_or_mastercard,True,0.3915,card_payment_fee_charged,0.0232,top_up_failed,0.0175,False,,Can you let me know if Visa is among the card scheme assignments?
1318,visa_or_mastercard,visa_or_mastercard,True,0.7282,atm_support,0.0121,supported_cards_and_currencies,0.0118,False,,Do you use Mastercard or Visa?
1319,visa_or_mastercard,visa_or_mastercard,True,0.2428,beneficiary_not_allowed,0.0227,country_support,0.0207,False,,Is it possible to get a Visa here?
1320,topping_up_by_card,topping_up_by_card,True,0.0827,cash_withdrawal_not_recognised,0.0425,getting_spare_card,0.0415,False,,How can I top up my account with a card?
1321,topping_up_by_card,topping_up_by_card,True,0.2809,compromised_card,0.0957,card_payment_fee_charged,0.0515,False,,WHERE IS MY MONEY I WAS USING MY CARD AND IT DISAPPEARED
1322,topping_up_by_card,getting_spare_card,False,0.1343,order_physical_card,0.1287,card_arrival,0.1051,False,,How can I top up by card?
1323,topping_up_by_card,topping_up_by_card,True,0.5466,transfer_into_account,0.037,supported_cards_and_currencies,0.033,True,credit card|credit|using credit|card transfer|transfer money,What is the process for using my credit card to transfer money?
1324,topping_up_by_card,card_linking,False,0.0993,cash_withdrawal_not_recognised,0.0493,card_about_to_expire,0.0431,False,,How do I top up my card using your app? I'm new to this.
1325,topping_up_by_card,topping_up_by_card,True,0.2202,top_up_by_cash_or_cheque,0.0377,supported_cards_and_currencies,0.031,False,,Can friends add to my account
1326,topping_up_by_card,compromised_card,False,0.088,card_payment_fee_charged,0.0287,top_up_by_card_charge,0.0266,False,,Can I top up using my car?
1327,topping_up_by_card,topping_up_by_card,True,0.1173,top_up_reverted,0.0718,top_up_failed,0.0536,False,,Why can't I see my topup in my wallet anymore?
1328,topping_up_by_card,topping_up_by_card,True,0.421,supported_cards_and_currencies,0.1137,transfer_into_account,0.0306,False,,Use credit card to transfer money
1329,topping_up_by_card,topping_up_by_card,True,0.4647,terminate_account,0.0212,age_limit,0.0179,False,,How do my friends top up my account
1330,topping_up_by_card,topping_up_by_card,True,0.3913,top_up_reverted,0.0558,transfer_into_account,0.0258,False,,"I followed the instructions to transfer money using my card, but then the money disappeared and I don't know what happened."
1331,topping_up_by_card,transaction_charged_twice,False,0.1017,balance_not_updated_after_cheque_or_cash_deposit,0.0861,balance_not_updated_after_bank_transfer,0.0828,False,,Where's the money that got charged to my card? It's not showing up in my account balance
1332,topping_up_by_card,pending_top_up,False,0.0265,top_up_failed,0.0258,top_up_reverted,0.0243,False,,how can i top up?
1333,topping_up_by_card,topping_up_by_card,True,0.2879,supported_cards_and_currencies,0.0576,failed_transfer,0.0426,False,,"I am missing some funds from my account - I tried to transfer them using my credit card number, and it disappeared."
1334,topping_up_by_card,topping_up_by_card,True,0.1023,terminate_account,0.0436,getting_spare_card,0.0418,False,,I have friends that would like to top-up my account is that possible?
1335,topping_up_by_card,topping_up_by_card,True,0.607,supported_cards_and_currencies,0.0366,transfer_into_account,0.0251,False,,How do I transfer money using a credit card?
1336,topping_up_by_card,topping_up_by_card,True,0.2756,lost_or_stolen_phone,0.0305,card_payment_not_recognised,0.0247,False,,Can I give my friends access to my account so they can top it up for me?
1337,topping_up_by_card,cash_withdrawal_not_recognised,False,0.1716,topping_up_by_card,0.1347,top_up_reverted,0.0371,False,,"I did a top-up, but I'm not seeing it in my wallet yet."
1338,topping_up_by_card,balance_not_updated_after_bank_transfer,False,0.1061,balance_not_updated_after_cheque_or_cash_deposit,0.0778,transfer_not_received_by_recipient,0.0309,False,,"i know i entered the right info, but my top up isn't in my balance"
1339,topping_up_by_card,transfer_not_received_by_recipient,False,0.154,receiving_money,0.1237,topping_up_by_card,0.0461,False,,Will my friend be able to top off my account?
1340,topping_up_by_card,verify_source_of_funds,False,0.0785,transfer_fee_charged,0.0542,beneficiary_not_allowed,0.0487,True,funds|way|card|transfer|transfer funds,Is there a way to transfer funds directly from my card?
1341,topping_up_by_card,topping_up_by_card,True,0.304,balance_not_updated_after_bank_transfer,0.0422,transfer_not_received_by_recipient,0.0374,False,,Why isn't my top up showing on my wallet?
1342,topping_up_by_card,topping_up_by_card,True,0.3424,top_up_reverted,0.0805,declined_cash_withdrawal,0.037,False,,"I tried to top up using my card, but now the money just disappeared!"
1343,topping_up_by_card,topping_up_by_card,True,0.3009,failed_transfer,0.0581,supported_cards_and_currencies,0.052,False,,Help me transfer money to my credit card.
1344,topping_up_by_card,topping_up_by_card,True,0.528,top_up_reverted,0.0368,card_not_working,0.0364,False,,I tried to use my card to top up but all of the money has disappeared.
1345,topping_up_by_card,topping_up_by_card,True,0.353,supported_cards_and_currencies,0.0851,beneficiary_not_allowed,0.0291,False,,Is it possible to use my credit card to transfer money?
1346,topping_up_by_card,supported_cards_and_currencies,False,0.2071,transfer_into_account,0.1972,topping_up_by_card,0.0552,False,,How can someone add money to my account?
1347,topping_up_by_card,lost_or_stolen_phone,False,0.1012,card_payment_not_recognised,0.0434,passcode_forgotten,0.026,False,,Cannot access my top up.
1348,topping_up_by_card,topping_up_by_card,True,0.1017,supported_cards_and_currencies,0.0856,verify_source_of_funds,0.0542,False,,Are my friends able to add funds to my account?
1349,topping_up_by_card,topping_up_by_card,True,0.5053,supported_cards_and_currencies,0.0569,transfer_into_account,0.0341,False,,Can I transfer money to my credit card?
1350,topping_up_by_card,terminate_account,False,0.5048,age_limit,0.1132,transfer_into_account,0.0966,False,,Who else can top up my account
1351,topping_up_by_card,top_up_reverted,False,0.1424,pending_top_up,0.0611,transfer_not_received_by_recipient,0.0598,True,gone|money gone|money|right|attempted,Why is my money gone right when I attempted to top up
1352,topping_up_by_card,topping_up_by_card,True,0.607,supported_cards_and_currencies,0.0366,transfer_into_account,0.0251,False,,How do i transfer money using my credit card?
1353,topping_up_by_card,topping_up_by_card,True,0.1468,terminate_account,0.1441,top_up_by_cash_or_cheque,0.0331,False,,My friends want to top up my account
1354,topping_up_by_card,transfer_into_account,False,0.0516,age_limit,0.0415,country_support,0.0255,False,,Who can top up my accounts?
1355,topping_up_by_card,getting_spare_card,False,0.1343,order_physical_card,0.1287,card_arrival,0.1051,False,,show me how to top up with my card
1356,topping_up_by_card,topping_up_by_card,True,0.4987,top_up_reverted,0.1264,pending_top_up,0.0161,False,,I topped up my card but the money disappeared.
1357,topping_up_by_card,topping_up_by_card,True,0.4455,cash_withdrawal_not_recognised,0.0815,card_payment_not_recognised,0.0295,False,,Why don't I see my top up in my wallet?
1358,topping_up_by_card,pending_top_up,False,0.0759,top_up_reverted,0.0342,top_up_failed,0.0303,False,,Why can't I see the top-up amount I just added to my account?
1359,topping_up_by_card,topping_up_by_card,True,0.3027,age_limit,0.0357,terminate_account,0.0339,False,,Are my friends able to top up my account?
1360,disposable_card_limits,getting_spare_card,False,0.1932,supported_cards_and_currencies,0.0654,order_physical_card,0.0642,False,,How can i get multiple disposble cards.
1361,disposable_card_limits,disposable_card_limits,True,0.8744,get_disposable_virtual_card,0.0228,getting_spare_card,0.0041,False,,Can I make many disposable cards per day?
1362,disposable_card_limits,disposable_card_limits,True,0.2756,top_up_limits,0.0793,get_disposable_virtual_card,0.0562,False,,"I need to use my disposable card multiple times a day, is there a cutoff limit?"
1363,disposable_card_limits,disposable_card_limits,True,0.5671,get_disposable_virtual_card,0.0402,direct_debit_payment_not_recognised,0.0245,False,,How do I make more than one disposable card in a day?
1364,disposable_card_limits,disposable_card_limits,True,0.6297,get_disposable_virtual_card,0.2592,virtual_card_not_working,0.0055,False,,Can I have more than one disposable card?
1365,disposable_card_limits,disposable_card_limits,True,0.8392,get_disposable_virtual_card,0.0919,top_up_limits,0.015,False,,what is the disposable cards limit?
1366,disposable_card_limits,disposable_card_limits,True,0.6818,get_disposable_virtual_card,0.2801,getting_spare_card,0.0049,False,,What's the most disposable cards I can have?
1367,disposable_card_limits,getting_virtual_card,False,0.5321,disposable_card_limits,0.1303,get_disposable_virtual_card,0.0446,False,,Do these virtual cards have any caps on using them?
1368,disposable_card_limits,disposable_card_limits,True,0.6818,get_disposable_virtual_card,0.2801,getting_spare_card,0.0049,False,,How many disposable cards can I have?
1369,disposable_card_limits,disposable_card_limits,True,0.8692,get_disposable_virtual_card,0.0476,getting_spare_card,0.0047,False,,What is the amount of disposable cards I can have each day?
1370,disposable_card_limits,disposable_card_limits,True,0.8112,get_disposable_virtual_card,0.046,getting_spare_card,0.011,False,,How many disposable cards per day am I allowed to have?
1371,disposable_card_limits,get_disposable_virtual_card,False,0.236,disposable_card_limits,0.2216,card_payment_fee_charged,0.033,False,,How many card payments can I use on a disposable card?
1372,disposable_card_limits,disposable_card_limits,True,0.583,get_disposable_virtual_card,0.2583,getting_spare_card,0.0157,False,,What if I need multiple disposable cards?
1373,disposable_card_limits,disposable_card_limits,True,0.2266,get_disposable_virtual_card,0.0692,card_payment_not_recognised,0.0443,True,disposable|disposable card|make|payments|card,"If I have more than one disposable card, can I make five payments on each of them?"
1374,disposable_card_limits,disposable_card_limits,True,0.7321,get_disposable_virtual_card,0.055,getting_spare_card,0.0095,True,disposable|disposable cards|cards|restrictions|restrictions disposable,Are you able to explain the restrictions of the disposable cards?
1375,disposable_card_limits,disposable_card_limits,True,0.0738,top_up_limits,0.0509,compromised_card,0.0467,False,,What is the maximum number of transactions I can make with one card?
1376,disposable_card_limits,disposable_card_limits,True,0.6833,top_up_limits,0.0287,get_disposable_virtual_card,0.0134,False,,What is the limit to number of transactions I can do with a disposable card?
1377,disposable_card_limits,disposable_card_limits,True,0.8392,get_disposable_virtual_card,0.0919,top_up_limits,0.015,False,,How many disposable cards is the limit?
1378,disposable_card_limits,disposable_card_limits,True,0.7079,get_disposable_virtual_card,0.0591,compromised_card,0.0169,False,,Tell me how many transactions I can do with a disposable card.
1379,disposable_card_limits,disposable_card_limits,True,0.8692,get_disposable_virtual_card,0.0476,getting_spare_card,0.0047,False,,I have to have several disposable cards per day.
1380,disposable_card_limits,disposable_card_limits,True,0.6851,get_disposable_virtual_card,0.0508,getting_spare_card,0.0167,False,,I would like to know any restrictions for the disposable cards.
1381,disposable_card_limits,getting_spare_card,False,0.0979,supported_cards_and_currencies,0.042,order_physical_card,0.0381,False,,How can I create many temporary cards daily?
1382,disposable_card_limits,disposable_card_limits,True,0.8363,get_disposable_virtual_card,0.0247,getting_spare_card,0.0086,False,,Is it possible to make several disposable cards in a day?
1383,disposable_card_limits,disposable_card_limits,True,0.599,get_disposable_virtual_card,0.0832,getting_spare_card,0.0123,False,,How many disposable cards can I make in a single day?
1384,disposable_card_limits,disposable_card_limits,True,0.712,top_up_limits,0.0237,get_disposable_virtual_card,0.0163,False,,Is there a limit to how many transactions I can make on one disposable card?
1385,disposable_card_limits,disposable_card_limits,True,0.5716,get_disposable_virtual_card,0.0664,supported_cards_and_currencies,0.0331,False,,Are there any limits to how many disposable cards I can use?
1386,disposable_card_limits,getting_virtual_card,False,0.3601,disposable_card_limits,0.1449,top_up_limits,0.0709,False,,Can you explain the virtual cards limit?
1387,disposable_card_limits,get_disposable_virtual_card,False,0.6871,disposable_card_limits,0.2331,getting_virtual_card,0.0223,False,,How many disposable virtual cards can I have?
1388,disposable_card_limits,disposable_card_limits,True,0.575,get_disposable_virtual_card,0.0958,getting_spare_card,0.018,False,,I need to create several disposable cards per day.
1389,disposable_card_limits,get_disposable_virtual_card,False,0.5024,disposable_card_limits,0.1873,virtual_card_not_working,0.1067,False,,Are there any hindrances to using a disposable virtual card?
1390,disposable_card_limits,disposable_card_limits,True,0.6818,get_disposable_virtual_card,0.2801,getting_spare_card,0.0049,False,,How many disposable cards can I own?
1391,disposable_card_limits,getting_virtual_card,False,0.7159,disposable_card_limits,0.0754,get_disposable_virtual_card,0.0416,False,,How many virtual cards do I get?
1392,disposable_card_limits,disposable_card_limits,True,0.829,get_disposable_virtual_card,0.0448,top_up_limits,0.0167,True,disposable|disposable cards|cards|limit disposable|limit,What is the limit to disposable cards you can have?
1393,disposable_card_limits,disposable_card_limits,True,0.4751,get_disposable_virtual_card,0.1454,declined_card_payment,0.0173,True,disposable|disposable card|times use|times|use disposable,How many times can I use a disposable card?
1394,disposable_card_limits,get_disposable_virtual_card,False,0.2845,disposable_card_limits,0.261,virtual_card_not_working,0.0782,False,,What can I use a virtual disposable card for?
1395,disposable_card_limits,disposable_card_limits,True,0.6457,get_disposable_virtual_card,0.2746,getting_spare_card,0.0065,False,,Do you know what the restriction of the disposable cards are?
1396,disposable_card_limits,disposable_card_limits,True,0.5685,get_disposable_virtual_card,0.2116,getting_virtual_card,0.022,False,,What are the limits for disposable virtual cards?
1397,disposable_card_limits,disposable_card_limits,True,0.6768,get_disposable_virtual_card,0.1316,getting_virtual_card,0.0162,False,,What are the limits to using disposable virtual cards?
1398,disposable_card_limits,disposable_card_limits,True,0.8016,get_disposable_virtual_card,0.0362,compromised_card,0.013,False,,How many transactions can I do with one disposable card?
1399,disposable_card_limits,get_disposable_virtual_card,False,0.6346,disposable_card_limits,0.1465,virtual_card_not_working,0.0507,False,,How many times can I use the disposable virtual card I have?
1400,compromised_card,compromised_card,True,0.5746,cash_withdrawal_not_recognised,0.0349,card_not_working,0.0239,False,,I think someone is using my card to make transactions I don't remember.
1401,compromised_card,terminate_account,False,0.0665,compromised_card,0.044,topping_up_by_card,0.0416,False,,someone is using my account
1402,compromised_card,compromised_card,True,0.2905,card_payment_fee_charged,0.0683,direct_debit_payment_not_recognised,0.0329,False,,Someone I don't know has used my card without permission.
1403,compromised_card,compromised_card,True,0.3953,topping_up_by_card,0.0222,card_payment_fee_charged,0.022,False,,My card was used without my permission.
1404,compromised_card,card_payment_not_recognised,False,0.0781,lost_or_stolen_card,0.0527,compromised_card,0.0427,False,,Can I freeze my card right now?
1405,compromised_card,compromised_card,True,0.0695,cash_withdrawal_not_recognised,0.0449,terminate_account,0.0374,False,,Freeze my account it's been hacked.
1406,compromised_card,compromised_card,True,0.2749,direct_debit_payment_not_recognised,0.0876,card_payment_not_recognised,0.0705,True,transactions|used|used card|card|didn make,"There are transactions I didn't make, someone else must have used my card."
1407,compromised_card,compromised_card,True,0.1248,cash_withdrawal_not_recognised,0.11,card_payment_not_recognised,0.1008,False,,Can you freeze my card because someone used it while I was out of town. I did not make these purchases.
1408,compromised_card,compromised_card,True,0.0458,reverted_card_payment?,0.0343,cash_withdrawal_not_recognised,0.0309,False,,Someone is using my account to do online shopping! Please freeze it asap
1409,compromised_card,compromised_card,True,0.5114,card_payment_not_recognised,0.0631,card_payment_fee_charged,0.0303,False,,Someone else may be using my card.  There are transactions I don't recognize.
1410,compromised_card,compromised_card,True,0.2764,cash_withdrawal_not_recognised,0.0639,card_not_working,0.0614,False,,What do I do to stop unauthorized transactions on my card? I was never in the place from which the transactions on my bill were made and I never made them. Please help!
1411,compromised_card,compromised_card,True,0.4272,lost_or_stolen_card,0.0354,card_not_working,0.0316,False,,What do I do if I think my card was improperly used?
1412,compromised_card,compromised_card,True,0.0872,cancel_transfer,0.0404,terminate_account,0.0376,False,,How can I stop fraud on my account right now?
1413,compromised_card,why_verify_identity,False,0.1389,verify_my_identity,0.1138,compromised_card,0.1019,False,,"I think my identity has been stolen, can you check on unauthorized charges?"
1414,compromised_card,compromised_card,True,0.7154,cash_withdrawal_not_recognised,0.0332,card_payment_not_recognised,0.0267,False,,I think someone else is using my card.  There are transactions I didn't make.
1415,compromised_card,compromised_card,True,0.5206,card_payment_not_recognised,0.0413,cash_withdrawal_not_recognised,0.0233,False,,"I don't recognize some of the transactions on my card, I think someone must have gotten my card info and used it."
1416,compromised_card,lost_or_stolen_phone,False,0.0742,direct_debit_payment_not_recognised,0.067,cash_withdrawal_not_recognised,0.0648,False,,Can I use app to freeze account and dispute fraud?
1417,compromised_card,compromised_card,True,0.2581,cash_withdrawal_not_recognised,0.0623,card_payment_fee_charged,0.0338,False,,My card is being used online to make a bunch of purchases! Someone else is using it fraudulently. Can you help me freeze it?
1418,compromised_card,compromised_card,True,0.0499,topping_up_by_card,0.0485,cash_withdrawal_not_recognised,0.0471,False,,"Someone has my card number, freeze my account."
1419,compromised_card,cash_withdrawal_not_recognised,False,0.0357,compromised_card,0.0318,terminate_account,0.0298,False,,"I see random purchases to my account, was it hacked?"
1420,compromised_card,compromised_card,True,0.2795,card_payment_fee_charged,0.0533,cash_withdrawal_not_recognised,0.0315,False,,It seems someone used my card! There are a few transactions from a small town in the middle of nowhere that I definitely have not made! Please prevent them from using it immediately!
1421,compromised_card,cash_withdrawal_not_recognised,False,0.095,card_payment_not_recognised,0.085,compromised_card,0.0507,False,,How do I freeze my card using the app?
1422,compromised_card,compromised_card,True,0.0866,cash_withdrawal_not_recognised,0.0545,card_arrival,0.0296,False,,My card has been compromised
1423,compromised_card,compromised_card,True,0.7937,card_payment_fee_charged,0.0274,topping_up_by_card,0.0094,False,,What should I do if I think that someone else may be using my card.
1424,compromised_card,compromised_card,True,0.5445,card_not_working,0.0278,cash_withdrawal_not_recognised,0.0213,False,,"The transactions showing up are strange, I think my card was used without me knowing."
1425,compromised_card,cash_withdrawal_not_recognised,False,0.0753,terminate_account,0.0719,card_payment_not_recognised,0.057,False,,How do I freeze my account?
1426,compromised_card,compromised_card,True,0.2824,card_payment_fee_charged,0.1288,topping_up_by_card,0.0437,False,,"I'm not certain, but someone may be using my card."
1427,compromised_card,compromised_card,True,0.5538,card_payment_not_recognised,0.0294,card_not_working,0.0272,False,,How do I freeze my card? I think someone is using it to make a bunch of online transactions.
1428,compromised_card,compromised_card,True,0.6002,card_payment_not_recognised,0.0409,cash_withdrawal_not_recognised,0.0195,False,,I think someone got my card details and used it because there are transactions i don't recognize. What do I do now?
1429,compromised_card,compromised_card,True,0.3035,card_payment_fee_charged,0.1861,topping_up_by_card,0.0517,False,,Someone else used my card!
1430,compromised_card,compromised_card,True,0.429,card_payment_fee_charged,0.1026,topping_up_by_card,0.0344,False,,I believe someone is using my card without my agreement!
1431,compromised_card,card_arrival,False,0.1658,activate_my_card,0.0816,card_about_to_expire,0.0781,True,new card|card|new|information|card information,"If I feel someone has my card information, can I get a new card?"
1432,compromised_card,compromised_card,True,0.2432,card_payment_not_recognised,0.0722,direct_debit_payment_not_recognised,0.0311,False,,"There are a few transaction that I don't recognize, I think someone managed to get my card details and use it."
1433,compromised_card,compromised_card,True,0.0918,card_payment_not_recognised,0.0481,card_arrival,0.0237,False,,I think someone has access to my card numbers that shouldn't.
1434,compromised_card,compromised_card,True,0.153,card_payment_fee_charged,0.067,cash_withdrawal_not_recognised,0.0279,False,,I think my child used my card while I wasn't home.
1435,compromised_card,compromised_card,True,0.1285,card_not_working,0.0388,lost_or_stolen_card,0.0228,False,,What do I do if I think someone managed to get my card information?
1436,compromised_card,compromised_card,True,0.1481,top_up_by_card_charge,0.0297,card_payment_fee_charged,0.0282,False,,I think someone copied the numbers on my card and is using them.
1437,compromised_card,compromised_card,True,0.7937,card_payment_fee_charged,0.0274,topping_up_by_card,0.0094,False,,What should I do if I think someone is using my card.
1438,compromised_card,card_payment_not_recognised,False,0.0665,compromised_card,0.0577,cash_withdrawal_not_recognised,0.0564,False,,Can I use app to freeze my card and dispute fraud?
1439,compromised_card,compromised_card,True,0.4428,card_payment_fee_charged,0.0943,topping_up_by_card,0.032,False,,"Someone else is using my card, freeze it."
1440,atm_support,atm_support,True,0.6472,card_arrival,0.0121,getting_spare_card,0.0113,False,,Do all ATMs take this card?
1441,atm_support,atm_support,True,0.5984,card_acceptance,0.0477,supported_cards_and_currencies,0.0363,False,,Which ATMs accept this card?
1442,atm_support,atm_support,True,0.5922,visa_or_mastercard,0.0405,declined_cash_withdrawal,0.0308,False,,Where is the closest Mastercard ATM?
1443,atm_support,atm_support,True,0.1262,declined_cash_withdrawal,0.123,wrong_amount_of_cash_received,0.0599,False,,Is there a list of ATM machines?
1444,atm_support,atm_support,True,0.3797,compromised_card,0.0555,card_delivery_estimate,0.0287,False,,Are there any specific ATMs that this card can be used at?
1445,atm_support,atm_support,True,0.5806,card_acceptance,0.0488,supported_cards_and_currencies,0.0344,False,,How do I know which ATMs will accept this card?
1446,atm_support,atm_support,True,0.2792,card_acceptance,0.1539,declined_cash_withdrawal,0.0844,False,,Which ATM's accept my card?
1447,atm_support,declined_cash_withdrawal,False,0.1544,atm_support,0.1127,wrong_amount_of_cash_received,0.0919,False,,Is there any nearby ATM's?
1448,atm_support,atm_support,True,0.6856,card_acceptance,0.0348,supported_cards_and_currencies,0.0223,True,atms|locations|atms accept|accept card|accept,Where are the locations of ATMs that accept this card?
1449,atm_support,atm_support,True,0.6068,supported_cards_and_currencies,0.0355,top_up_by_cash_or_cheque,0.0112,False,,Which ATMs accept this placard ?
1450,atm_support,declined_cash_withdrawal,False,0.0868,atm_support,0.0825,wrong_amount_of_cash_received,0.0682,False,,Help me locate the nearest ATM.
1451,atm_support,atm_support,True,0.5129,supported_cards_and_currencies,0.0267,card_not_working,0.0184,False,,What ATMs is the card okay to use at?
1452,atm_support,atm_support,True,0.1582,declined_cash_withdrawal,0.1452,wrong_amount_of_cash_received,0.0866,False,,How can I find the nearest ATM?
1453,atm_support,atm_support,True,0.2583,declined_cash_withdrawal,0.0809,wrong_amount_of_cash_received,0.0464,False,,What kind of ATM's can I use?
1454,atm_support,atm_support,True,0.3993,declined_cash_withdrawal,0.216,cash_withdrawal_not_recognised,0.0325,False,,How can I withdraw money?
1455,atm_support,declined_cash_withdrawal,False,0.2108,wrong_amount_of_cash_received,0.1075,card_swallowed,0.1053,False,,How many miles away is the ATM?
1456,atm_support,atm_support,True,0.1315,declined_cash_withdrawal,0.1256,cash_withdrawal_not_recognised,0.0817,False,,From where can I withdraw?
1457,atm_support,atm_support,True,0.2792,card_acceptance,0.1539,declined_cash_withdrawal,0.0844,False,,Which ATM's will accept my card?
1458,atm_support,atm_support,True,0.3603,card_not_working,0.1677,card_acceptance,0.0397,False,,At what ATMS am I able to use the card?
1459,atm_support,atm_support,True,0.5086,card_not_working,0.0516,card_acceptance,0.0463,False,,Can I use my card at any ATMs?
1460,atm_support,cash_withdrawal_not_recognised,False,0.0755,declined_cash_withdrawal,0.0707,top_up_by_cash_or_cheque,0.0551,False,,Can I get cash with this card anywhere?
1461,atm_support,atm_support,True,0.5984,card_acceptance,0.0477,supported_cards_and_currencies,0.0363,False,,"
Which ATMs accept this card?"
1462,atm_support,atm_support,True,0.0947,declined_cash_withdrawal,0.0783,wrong_amount_of_cash_received,0.059,False,,Can someone please assist me with finding my nearest ATM?
1463,atm_support,atm_support,True,0.1554,declined_cash_withdrawal,0.1062,wrong_amount_of_cash_received,0.0551,False,,Are there any ATM machines near me?
1464,atm_support,card_swallowed,False,0.0457,transfer_into_account,0.0361,balance_not_updated_after_bank_transfer,0.0352,False,,Where is the nearest bank machine?
1465,atm_support,atm_support,True,0.4524,supported_cards_and_currencies,0.0554,card_acceptance,0.0468,True,atms|atms accept|accept card|accept|card,What type of ATMs accept this card?
1466,atm_support,atm_support,True,0.3196,card_swallowed,0.2345,card_acceptance,0.0584,False,,Where can I use this card at an ATM?
1467,atm_support,atm_support,True,0.3127,card_arrival,0.023,declined_cash_withdrawal,0.0223,False,,"If I have this card, which ATMs can I go to?"
1468,atm_support,atm_support,True,0.8974,declined_cash_withdrawal,0.0388,wrong_exchange_rate_for_cash_withdrawal,0.0065,False,,What ATMs can I withdraw money from?
1469,atm_support,atm_support,True,0.2944,declined_cash_withdrawal,0.164,cash_withdrawal_not_recognised,0.0382,False,,"I want to withdraw money, where can I go?"
1470,atm_support,cash_withdrawal_not_recognised,False,0.2042,cash_withdrawal_charge,0.1254,pending_cash_withdrawal,0.0788,False,,Where can I withdrawal my money?
1471,atm_support,atm_support,True,0.5984,card_acceptance,0.0477,supported_cards_and_currencies,0.0363,False,,What are the ATMs that will accept this card?
1472,atm_support,atm_support,True,0.288,supported_cards_and_currencies,0.0766,visa_or_mastercard,0.03,False,,What ATMs will accept this type of card?
1473,atm_support,atm_support,True,0.5177,card_acceptance,0.0523,declined_cash_withdrawal,0.0484,False,,Where can I find an ATM to use this card?
1474,atm_support,atm_support,True,0.75,card_not_working,0.0282,card_acceptance,0.0259,False,,At which ATMs can I use this card?
1475,atm_support,atm_support,True,0.6419,card_not_working,0.0315,card_acceptance,0.0279,False,,Are there certain ATMs that I can use this card at?
1476,atm_support,atm_support,True,0.4353,declined_cash_withdrawal,0.0503,wrong_amount_of_cash_received,0.0345,True,atm|closest|closest atm|know,Do you know the closest ATM?
1477,atm_support,atm_support,True,0.3196,card_swallowed,0.2345,card_acceptance,0.0584,False,,Can I use this card at an ATM?
1478,atm_support,atm_support,True,0.27,declined_cash_withdrawal,0.1423,wrong_amount_of_cash_received,0.0348,False,,Is there places where I can't withdraw money?
1479,atm_support,atm_support,True,0.4172,declined_cash_withdrawal,0.0716,wrong_amount_of_cash_received,0.0236,False,,locations to withdraw money
1480,direct_debit_payment_not_recognised,direct_debit_payment_not_recognised,True,0.9453,cash_withdrawal_not_recognised,0.0058,card_payment_not_recognised,0.0052,False,,Help me.  There is a Direct Debit that I didn't make.
1481,direct_debit_payment_not_recognised,direct_debit_payment_not_recognised,True,0.9923,transfer_not_received_by_recipient,0.0002,pending_top_up,0.0002,False,,There is a direct debit that's not mine.
1482,direct_debit_payment_not_recognised,direct_debit_payment_not_recognised,True,0.9358,extra_charge_on_statement,0.008,card_payment_not_recognised,0.0026,False,,I have a strange direct debit in my statement
1483,direct_debit_payment_not_recognised,direct_debit_payment_not_recognised,True,0.1996,card_payment_not_recognised,0.0339,verify_source_of_funds,0.0285,False,,I don't understand where this debit came from and want it removed.
1484,direct_debit_payment_not_recognised,extra_charge_on_statement,False,0.3003,transaction_charged_twice,0.1644,card_payment_not_recognised,0.0404,False,,what is this charge on my account
1485,direct_debit_payment_not_recognised,Refund_not_showing_up,False,0.1063,request_refund,0.0492,transfer_fee_charged,0.0359,False,,"im so mad right now. theres several charges that I think my x boyfriend made on my card. the companys on the website wouldn't refund me my money, they told me to contact my bank. DO something please."
1486,direct_debit_payment_not_recognised,cash_withdrawal_not_recognised,False,0.0623,transfer_not_received_by_recipient,0.0476,verify_source_of_funds,0.0407,False,,someone stole my money
1487,direct_debit_payment_not_recognised,direct_debit_payment_not_recognised,True,0.9535,card_payment_not_recognised,0.0157,reverted_card_payment?,0.0027,False,,There's a Direct Debit payment in my account that I didn't make
1488,direct_debit_payment_not_recognised,direct_debit_payment_not_recognised,True,0.5127,cash_withdrawal_not_recognised,0.034,top_up_failed,0.0273,False,,There's a debit on my account that I didn't do.
1489,direct_debit_payment_not_recognised,direct_debit_payment_not_recognised,True,0.4973,extra_charge_on_statement,0.0912,transaction_charged_twice,0.024,False,,I may have a fraud charge on my debit statement.
1490,direct_debit_payment_not_recognised,direct_debit_payment_not_recognised,True,0.9593,card_payment_not_recognised,0.0079,reverted_card_payment?,0.0042,False,,Why is there a direct debit payment on my app that is not from me?
1491,direct_debit_payment_not_recognised,direct_debit_payment_not_recognised,True,0.2044,transaction_charged_twice,0.076,top_up_by_card_charge,0.0254,False,,Weird charges are appearing in my debit account.
1492,direct_debit_payment_not_recognised,direct_debit_payment_not_recognised,True,0.1336,transaction_charged_twice,0.0434,pending_top_up,0.03,False,,"Even though it's late, I wanted to see about disputing a charge. I was just looking through my transactions over the past couple of months and noticed a pretty large amount that was not completed by me. Is this possibly something I can still do."
1493,direct_debit_payment_not_recognised,direct_debit_payment_not_recognised,True,0.1206,transfer_not_received_by_recipient,0.047,reverted_card_payment?,0.033,False,,"There was a transaction from two weeks ago from a business that I don't know. I'm fairly certain it wasn't me who made it, but is it an option to trace it to confirm?"
1494,direct_debit_payment_not_recognised,direct_debit_payment_not_recognised,True,0.9677,balance_not_updated_after_cheque_or_cash_deposit,0.0009,transfer_not_received_by_recipient,0.0009,False,,What is this direct debit I am seeing?
1495,direct_debit_payment_not_recognised,direct_debit_payment_not_recognised,True,0.915,card_payment_not_recognised,0.0123,cash_withdrawal_not_recognised,0.003,False,,There is a Direct Debit that I don't recognize.
1496,direct_debit_payment_not_recognised,direct_debit_payment_not_recognised,True,0.1942,balance_not_updated_after_cheque_or_cash_deposit,0.1478,top_up_by_cash_or_cheque,0.0386,False,,Unknown direct deposit
1497,direct_debit_payment_not_recognised,direct_debit_payment_not_recognised,True,0.9514,reverted_card_payment?,0.0037,pending_card_payment,0.0034,False,,There is a suspicious direct debit payment.
1498,direct_debit_payment_not_recognised,card_payment_not_recognised,False,0.2018,direct_debit_payment_not_recognised,0.1517,cash_withdrawal_not_recognised,0.0395,False,,There is a transaction from my account that I don't recognize can you trace back the information so I can make sure it's something I did or not?
1499,direct_debit_payment_not_recognised,direct_debit_payment_not_recognised,True,0.3161,reverted_card_payment?,0.0814,cash_withdrawal_not_recognised,0.0461,False,,"A couple weeks ago some money was deducted from my account by some seller that I don't remember. I'm pretty sure I didn't do that, but is it possible to trace back who that is just to make sure?"
1500,direct_debit_payment_not_recognised,direct_debit_payment_not_recognised,True,0.9919,extra_charge_on_statement,0.0007,top_up_by_card_charge,0.0006,False,,I found a charge for a direct debit that was not made by me.
1501,direct_debit_payment_not_recognised,card_payment_not_recognised,False,0.1568,direct_debit_payment_not_recognised,0.1557,reverted_card_payment?,0.1032,False,,"I am seeing a weird payment showing up that I know I did not make, how can I get it cancelled?"
1502,direct_debit_payment_not_recognised,direct_debit_payment_not_recognised,True,0.911,reverted_card_payment?,0.0058,pending_card_payment,0.0052,False,,This Direct Debit payment may not be right.
1503,direct_debit_payment_not_recognised,direct_debit_payment_not_recognised,True,0.7038,card_payment_not_recognised,0.0291,reverted_card_payment?,0.0157,False,,why does the app show a direct debit payment that I did not authorize
1504,direct_debit_payment_not_recognised,reverted_card_payment?,False,0.1678,direct_debit_payment_not_recognised,0.1607,card_payment_not_recognised,0.06,False,,Can I dispute a payment even if I notice it several weeks after it was made?
1505,direct_debit_payment_not_recognised,direct_debit_payment_not_recognised,True,0.9181,card_payment_not_recognised,0.0243,cash_withdrawal_not_recognised,0.0063,False,,It seems there is an incorrect listing of a direct debit payment on my app that I did not make
1506,direct_debit_payment_not_recognised,direct_debit_payment_not_recognised,True,0.4852,extra_charge_on_statement,0.0858,card_payment_not_recognised,0.0518,False,,I don't think I made this charge on my debit statement.
1507,direct_debit_payment_not_recognised,direct_debit_payment_not_recognised,True,0.9647,card_payment_not_recognised,0.0031,extra_charge_on_statement,0.0018,False,,I have a direct debit charge that I do not recognize
1508,direct_debit_payment_not_recognised,direct_debit_payment_not_recognised,True,0.9444,card_payment_not_recognised,0.0049,transfer_not_received_by_recipient,0.0029,False,,I didn't make this direct debit transaction
1509,direct_debit_payment_not_recognised,direct_debit_payment_not_recognised,True,0.8007,cash_withdrawal_not_recognised,0.0136,extra_charge_on_statement,0.0082,False,,There's a direct debit on my account that I didn't authorize
1510,direct_debit_payment_not_recognised,direct_debit_payment_not_recognised,True,0.4152,card_payment_not_recognised,0.0401,transaction_charged_twice,0.0198,True,dispute|did make|charge|large|months,I understand that this is extremely late. After going over my transactions for the last couple of months I noticed a large charge that I'm sure I did not make. Is there anyway I can still dispute this?
1511,direct_debit_payment_not_recognised,direct_debit_payment_not_recognised,True,0.4815,card_payment_not_recognised,0.2949,pending_card_payment,0.0363,False,,I don't recognize a debit payment that was made and would like to find out about the payment.
1512,direct_debit_payment_not_recognised,direct_debit_payment_not_recognised,True,0.0775,terminate_account,0.0273,cash_withdrawal_not_recognised,0.0225,False,,I am concerned about the security in my account and would like to make a dispute.
1513,direct_debit_payment_not_recognised,direct_debit_payment_not_recognised,True,0.8951,cash_withdrawal_not_recognised,0.0165,card_payment_not_recognised,0.0125,False,,Why is there a direct debit I didn't make showing in the app?
1514,direct_debit_payment_not_recognised,direct_debit_payment_not_recognised,True,0.9574,extra_charge_on_statement,0.005,card_payment_not_recognised,0.0024,False,,There is a direct debit I do not recognise in my statement
1515,direct_debit_payment_not_recognised,direct_debit_payment_not_recognised,True,0.9466,transfer_not_received_by_recipient,0.0037,cancel_transfer,0.0032,False,,"I have a direct debit transaction I have not set up, but would like to ."
1516,direct_debit_payment_not_recognised,cash_withdrawal_not_recognised,False,0.0403,top_up_reverted,0.0362,card_payment_not_recognised,0.0334,False,,Someone has taken my money and I don't know who
1517,direct_debit_payment_not_recognised,extra_charge_on_statement,False,0.0888,transaction_charged_twice,0.0649,card_payment_fee_charged,0.0562,False,,I was charged on my account that shouldn't be there.
1518,direct_debit_payment_not_recognised,direct_debit_payment_not_recognised,True,0.9653,pending_top_up,0.0008,top_up_limits,0.0008,False,,There's a direct debit I wish to dispute
1519,direct_debit_payment_not_recognised,direct_debit_payment_not_recognised,True,0.1092,reverted_card_payment?,0.0595,top_up_failed,0.0316,False,,Why was my account deducted from a seller when I didn't approve of it?
1520,passcode_forgotten,passcode_forgotten,True,0.5566,top_up_reverted,0.0232,top_up_failed,0.0196,False,,What do I do if I forget my passcode?  Because I did.
1521,passcode_forgotten,passcode_forgotten,True,0.8539,pending_top_up,0.0037,top_up_failed,0.0035,False,,I can't find my password
1522,passcode_forgotten,passcode_forgotten,True,0.589,pending_top_up,0.0104,top_up_reverted,0.0095,False,,How do I retrieve my passcode?
1523,passcode_forgotten,passcode_forgotten,True,0.4988,top_up_failed,0.0405,card_not_working,0.0344,False,,My passcode doesn't seem to be working
1524,passcode_forgotten,passcode_forgotten,True,0.4326,lost_or_stolen_card,0.0298,card_linking,0.022,False,,I lost my password
1525,passcode_forgotten,passcode_forgotten,True,0.3956,top_up_failed,0.0173,pending_top_up,0.0163,False,,My password isn't being accepted and I need to reset it.
1526,passcode_forgotten,passcode_forgotten,True,0.6499,cancel_transfer,0.021,card_payment_wrong_exchange_rate,0.0189,False,,Something is wrong with my password.
1527,passcode_forgotten,passcode_forgotten,True,0.8807,cancel_transfer,0.0082,card_payment_wrong_exchange_rate,0.0074,False,,Something is wrong with my passcode
1528,passcode_forgotten,passcode_forgotten,True,0.7653,pending_top_up,0.0059,top_up_failed,0.0054,False,,"How do I reset a forgotten passcode, please?"
1529,passcode_forgotten,passcode_forgotten,True,0.566,why_verify_identity,0.0109,pending_top_up,0.01,False,,I can't recall my passcode and need to reset it.
1530,passcode_forgotten,passcode_forgotten,True,0.456,wrong_amount_of_cash_received,0.0241,card_about_to_expire,0.0201,False,,Can I be given a new passcode?
1531,passcode_forgotten,passcode_forgotten,True,0.9249,top_up_reverted,0.0025,direct_debit_payment_not_recognised,0.002,False,,I do not know my passcode.
1532,passcode_forgotten,passcode_forgotten,True,0.4137,cash_withdrawal_not_recognised,0.0724,card_payment_not_recognised,0.044,False,,I don't remember my code to get into the app.
1533,passcode_forgotten,passcode_forgotten,True,0.7429,card_arrival,0.0077,balance_not_updated_after_bank_transfer,0.0073,False,,I no longer have my passcode.
1534,passcode_forgotten,passcode_forgotten,True,0.7343,card_not_working,0.0312,top_up_failed,0.024,False,,Why won't my passcode work?
1535,passcode_forgotten,passcode_forgotten,True,0.9783,pending_top_up,0.0005,top_up_reverted,0.0005,False,,Can I resent my passcode?
1536,passcode_forgotten,passcode_forgotten,True,0.7092,why_verify_identity,0.0075,pending_top_up,0.0068,False,,I need to reset my passcode. How do I do it?
1537,passcode_forgotten,passcode_forgotten,True,0.8825,pending_top_up,0.0029,top_up_reverted,0.0027,False,,Show me please how to reset my passcode.
1538,passcode_forgotten,passcode_forgotten,True,0.8709,cash_withdrawal_not_recognised,0.0044,pin_blocked,0.0034,False,,Help me reset the passcode.
1539,passcode_forgotten,passcode_forgotten,True,0.5805,lost_or_stolen_phone,0.044,card_payment_not_recognised,0.0152,False,,I have forgotten my passcode to access my app
1540,passcode_forgotten,passcode_forgotten,True,0.5635,card_not_working,0.056,top_up_failed,0.0402,False,,What should I do if the passcode doesn't work for me?
1541,passcode_forgotten,passcode_forgotten,True,0.3861,verify_top_up,0.1005,cash_withdrawal_not_recognised,0.0221,False,,"I do not remember the code, what should I do?"
1542,passcode_forgotten,passcode_forgotten,True,0.8825,pending_top_up,0.0029,top_up_reverted,0.0027,False,,Where can I reset the passcode?
1543,passcode_forgotten,passcode_forgotten,True,0.4358,lost_or_stolen_phone,0.1285,cash_withdrawal_not_recognised,0.0268,False,,I need help resetting my passcode to access my app.
1544,passcode_forgotten,passcode_forgotten,True,0.6105,receiving_money,0.0315,wrong_amount_of_cash_received,0.0135,False,,What steps do I take to receive another passcode?
1545,passcode_forgotten,passcode_forgotten,True,0.8155,pending_top_up,0.0046,top_up_failed,0.0044,False,,I forgot my password
1546,passcode_forgotten,passcode_forgotten,True,0.4777,verify_top_up,0.0229,cash_withdrawal_not_recognised,0.0195,False,,I forgot my code to get into the app.
1547,passcode_forgotten,passcode_forgotten,True,0.6261,pending_top_up,0.0096,top_up_failed,0.0092,False,,I have forgotten my password.
1548,passcode_forgotten,passcode_forgotten,True,0.3152,lost_or_stolen_phone,0.0842,verify_top_up,0.0255,False,,I forgot the code to access the app.
1549,passcode_forgotten,passcode_forgotten,True,0.82,card_arrival,0.0054,top_up_failed,0.0045,False,,Is there a way to reset my passcode?
1550,passcode_forgotten,passcode_forgotten,True,0.7904,cash_withdrawal_not_recognised,0.0082,pin_blocked,0.0068,False,,Can you help me reset my password?
1551,passcode_forgotten,passcode_forgotten,True,0.7366,card_payment_not_recognised,0.0153,direct_debit_payment_not_recognised,0.0097,False,,Can I reset my password?  I don't know what it is.
1552,passcode_forgotten,passcode_forgotten,True,0.8825,pending_top_up,0.0029,top_up_reverted,0.0027,False,,How do I reset the passcode?
1553,passcode_forgotten,passcode_forgotten,True,0.7903,pending_top_up,0.0052,top_up_failed,0.0048,False,,What should I do if I forgot my passcode?
1554,passcode_forgotten,passcode_forgotten,True,0.5635,card_not_working,0.056,top_up_failed,0.0402,False,,My passcode doesn't work
1555,passcode_forgotten,passcode_forgotten,True,0.8231,top_up_failed,0.0059,top_up_reverted,0.0049,False,,Tell me how to reset the passcode.
1556,passcode_forgotten,passcode_forgotten,True,0.5001,card_about_to_expire,0.0329,pending_top_up,0.0151,False,,I need a new passcode.
1557,passcode_forgotten,passcode_forgotten,True,0.3471,card_payment_not_recognised,0.0694,lost_or_stolen_phone,0.0439,False,,I don't have my access code for the app.
1558,passcode_forgotten,passcode_forgotten,True,0.8231,top_up_failed,0.0059,top_up_reverted,0.0049,False,,Can you tell me what to do to reset my passcode?
1559,passcode_forgotten,passcode_forgotten,True,0.1286,verify_top_up,0.0821,card_linking,0.0381,False,,What is the code I need to get into the app?
1560,declined_cash_withdrawal,declined_cash_withdrawal,True,0.0478,top_up_reverted,0.0435,get_physical_card,0.0394,False,,Can you tell me why you won't let me get my own money out of the money machine? I know I used the right PIN.
1561,declined_cash_withdrawal,top_up_reverted,False,0.1463,declined_cash_withdrawal,0.142,cash_withdrawal_not_recognised,0.0775,False,,My withdrawal was cancelled.
1562,declined_cash_withdrawal,declined_cash_withdrawal,True,0.1612,card_not_working,0.0871,top_up_failed,0.0776,False,,This is very frustrating. I can't get my card to work on any ATM I try and I've tried 3 of them so far. What's going on? Can you please fix this issue immediately?
1563,declined_cash_withdrawal,wrong_amount_of_cash_received,False,0.1786,declined_cash_withdrawal,0.152,atm_support,0.1061,False,,The ATM did not allow me to withdraw
1564,declined_cash_withdrawal,declined_cash_withdrawal,True,0.2188,cancel_transfer,0.0767,wrong_amount_of_cash_received,0.0584,False,,Why was my ATM transaction cancelled?
1565,declined_cash_withdrawal,declined_cash_withdrawal,True,0.2543,atm_support,0.0598,top_up_failed,0.0411,True,atm|tried|different atms|atms|atm keeps,The ATM keeps declining my card. I tried at a couple different ATMs. Can you tell me if there's a problem with my account?
1566,declined_cash_withdrawal,declined_cash_withdrawal,True,0.6429,declined_transfer,0.0412,atm_support,0.0407,False,,I was at the ATM trying to made a withdraw and I was declined.
1567,declined_cash_withdrawal,wrong_amount_of_cash_received,False,0.2954,declined_cash_withdrawal,0.293,cash_withdrawal_not_recognised,0.0376,False,,The ATM didn't let me get any cash
1568,declined_cash_withdrawal,verify_source_of_funds,False,0.148,pending_top_up,0.0278,top_up_reverted,0.0258,False,,I want to know why I have been unable to withdrawn funds.
1569,declined_cash_withdrawal,declined_cash_withdrawal,True,0.2061,declined_card_payment,0.0475,declined_transfer,0.047,False,,"I need your help to check my account, please! My card keeps being declined at the ATM, and I've already tried two different ones!"
1570,declined_cash_withdrawal,declined_cash_withdrawal,True,0.2594,top_up_failed,0.0476,declined_card_payment,0.0426,False,,"Hi, My card withdrawal was declined this morning. It was working fine till yesterday. Please check and inform me."
1571,declined_cash_withdrawal,atm_support,False,0.1136,declined_cash_withdrawal,0.0956,top_up_by_cash_or_cheque,0.0349,False,,"Hi, I was trying to use my card but it was declining by ATM. I have cross checked with two different ATMs but i was facing the same issue. Could you please check my account."
1572,declined_cash_withdrawal,declined_cash_withdrawal,True,0.2785,cash_withdrawal_not_recognised,0.0902,pending_cash_withdrawal,0.0743,False,,I tried to make a cash withdrawal and it was declined. Why did this happen?
1573,declined_cash_withdrawal,declined_cash_withdrawal,True,0.6689,wrong_amount_of_cash_received,0.1062,atm_support,0.0365,False,,I can't get money out of the ATM
1574,declined_cash_withdrawal,declined_cash_withdrawal,True,0.2741,atm_support,0.0772,wrong_amount_of_cash_received,0.0385,False,,The ATM is declining my card. I tried at two different ATMs. Can you tell me if there's anything wrong with my account?
1575,declined_cash_withdrawal,declined_cash_withdrawal,True,0.2869,declined_transfer,0.0575,cash_withdrawal_not_recognised,0.0489,False,,The withdrawal was declined I am unsure as to why this happened?
1576,declined_cash_withdrawal,declined_cash_withdrawal,True,0.5417,declined_transfer,0.0976,declined_card_payment,0.0329,False,,I was declined when I tried to get cash.
1577,declined_cash_withdrawal,declined_cash_withdrawal,True,0.3141,declined_transfer,0.0757,wrong_amount_of_cash_received,0.059,False,,Why was I declined at the ATM today when I was trying to make a withdraw?
1578,declined_cash_withdrawal,declined_card_payment,False,0.0692,declined_cash_withdrawal,0.0585,transaction_charged_twice,0.0584,False,,What are some reasons that would cause ATM machines to decline my card? It has happened to me multiple times!
1579,declined_cash_withdrawal,pending_cash_withdrawal,False,0.2647,wrong_amount_of_cash_received,0.167,declined_cash_withdrawal,0.1382,False,,Why did the ATM machine fail to give me a cash withdrawal?
1580,declined_cash_withdrawal,declined_cash_withdrawal,True,0.1157,wrong_amount_of_cash_received,0.0999,transfer_not_received_by_recipient,0.0449,False,,My ATM transaction was unsuccessful.
1581,declined_cash_withdrawal,declined_cash_withdrawal,True,0.4288,declined_transfer,0.0378,declined_card_payment,0.0313,False,,I attempted to get cash but was declined.
1582,declined_cash_withdrawal,declined_cash_withdrawal,True,0.7634,atm_support,0.0297,declined_transfer,0.0279,True,declined|tried|withdraw|withdraw money|money,I tried to withdraw money but I was declined!
1583,declined_cash_withdrawal,declined_cash_withdrawal,True,0.4312,wrong_amount_of_cash_received,0.0777,cash_withdrawal_charge,0.0358,False,,How come I can't take money out of the ATM?
1584,declined_cash_withdrawal,declined_cash_withdrawal,True,0.3226,atm_support,0.0643,top_up_failed,0.0325,False,,The ATM keeps declining my card. I tried at two different ATMs. Can you tell me if there's an issue with my account?
1585,declined_cash_withdrawal,declined_cash_withdrawal,True,0.6519,pending_cash_withdrawal,0.1161,cash_withdrawal_not_recognised,0.0796,False,,Why was my cash withdrawal declined?
1586,declined_cash_withdrawal,top_up_by_cash_or_cheque,False,0.2654,declined_cash_withdrawal,0.1896,wrong_amount_of_cash_received,0.1732,False,,Why could I not get cash?
1587,declined_cash_withdrawal,declined_cash_withdrawal,True,0.7468,wrong_amount_of_cash_received,0.0982,pending_cash_withdrawal,0.0317,False,,why couldn't I get cash in the ATM?
1588,declined_cash_withdrawal,top_up_by_cash_or_cheque,False,0.2654,declined_cash_withdrawal,0.1896,wrong_amount_of_cash_received,0.1732,False,,Why can't I get cash?
1589,declined_cash_withdrawal,wrong_amount_of_cash_received,False,0.2974,declined_cash_withdrawal,0.126,atm_support,0.0371,False,,Why didn't the ATM give me my money?
1590,declined_cash_withdrawal,declined_cash_withdrawal,True,0.6921,wrong_amount_of_cash_received,0.064,atm_support,0.0295,False,,i tried to withdraw money from an atm and i was declined on front of my friends. Why did this happen?
1591,declined_cash_withdrawal,declined_cash_withdrawal,True,0.1372,wrong_amount_of_cash_received,0.105,atm_support,0.0585,False,,The ATM isn't giving out any money.
1592,declined_cash_withdrawal,declined_cash_withdrawal,True,0.3585,declined_transfer,0.0818,cash_withdrawal_charge,0.0709,False,,Why was I declined getting cash?
1593,declined_cash_withdrawal,declined_cash_withdrawal,True,0.7468,wrong_amount_of_cash_received,0.0982,pending_cash_withdrawal,0.0317,True,atm|cash|cash atm|couldn,I couldn't get cash at the atm
1594,declined_cash_withdrawal,declined_cash_withdrawal,True,0.4563,declined_card_payment,0.0811,top_up_failed,0.0399,False,,"Oh my goodness, my card has been declined twice at ATM! I tried two different ATM, but each one declined my card! Can you tell me what's going on with my account?"
1595,declined_cash_withdrawal,declined_cash_withdrawal,True,0.5811,wrong_amount_of_cash_received,0.1404,pending_cash_withdrawal,0.0573,False,,Why could I not choose cash at the ATM?
1596,declined_cash_withdrawal,declined_cash_withdrawal,True,0.2749,cash_withdrawal_not_recognised,0.07,cash_withdrawal_charge,0.0617,False,,My cash withdrawl was declined why?
1597,declined_cash_withdrawal,declined_cash_withdrawal,True,0.626,declined_transfer,0.0648,declined_card_payment,0.0478,False,,Is there a reason that the ATM declined my transaction?
1598,declined_cash_withdrawal,declined_cash_withdrawal,True,0.4193,wrong_amount_of_cash_received,0.1522,pending_cash_withdrawal,0.0548,False,,The cash I tried to draw from the ATM was not approved.
1599,declined_cash_withdrawal,declined_cash_withdrawal,True,0.6931,wrong_amount_of_cash_received,0.0961,cash_withdrawal_charge,0.0524,False,,atm would not give me cash
1600,pending_card_payment,declined_card_payment,False,0.2761,reverted_card_payment?,0.2585,pending_card_payment,0.1413,False,,"My card payment is still on hold, why is it so?"
1601,pending_card_payment,pending_card_payment,True,0.9724,pending_top_up,0.0049,pending_transfer,0.0044,False,,Why is my payment pending?
1602,pending_card_payment,pending_card_payment,True,0.948,declined_card_payment,0.0131,reverted_card_payment?,0.0121,False,,My card payment is still pending.
1603,pending_card_payment,declined_card_payment,False,0.3712,reverted_card_payment?,0.332,pending_card_payment,0.1516,False,,How do i finalize a card payment
1604,pending_card_payment,pending_card_payment,True,0.8441,reverted_card_payment?,0.0333,card_payment_not_recognised,0.0179,False,,Why is my card payment showing as pending?
1605,pending_card_payment,pending_card_payment,True,0.4327,card_payment_not_recognised,0.0601,reverted_card_payment?,0.0591,False,,Why has my payment not gone through?
1606,pending_card_payment,pending_card_payment,True,0.6892,declined_card_payment,0.0413,reverted_card_payment?,0.0292,False,,Please help me to know the status of my card payment as its pending since a while.
1607,pending_card_payment,pending_card_payment,True,0.283,pending_cash_withdrawal,0.0682,pending_top_up,0.0627,False,,"I recently made a payment, and it is showing up in my account as ""pending"". What does that mean?"
1608,pending_card_payment,pending_card_payment,True,0.8266,pending_top_up,0.0365,pending_transfer,0.0145,False,,What does it mean by pending payment?
1609,pending_card_payment,pending_card_payment,True,0.948,declined_card_payment,0.0131,reverted_card_payment?,0.0121,False,,When will my card payment be done pending?
1610,pending_card_payment,pending_card_payment,True,0.2469,transfer_not_received_by_recipient,0.1011,pending_top_up,0.0727,False,,I made this payment days ago so why hasn't it gone through yet?
1611,pending_card_payment,pending_card_payment,True,0.7465,declined_card_payment,0.0623,reverted_card_payment?,0.0578,False,,I am seeing pending from the card payment I made.
1612,pending_card_payment,pending_card_payment,True,0.8441,reverted_card_payment?,0.0333,card_payment_not_recognised,0.0179,False,,My card payment is showing pending.
1613,pending_card_payment,pending_card_payment,True,0.4008,pending_transfer,0.0539,pending_top_up,0.0428,False,,I bought some stuff this morning but the payment shows as pending
1614,pending_card_payment,pending_card_payment,True,0.3692,card_payment_not_recognised,0.1613,reverted_card_payment?,0.1526,False,,I am waiting for a payment to go through.
1615,pending_card_payment,pending_top_up,False,0.3199,pending_transfer,0.1365,pending_card_payment,0.1197,False,,How long does an item I bought show as pending?
1616,pending_card_payment,pending_card_payment,True,0.937,pending_top_up,0.011,pending_transfer,0.007,False,,What is a pending payment?
1617,pending_card_payment,pending_card_payment,True,0.2709,pending_top_up,0.0729,pending_transfer,0.0346,False,,I would like to know why my purchases from this morning are still pending.
1618,pending_card_payment,pending_card_payment,True,0.227,pending_transfer,0.099,pending_cash_withdrawal,0.0721,False,,Why is there a pending transaction on my card?
1619,pending_card_payment,pending_card_payment,True,0.948,declined_card_payment,0.0131,reverted_card_payment?,0.0121,False,,My card payment is pending.
1620,pending_card_payment,pending_card_payment,True,0.7111,reverted_card_payment?,0.0311,card_payment_not_recognised,0.0291,False,,Why is a payment showing up on my card as pending?
1621,pending_card_payment,pending_top_up,False,0.2315,pending_card_payment,0.2179,pending_transfer,0.0919,False,,I made a purchase and it says it's pending. What does that mean?
1622,pending_card_payment,card_delivery_estimate,False,0.1171,card_not_working,0.0639,compromised_card,0.0519,False,,How long do card transactions take to clear?
1623,pending_card_payment,pending_top_up,False,0.3101,pending_card_payment,0.1668,pending_transfer,0.1196,False,,what does pending mean?
1624,pending_card_payment,pending_card_payment,True,0.3728,pending_top_up,0.0728,pending_transfer,0.0647,False,,How long will this card payment stay pending?
1625,pending_card_payment,pending_card_payment,True,0.5035,reverted_card_payment?,0.0428,card_payment_not_recognised,0.0396,False,,My payment still hasn't processed!
1626,pending_card_payment,transaction_charged_twice,False,0.4493,pending_top_up,0.0407,extra_charge_on_statement,0.0383,False,,"I was double charged, and the second charge is showing as ""pending"". How long will it be before I get my money back once the second charge has been refunded?"
1627,pending_card_payment,pending_card_payment,True,0.4188,card_payment_not_recognised,0.0534,transfer_not_received_by_recipient,0.0491,False,,"I have waited 15 days, but my payment still hasn't cleared."
1628,pending_card_payment,pending_card_payment,True,0.937,pending_top_up,0.011,pending_transfer,0.007,True,payment|pending|pending payment,Why would I have a pending payment?
1629,pending_card_payment,pending_card_payment,True,0.5966,pending_top_up,0.0474,pending_transfer,0.0249,False,,Explain what the pending payment means?
1630,pending_card_payment,pending_card_payment,True,0.5325,pending_cash_withdrawal,0.0919,pending_top_up,0.091,False,,Why are my payments showing pending?
1631,pending_card_payment,pending_top_up,False,0.3125,pending_card_payment,0.1338,pending_transfer,0.0803,False,,"My card is still pending, I've been waiting a while."
1632,pending_card_payment,pending_card_payment,True,0.2846,transfer_not_received_by_recipient,0.0783,balance_not_updated_after_bank_transfer,0.0515,False,,How long does it take for a payment to go thru? I made one a few days ago and it has not been cleared yet.
1633,pending_card_payment,pending_card_payment,True,0.4877,pending_transfer,0.0506,pending_top_up,0.0388,False,,I bought some things this morning but the payment shows that it is pending
1634,pending_card_payment,pending_card_payment,True,0.2794,transfer_timing,0.0618,card_delivery_estimate,0.061,False,,How long does it take to authorise a payment?
1635,pending_card_payment,pending_card_payment,True,0.071,card_payment_not_recognised,0.0545,reverted_card_payment?,0.0541,False,,I had a payment that I made and it's been some amount of time and would like to know when it's suppose to go though.
1636,pending_card_payment,pending_card_payment,True,0.2263,pending_transfer,0.1568,pending_top_up,0.1202,False,,What does a pending transaction mean?
1637,pending_card_payment,pending_card_payment,True,0.2118,card_payment_fee_charged,0.0776,reverted_card_payment?,0.0758,False,,I have paid by my card but payment is still its coming as pending. I think there is some issue please check and let me know when the status will complete.
1638,pending_card_payment,pending_card_payment,True,0.6876,pending_top_up,0.1664,pending_transfer,0.0269,False,,I have a pending payment in my account that I paid a while back ago and it still hasnt gone through. Why would it show pending for so long?
1639,pending_card_payment,pending_card_payment,True,0.5611,pending_top_up,0.0296,reverted_card_payment?,0.0294,False,,I have a pending payment from stuff I bought this morning.
1640,lost_or_stolen_phone,lost_or_stolen_phone,True,0.9615,lost_or_stolen_card,0.0046,compromised_card,0.001,False,,My phone was stolen
1641,lost_or_stolen_phone,lost_or_stolen_phone,True,0.915,lost_or_stolen_card,0.0047,pending_top_up,0.0023,False,,My phone was stolen yesterday.  What should I do?
1642,lost_or_stolen_phone,lost_or_stolen_phone,True,0.342,cash_withdrawal_not_recognised,0.039,top_up_reverted,0.0233,False,,"If my phone is missing, can I block someone from using the app?"
1643,lost_or_stolen_phone,lost_or_stolen_phone,True,0.6754,lost_or_stolen_card,0.0571,compromised_card,0.0129,False,,I think my phone is either lost or stolen.
1644,lost_or_stolen_phone,lost_or_stolen_phone,True,0.294,card_linking,0.0599,cash_withdrawal_not_recognised,0.0385,False,,"If I was mugged and lost everything, how do I access my account and app?"
1645,lost_or_stolen_phone,lost_or_stolen_phone,True,0.9896,top_up_reverted,0.0003,edit_personal_details,0.0003,False,,I can't find my phone.
1646,lost_or_stolen_phone,lost_or_stolen_phone,True,0.5892,lost_or_stolen_card,0.0506,card_arrival,0.0337,False,,I've lost track of my phone or someone stole it.
1647,lost_or_stolen_phone,lost_or_stolen_phone,True,0.3994,lost_or_stolen_card,0.0525,compromised_card,0.0361,False,,"I'm not sure where my phone is, I think someone stole it or it's lost."
1648,lost_or_stolen_phone,lost_or_stolen_phone,True,0.7196,compromised_card,0.0553,lost_or_stolen_card,0.0294,False,,Can I used my card even if my phone has been stolen?
1649,lost_or_stolen_phone,lost_or_stolen_phone,True,0.9615,lost_or_stolen_card,0.0046,compromised_card,0.001,False,,"My phone was stolen, what do I do?"
1650,lost_or_stolen_phone,lost_or_stolen_phone,True,0.7265,supported_cards_and_currencies,0.012,card_linking,0.0098,False,,"lost my phone, dont want others to use it."
1651,lost_or_stolen_phone,lost_or_stolen_phone,True,0.7755,lost_or_stolen_card,0.0179,card_linking,0.0077,False,,I lost my phone and need help securing it.
1652,lost_or_stolen_phone,lost_or_stolen_phone,True,0.9588,card_linking,0.0018,cash_withdrawal_not_recognised,0.0018,False,,My phone was stolen so I no longer have access to the app.
1653,lost_or_stolen_phone,lost_or_stolen_phone,True,0.8314,card_linking,0.0063,card_payment_not_recognised,0.0057,False,,"left phone at hotel, how to access app"
1654,lost_or_stolen_phone,lost_or_stolen_phone,True,0.9108,exchange_via_app,0.0046,card_linking,0.0038,False,,My phone is not on me.  How can I use the app?
1655,lost_or_stolen_phone,lost_or_stolen_phone,True,0.6033,pending_top_up,0.0452,top_up_reverted,0.0255,False,,my phone is gone
1656,lost_or_stolen_phone,lost_or_stolen_phone,True,0.9035,card_linking,0.0062,unable_to_verify_identity,0.0045,False,,My phone is not with me at the moment so I will not be able to access the app.
1657,lost_or_stolen_phone,lost_or_stolen_phone,True,0.1723,terminate_account,0.0638,cancel_transfer,0.0505,False,,my phone was taken! can you place cancel my account so no one uses it
1658,lost_or_stolen_phone,lost_or_stolen_phone,True,0.6257,lost_or_stolen_card,0.0212,card_linking,0.0135,False,,I lost my phone and would like to freeze my accounts.
1659,lost_or_stolen_phone,lost_or_stolen_phone,True,0.883,topping_up_by_card,0.0046,card_linking,0.0041,False,,"lost phone, can i still access account?"
1660,lost_or_stolen_phone,lost_or_stolen_phone,True,0.4539,top_up_reverted,0.0149,pending_top_up,0.0132,False,,The hotel called and said I left my phone in the room.
1661,lost_or_stolen_phone,lost_or_stolen_phone,True,0.4901,cancel_transfer,0.0218,pending_top_up,0.0134,False,,Someone stole my phone yesterday :( is there anything I need to do?
1662,lost_or_stolen_phone,lost_or_stolen_phone,True,0.7591,terminate_account,0.0109,topping_up_by_card,0.0085,False,,"lost phone, dont want others to access account"
1663,lost_or_stolen_phone,lost_or_stolen_phone,True,0.0645,cash_withdrawal_not_recognised,0.0411,terminate_account,0.0287,False,,I was mugged and everything taken.  What do I do to protect my account?
1664,lost_or_stolen_phone,lost_or_stolen_phone,True,0.035,top_up_failed,0.032,pending_top_up,0.0279,False,,I believe I left my smartphone at the hotel I was staying at.
1665,lost_or_stolen_phone,lost_or_stolen_phone,True,0.2214,card_not_working,0.0309,unable_to_verify_identity,0.0275,False,,"Someone attacked me yesterday and took my things, so I am unable to use the app.  I am in need of some help."
1666,lost_or_stolen_phone,lost_or_stolen_phone,True,0.2953,exchange_via_app,0.07,card_linking,0.0499,False,,Can I still use the app if I switched phones?
1667,lost_or_stolen_phone,lost_or_stolen_phone,True,0.4972,cash_withdrawal_not_recognised,0.0152,card_payment_not_recognised,0.015,False,,I was mugged yesterday and they took everything.  I can't access my app.  What are my next steps?
1668,lost_or_stolen_phone,lost_or_stolen_phone,True,0.6001,card_linking,0.0299,card_payment_not_recognised,0.013,False,,I got mugged yesterday and lost access to the app. I need to regain it.
1669,lost_or_stolen_phone,lost_or_stolen_phone,True,0.8244,why_verify_identity,0.0147,top_up_by_cash_or_cheque,0.0066,False,,"If I lost my phone, can someone use my account?"
1670,lost_or_stolen_phone,lost_or_stolen_phone,True,0.7141,card_not_working,0.0113,card_linking,0.0107,False,,I am not able to use the app since I forgot my phone at the hotel I was staying at.
1671,lost_or_stolen_phone,lost_or_stolen_phone,True,0.5653,cash_withdrawal_not_recognised,0.0125,pending_top_up,0.0104,False,,Someone stole my phone.
1672,lost_or_stolen_phone,getting_spare_card,False,0.1597,supported_cards_and_currencies,0.0637,order_physical_card,0.0581,False,,Someone stole my cards!
1673,lost_or_stolen_phone,lost_or_stolen_phone,True,0.6447,card_linking,0.0259,cash_withdrawal_not_recognised,0.0182,False,,My phone is lost.  What do I do to prevent someone from using the app?
1674,lost_or_stolen_phone,lost_or_stolen_phone,True,0.8002,lost_or_stolen_card,0.013,why_verify_identity,0.0049,False,,Is there anything I need to do since my phone was stolen?
1675,lost_or_stolen_phone,lost_or_stolen_phone,True,0.9516,lost_or_stolen_card,0.004,card_linking,0.0025,True,phone|lost phone|lost,I lost my phone!
1676,lost_or_stolen_phone,lost_or_stolen_phone,True,0.1882,topping_up_by_card,0.1167,supported_cards_and_currencies,0.0912,False,,I can't find my phone but it has all my credit card information.
1677,lost_or_stolen_phone,lost_or_stolen_phone,True,0.8087,card_payment_not_recognised,0.011,cash_withdrawal_not_recognised,0.008,True,phone|use app|app|use|don,How do I use the app if I don't have my phone with me?
1678,lost_or_stolen_phone,lost_or_stolen_phone,True,0.4499,card_linking,0.0193,top_up_reverted,0.0186,False,,I got mugged yesterday and can't use the app.
1679,lost_or_stolen_phone,lost_or_stolen_phone,True,0.1969,lost_or_stolen_card,0.0413,cancel_transfer,0.0303,False,,"My things were stolen yesterday and I can't use any apps or anything, so I am going to need some help."
1680,request_refund,request_refund,True,0.3234,Refund_not_showing_up,0.1773,top_up_failed,0.0196,False,,"Hello- It is urgent I get a refund on this product. The merchant has not been helpful, what can I do now to get this resolved ASAP?"
1681,request_refund,request_refund,True,0.7294,Refund_not_showing_up,0.0904,receiving_money,0.0073,False,,Can I receive a refund for my item?
1682,request_refund,request_refund,True,0.8229,Refund_not_showing_up,0.0912,card_payment_wrong_exchange_rate,0.0037,False,,Get an item refund
1683,request_refund,request_refund,True,0.6311,Refund_not_showing_up,0.1175,card_payment_wrong_exchange_rate,0.0072,False,,Would I be able to get a refund for something I bought?
1684,request_refund,request_refund,True,0.4795,Refund_not_showing_up,0.3988,why_verify_identity,0.0046,False,,I need to do a refund
1685,request_refund,request_refund,True,0.5512,Refund_not_showing_up,0.047,card_payment_not_recognised,0.0354,False,,I need a refund on an item I have not received.  Am I able to simply cancel the payment?  I don't know how to do this.
1686,request_refund,request_refund,True,0.8831,Refund_not_showing_up,0.0243,card_payment_wrong_exchange_rate,0.003,False,,I would like a refund for something I bought
1687,request_refund,request_refund,True,0.6034,card_payment_wrong_exchange_rate,0.014,terminate_account,0.01,False,,I want to return an item.
1688,request_refund,Refund_not_showing_up,False,0.8214,request_refund,0.177,direct_debit_payment_not_recognised,0.0,False,,Can I have a refund?
1689,request_refund,card_payment_wrong_exchange_rate,False,0.1327,request_refund,0.0785,transaction_charged_twice,0.0483,False,,"I wasn't charged the correct amount for an item I purchased, how can I fix this?"
1690,request_refund,request_refund,True,0.5458,Refund_not_showing_up,0.1085,cancel_transfer,0.0524,False,,Hi there! I need to cancel an order I recently made and start processing a refund. Can you please help me with this and set up the refund as soon as possible? It's very urgent.
1691,request_refund,request_refund,True,0.1798,cancel_transfer,0.0441,compromised_card,0.037,False,,Please stop my purchase.
1692,request_refund,request_refund,True,0.3422,Refund_not_showing_up,0.074,transfer_not_received_by_recipient,0.0419,False,,I want a refund because my package has been taking too long to arrive. How do I go about doing that?
1693,request_refund,Refund_not_showing_up,False,0.5428,request_refund,0.2891,country_support,0.0052,False,,How do I apply for a refund?
1694,request_refund,request_refund,True,0.7009,reverted_card_payment?,0.0117,card_payment_wrong_exchange_rate,0.0108,False,,Can I have an item refunded?
1695,request_refund,request_refund,True,0.0998,reverted_card_payment?,0.0444,transfer_not_received_by_recipient,0.0368,False,,"I ordered something ages ago online but it's simply not arriving. I've got enough! Give me back my money, I'm not paying these people."
1696,request_refund,request_refund,True,0.4795,Refund_not_showing_up,0.3988,why_verify_identity,0.0046,False,,What do I need to do to get a refund?
1697,request_refund,request_refund,True,0.4795,Refund_not_showing_up,0.3988,why_verify_identity,0.0046,False,,I need a refund?
1698,request_refund,request_refund,True,0.4664,cancel_transfer,0.0419,order_physical_card,0.015,False,,"I am unhappy with my purchase, how do I cancel the order?"
1699,request_refund,request_refund,True,0.888,Refund_not_showing_up,0.0412,card_payment_wrong_exchange_rate,0.0028,False,,I bought something but now I would like a refund. How do I do that?
1700,request_refund,request_refund,True,0.242,reverted_card_payment?,0.0344,Refund_not_showing_up,0.0233,False,,How do I get refunded?
1701,request_refund,request_refund,True,0.7182,cancel_transfer,0.0409,card_payment_wrong_exchange_rate,0.0085,False,,Can you cancel my purchase?
1702,request_refund,request_refund,True,0.231,cancel_transfer,0.1298,card_payment_wrong_exchange_rate,0.0173,False,,How do I cancel a previous purchase
1703,request_refund,request_refund,True,0.5226,reverted_card_payment?,0.0155,card_payment_wrong_exchange_rate,0.0139,False,,I would appreciate it if I could get an item refunded
1704,request_refund,Refund_not_showing_up,False,0.8214,request_refund,0.177,direct_debit_payment_not_recognised,0.0,False,,How do I claim a refund?
1705,request_refund,request_refund,True,0.9021,Refund_not_showing_up,0.0268,card_payment_wrong_exchange_rate,0.0088,False,,"I don't want the item, I bought it on accident, can I get a refund?"
1706,request_refund,request_refund,True,0.4837,cancel_transfer,0.0425,Refund_not_showing_up,0.0256,False,,Hello I changed my mind and really need a refund on one of things I bought recently. Can you please cancel the transaction and get my money back. Please it's urgent.
1707,request_refund,request_refund,True,0.6253,Refund_not_showing_up,0.0895,top_up_failed,0.008,False,,I would like a refund on one of your products that has been sold to me
1708,request_refund,request_refund,True,0.6138,Refund_not_showing_up,0.1787,terminate_account,0.005,False,,I am not Happy with this product can i get a refund?
1709,request_refund,terminate_account,False,0.0777,top_up_reverted,0.0552,request_refund,0.0522,False,,I want this amount reversed out of my account.
1710,request_refund,request_refund,True,0.6633,Refund_not_showing_up,0.0357,cancel_transfer,0.0186,False,,Hello! I recently made a purchase and I'm needing to cancel my order and process a refund as soon as possible.
1711,request_refund,request_refund,True,0.4425,cancel_transfer,0.2665,terminate_account,0.0141,False,,I want to reverse a purchase. Can I cancel it?
1712,request_refund,request_refund,True,0.0725,top_up_reverted,0.0468,supported_cards_and_currencies,0.0367,False,,I am chatting about an order from a long while back.  I never got it to this day and am deeply upset by this!  I want all of my money back!  I just can not accept paying for something I never got.
1713,request_refund,request_refund,True,0.6432,card_payment_wrong_exchange_rate,0.1167,Refund_not_showing_up,0.0496,False,,I bought this item and was charged the wrong amount can I get a refund?
1714,request_refund,request_refund,True,0.2025,reverted_card_payment?,0.1025,cancel_transfer,0.0736,False,,I would like to cancel a payment. I purchased something several days ago and i still have not received it.
1715,request_refund,request_refund,True,0.5005,Refund_not_showing_up,0.4231,pending_top_up,0.004,False,,What's the refund process?
1716,request_refund,request_refund,True,0.8659,Refund_not_showing_up,0.0389,transaction_charged_twice,0.0027,False,,I want a refund for my purchase
1717,request_refund,request_refund,True,0.4088,Refund_not_showing_up,0.1357,pending_top_up,0.0158,True,refund|purchased|process refund|process|refund purchased,How can I process a refund for something I purchased?
1718,request_refund,request_refund,True,0.801,card_payment_wrong_exchange_rate,0.0063,reverted_card_payment?,0.006,False,,I want to get an item refunded
1719,request_refund,request_refund,True,0.5773,cancel_transfer,0.1214,card_payment_not_recognised,0.008,False,,I need to cancel a purchase I made.
1720,declined_transfer,declined_transfer,True,0.7564,failed_transfer,0.0939,declined_cash_withdrawal,0.0182,False,,I tried to make a transfer and it was declined. Why?
1721,declined_transfer,declined_card_payment,False,0.0805,declined_transfer,0.0778,declined_cash_withdrawal,0.07,False,,Good morning. I tried to make a purchase with my credit card last night and again this morning. Both times it was declined. Can you investigate?
1722,declined_transfer,declined_transfer,True,0.1209,transfer_not_received_by_recipient,0.1111,transfer_fee_charged,0.0287,False,,I am getting continuous failure for all my transfers. I have cross checked each recipient detail again and again and everything is correct.
1723,declined_transfer,declined_transfer,True,0.9635,declined_card_payment,0.0034,failed_transfer,0.003,False,,why was my transfer declined
1724,declined_transfer,declined_transfer,True,0.6401,beneficiary_not_allowed,0.0574,failed_transfer,0.024,False,,What would make a decline message show up during a transfer?
1725,declined_transfer,declined_transfer,True,0.4121,declined_cash_withdrawal,0.0513,declined_card_payment,0.039,False,,Why do you keep declining my transfers?it was always been working really well so far but when I tried to buy something just now the card got declined . I tried couple of times already  but same thing is happening.
1726,declined_transfer,transaction_charged_twice,False,0.1954,declined_transfer,0.1239,declined_card_payment,0.0782,False,,"How can I fix my card, it got declined twice."
1727,declined_transfer,declined_transfer,True,0.7989,failed_transfer,0.0248,declined_card_payment,0.0141,False,,Why did a transfer get declined?
1728,declined_transfer,declined_transfer,True,0.2722,declined_card_payment,0.1129,top_up_failed,0.069,False,,My transfers are being declined. IT has always worked for me but now it's declining my card. I've tried several times.
1729,declined_transfer,declined_transfer,True,0.1971,failed_transfer,0.131,balance_not_updated_after_bank_transfer,0.0594,False,,Why did my transfer decline
1730,declined_transfer,declined_transfer,True,0.3224,declined_cash_withdrawal,0.058,transaction_charged_twice,0.0469,False,,The card got declined twice when I tried to use it to buy something online yesterday.
1731,declined_transfer,declined_transfer,True,0.6608,failed_transfer,0.054,pending_transfer,0.0354,False,,"If the transfer details have already but reviewed and confirmed that they are correct, what other reason would cause my transfer to be declined?"
1732,declined_transfer,declined_transfer,True,0.7989,failed_transfer,0.0248,declined_card_payment,0.0141,False,,Why did I get a transfer declined?
1733,declined_transfer,declined_transfer,True,0.7989,failed_transfer,0.0248,declined_card_payment,0.0141,False,,Why did my my transfer get declined?
1734,declined_transfer,transfer_fee_charged,False,0.0532,declined_transfer,0.0518,failed_transfer,0.0393,False,,How do I contact customer support about a transfer?
1735,declined_transfer,declined_transfer,True,0.4389,declined_cash_withdrawal,0.0514,declined_card_payment,0.0381,False,,"You keep declining my transfers? It's always been working really well so far, but when I tried to buy something just now the card got declined. I tried couple times already but same thing."
1736,declined_transfer,beneficiary_not_allowed,False,0.1927,failed_transfer,0.1602,declined_transfer,0.0594,False,,Why was I unable to do a transfer?
1737,declined_transfer,cancel_transfer,False,0.0997,transfer_fee_charged,0.0527,transfer_not_received_by_recipient,0.0497,False,,Trouble transferring transaction contact for help
1738,declined_transfer,declined_transfer,True,0.9635,declined_card_payment,0.0034,failed_transfer,0.003,False,,Why could my transfer have been declined?
1739,declined_transfer,declined_transfer,True,0.2334,top_up_failed,0.1353,declined_card_payment,0.135,False,,When I try and to buy something using my card it keeps getting declined.
1740,declined_transfer,declined_transfer,True,0.9635,declined_card_payment,0.0034,failed_transfer,0.003,False,,I could not do a transfer because it was declined
1741,declined_transfer,declined_transfer,True,0.6918,declined_card_payment,0.0151,pending_transfer,0.0149,True,declined|transfer declined|transfer|information|submit,"When I submit a transfer, it is being declined.  The information I put in has been reviewed."
1742,declined_transfer,declined_transfer,True,0.9635,declined_card_payment,0.0034,failed_transfer,0.003,False,,Why was the transfer declined?
1743,declined_transfer,declined_transfer,True,0.835,failed_transfer,0.0219,declined_card_payment,0.0138,False,,What is the reason my transfer was declined?
1744,declined_transfer,declined_transfer,True,0.6069,declined_cash_withdrawal,0.033,declined_card_payment,0.0244,False,,My transfer got declined.
1745,declined_transfer,declined_transfer,True,0.9635,declined_card_payment,0.0034,failed_transfer,0.003,False,,My transfer was declined
1746,declined_transfer,declined_transfer,True,0.499,pending_transfer,0.0646,declined_cash_withdrawal,0.0343,False,,"I tired to move my money, but my transfer was declined."
1747,declined_transfer,declined_transfer,True,0.5078,declined_card_payment,0.0263,pending_transfer,0.019,False,,I would like to know why my transfer was declined.
1748,declined_transfer,declined_transfer,True,0.5767,failed_transfer,0.1192,declined_cash_withdrawal,0.0261,False,,"I tried to make a transfer, but it was declined. Can you tell me why?"
1749,declined_transfer,declined_transfer,True,0.835,failed_transfer,0.0219,declined_card_payment,0.0138,False,,For what reason was my transfer declined?
1750,declined_transfer,declined_transfer,True,0.6078,declined_card_payment,0.0306,failed_transfer,0.0175,False,,My transfer has been declined and I know it should have went through.
1751,declined_transfer,declined_cash_withdrawal,False,0.119,verify_source_of_funds,0.089,declined_transfer,0.0694,False,,Double check your funds may be declined
1752,declined_transfer,transfer_into_account,False,0.8282,transfer_timing,0.0261,failed_transfer,0.0213,False,,I can't transfer money from my account.
1753,declined_transfer,declined_transfer,True,0.6685,transfer_not_received_by_recipient,0.0269,declined_card_payment,0.024,False,,"Why would my transfer be declined? I've checked that I've put in all the right details, but it is still declined."
1754,declined_transfer,declined_transfer,True,0.4052,declined_cash_withdrawal,0.0345,declined_card_payment,0.0243,False,,I tried to buy something online yesterday but it kept saying declined. Tried again today but same thing happened. What's broken?
1755,declined_transfer,declined_transfer,True,0.3943,declined_cash_withdrawal,0.057,card_not_working,0.0267,False,,I tried to buy something online yesterday but it wouldn't stop saying declined. Tried again today but same thing happened. What's Broken?
1756,declined_transfer,declined_card_payment,False,0.1316,card_not_working,0.105,cancel_transfer,0.0678,False,,My card is being declined online. Could you tell me what might be broken or wrong with the account?
1757,declined_transfer,declined_transfer,True,0.6327,failed_transfer,0.0276,declined_card_payment,0.018,False,,Are there any restrictions causing my transfer to be declined?
1758,declined_transfer,declined_card_payment,False,0.113,declined_cash_withdrawal,0.0931,top_up_failed,0.0749,False,,"I was attempting to purchase a golf club off eBay yesterday, but my credit card was declined. I tried multiple times, and again this morning. Can you check into my card please?"
1759,declined_transfer,declined_transfer,True,0.6537,failed_transfer,0.0328,transfer_fee_charged,0.0172,False,,"I think my transfer was declined, but why?"
1760,Refund_not_showing_up,Refund_not_showing_up,True,0.6231,request_refund,0.0355,balance_not_updated_after_cheque_or_cash_deposit,0.0351,False,,The refund isn't showing up on my account.
1761,Refund_not_showing_up,Refund_not_showing_up,True,0.6752,request_refund,0.0428,extra_charge_on_statement,0.0221,False,,My refund is missing from my statement.
1762,Refund_not_showing_up,Refund_not_showing_up,True,0.8844,request_refund,0.0357,wrong_amount_of_cash_received,0.0208,False,,"I requested a refund, and never received it. What can I do?"
1763,Refund_not_showing_up,request_refund,False,0.1133,transfer_into_account,0.0477,Refund_not_showing_up,0.0435,False,,I was supposed to get a purchase refunded but I don't see the money in my account
1764,Refund_not_showing_up,Refund_not_showing_up,True,0.6752,request_refund,0.0428,extra_charge_on_statement,0.0221,True,refund|statement|missing|refund missing|missing statement,There's a refund missing from my statement
1765,Refund_not_showing_up,Refund_not_showing_up,True,0.3714,request_refund,0.046,balance_not_updated_after_bank_transfer,0.0306,False,,"I need help. I asked for a refund from a merchant a while ago, but I have not gotten my money back. I keep checking my account, but nothing is showing up. What should I do now?"
1766,Refund_not_showing_up,Refund_not_showing_up,True,0.4495,request_refund,0.2686,transfer_not_received_by_recipient,0.0073,True,refund|awaiting,I am awaiting my refund
1767,Refund_not_showing_up,Refund_not_showing_up,True,0.4924,request_refund,0.1638,transfer_timing,0.0557,False,,How long does it take for a refund?
1768,Refund_not_showing_up,Refund_not_showing_up,True,0.7423,request_refund,0.0217,cash_withdrawal_not_recognised,0.0114,False,,"Help! I keep checking my account, but my refund is not showing. I requested that a seller refund my money a while back, but there is no money showing in my account. What can you do for me?"
1769,Refund_not_showing_up,Refund_not_showing_up,True,0.6842,request_refund,0.0376,extra_charge_on_statement,0.0257,False,,Can you tell me why my refund is not showing in my statement?
1770,Refund_not_showing_up,Refund_not_showing_up,True,0.3817,request_refund,0.0849,wrong_amount_of_cash_received,0.0333,False,,"I asked for a refund last week but nothing has happened yet, can you help me please?"
1771,Refund_not_showing_up,Refund_not_showing_up,True,0.6752,request_refund,0.0428,extra_charge_on_statement,0.0221,False,,Why is my refund missing from my  statement?
1772,Refund_not_showing_up,Refund_not_showing_up,True,0.811,request_refund,0.059,pending_top_up,0.0091,False,,Still waiting on a refund.
1773,Refund_not_showing_up,Refund_not_showing_up,True,0.8251,request_refund,0.0228,wrong_amount_of_cash_received,0.0123,False,,I requested a refund and it is missing.
1774,Refund_not_showing_up,Refund_not_showing_up,True,0.339,request_refund,0.0684,wrong_amount_of_cash_received,0.0608,False,,"Hi, As suggested by you, i have asked the seller to initiate the refund, it has been a week and i haven't received my money. Please advise."
1775,Refund_not_showing_up,request_refund,False,0.0877,top_up_reverted,0.0821,reverted_card_payment?,0.0707,False,,I bought something and returned it and the money from the return isn't in my account.
1776,Refund_not_showing_up,Refund_not_showing_up,True,0.4286,request_refund,0.1174,extra_charge_on_statement,0.0456,False,,Do you have any idea on when I will receive my refund? I got my statement and it was not there.
1777,Refund_not_showing_up,Refund_not_showing_up,True,0.7439,request_refund,0.0328,extra_charge_on_statement,0.0155,False,,Why isn't a recent refund on my statement?
1778,Refund_not_showing_up,Refund_not_showing_up,True,0.8023,request_refund,0.0688,terminate_account,0.0068,False,,Where can I see the refund in my account
1779,Refund_not_showing_up,Refund_not_showing_up,True,0.249,balance_not_updated_after_bank_transfer,0.1154,request_refund,0.08,False,,"i was supposed to get a refund but my balance hasn't changed, why not?"
1780,Refund_not_showing_up,Refund_not_showing_up,True,0.7381,request_refund,0.0203,balance_not_updated_after_cheque_or_cash_deposit,0.0126,False,,I requested a refund from a merchant days ago but I do not see it in my account.
1781,Refund_not_showing_up,Refund_not_showing_up,True,0.6693,request_refund,0.1263,terminate_account,0.0108,False,,The refund has not appeared in my account
1782,Refund_not_showing_up,Refund_not_showing_up,True,0.7387,request_refund,0.0366,extra_charge_on_statement,0.0236,False,,Did my refund go through? It's not on my statement.
1783,Refund_not_showing_up,Refund_not_showing_up,True,0.7203,request_refund,0.0753,extra_charge_on_statement,0.0268,False,,My statement doesn't show that a refund has processed
1784,Refund_not_showing_up,Refund_not_showing_up,True,0.6826,request_refund,0.0459,transfer_not_received_by_recipient,0.0254,False,,I requested a refund from a store but it hasn't arrived.
1785,Refund_not_showing_up,Refund_not_showing_up,True,0.4249,request_refund,0.0798,balance_not_updated_after_cheque_or_cash_deposit,0.0232,False,,I still haven't seen a refund on my account
1786,Refund_not_showing_up,Refund_not_showing_up,True,0.7292,request_refund,0.0765,lost_or_stolen_card,0.0065,False,,I am missing a refund.
1787,Refund_not_showing_up,Refund_not_showing_up,True,0.7228,request_refund,0.0308,extra_charge_on_statement,0.0236,False,,My refund doesn't seem to be showing on my statement.
1788,Refund_not_showing_up,Refund_not_showing_up,True,0.7983,request_refund,0.0468,extra_charge_on_statement,0.021,False,,I am not seeing a refund in my statement.
1789,Refund_not_showing_up,Refund_not_showing_up,True,0.7337,request_refund,0.0384,extra_charge_on_statement,0.0192,False,,Why can't I see a recent refund in my statement?
1790,Refund_not_showing_up,Refund_not_showing_up,True,0.3005,request_refund,0.0511,reverted_card_payment?,0.0408,False,,"I did what you told me earlier and contacted the seller for a refund directly, but nothing is happening! It's been a week and I still haven't got anything. Please just give me back my money"
1791,Refund_not_showing_up,Refund_not_showing_up,True,0.2807,request_refund,0.0922,top_up_reverted,0.0215,False,,Where is my refund? I have been checking my account all day.
1792,Refund_not_showing_up,Refund_not_showing_up,True,0.1226,reverted_card_payment?,0.0682,balance_not_updated_after_cheque_or_cash_deposit,0.0569,False,,It's been a week and I have done everything that I was asked to do and still nothing. I have contacted the seller and have not gotten a response. Please understand my frustration and put the money back in my account.
1793,Refund_not_showing_up,Refund_not_showing_up,True,0.6577,request_refund,0.0973,lost_or_stolen_card,0.008,False,,My refund is missing
1794,Refund_not_showing_up,request_refund,False,0.1524,Refund_not_showing_up,0.0386,balance_not_updated_after_cheque_or_cash_deposit,0.0307,False,,Why doesn't a return show up im my account from a purchase I made?
1795,Refund_not_showing_up,Refund_not_showing_up,True,0.7418,request_refund,0.0374,direct_debit_payment_not_recognised,0.0129,False,,I keep checking my bank statements but I don't see a refund that I've requested from a seller. Can you ensure that I receive the refund from the seller?
1796,Refund_not_showing_up,Refund_not_showing_up,True,0.0756,card_arrival,0.0403,balance_not_updated_after_cheque_or_cash_deposit,0.0333,False,,"I am waiting patiently for a week now for the seller to get back to me and there has been no response, could you please help me further with getting my money back.  Thank you."
1797,Refund_not_showing_up,Refund_not_showing_up,True,0.5683,request_refund,0.047,balance_not_updated_after_bank_transfer,0.0202,False,,I would like some help getting a refund back from a seller. It still isn't showing up on my statement and I requested this a long time ago. I'm not sure why it's not returned yet. Can you assist me in getting this money back?
1798,Refund_not_showing_up,Refund_not_showing_up,True,0.579,request_refund,0.1428,card_delivery_estimate,0.0211,False,,How long will it take to get my refund
1799,Refund_not_showing_up,Refund_not_showing_up,True,0.8107,request_refund,0.0216,extra_charge_on_statement,0.0156,False,,I should have received a refund however it is not showing on my statement
1800,declined_card_payment,top_up_failed,False,0.3283,declined_card_payment,0.1979,topping_up_by_card,0.0802,False,,My credit card was declined.
1801,declined_card_payment,declined_card_payment,True,0.1409,card_not_working,0.0476,card_arrival,0.0469,False,,The new card that was just sent to me was declined multiple times yesterday when I tried to use it at a restaurant to pay for my dinner.  I am really disappointed  and embarrassed that my card was denied when I tried to use it to pay for my friend's birthday dinner.
1802,declined_card_payment,declined_card_payment,True,0.9576,reverted_card_payment?,0.0145,pending_card_payment,0.0061,False,,Why was my card payment declined?
1803,declined_card_payment,declined_card_payment,True,0.3002,top_up_failed,0.0675,declined_transfer,0.0497,False,,I was trying to purchase something at the store today and my card has been declined.  Why has this happened?
1804,declined_card_payment,declined_card_payment,True,0.4276,reverted_card_payment?,0.0508,declined_transfer,0.0474,False,,"My payment has been declined, I thought this issue was fixed!"
1805,declined_card_payment,declined_card_payment,True,0.8791,declined_cash_withdrawal,0.0142,top_up_failed,0.0141,False,,My card was declined in a shop
1806,declined_card_payment,declined_card_payment,True,0.2991,card_payment_not_recognised,0.0835,reverted_card_payment?,0.0718,False,,Why did it decline my payment?
1807,declined_card_payment,declined_card_payment,True,0.6886,declined_cash_withdrawal,0.0596,top_up_failed,0.0521,False,,My card declined
1808,declined_card_payment,declined_card_payment,True,0.2436,top_up_failed,0.0755,declined_cash_withdrawal,0.0585,False,,Can you look at my account ans see why my card was declined
1809,declined_card_payment,declined_card_payment,True,0.3549,declined_transfer,0.0317,top_up_failed,0.0294,True,declined|payment|getting declined|kept getting|kept,"I was out today looking forward to pay with my new card, turns out the payment just kept getting declined. This is really sad, what's going on?"
1810,declined_card_payment,declined_card_payment,True,0.2725,top_up_failed,0.0708,declined_cash_withdrawal,0.0677,False,,Why was a transaction on my card declined?
1811,declined_card_payment,declined_card_payment,True,0.1787,declined_transfer,0.1386,top_up_failed,0.1215,False,,My new card keeps getting declined. I was very excited to use it for the first time today. Why is this doing this?
1812,declined_card_payment,declined_card_payment,True,0.4686,top_up_failed,0.0416,declined_transfer,0.0392,False,,"My latest payment was declined, I was told everything was back to working order. What happened?"
1813,declined_card_payment,declined_card_payment,True,0.136,pending_card_payment,0.1218,reverted_card_payment?,0.0797,False,,I know I have enough funds in my account but my card payment hasn't worked for some reason. What do I do?
1814,declined_card_payment,declined_card_payment,True,0.5678,reverted_card_payment?,0.0896,pending_card_payment,0.0554,False,,Why doesn't the card payment work
1815,declined_card_payment,pending_card_payment,False,0.2028,declined_card_payment,0.1579,card_payment_not_recognised,0.109,False,,I'm really stuck. I don't know why but my card payment has not gone through.
1816,declined_card_payment,declined_card_payment,True,0.9576,reverted_card_payment?,0.0145,pending_card_payment,0.0061,False,,"I have a card payment that was declined, but why?"
1817,declined_card_payment,declined_card_payment,True,0.5111,reverted_card_payment?,0.0928,card_payment_not_recognised,0.0522,False,,Do you know why my card payment did not work?
1818,declined_card_payment,declined_card_payment,True,0.1525,card_payment_not_recognised,0.0923,reverted_card_payment?,0.0921,False,,Something is wrong with my payment account since it has been declined
1819,declined_card_payment,declined_card_payment,True,0.1134,reverted_card_payment?,0.0787,card_payment_not_recognised,0.074,False,,Why are you declining my payment? Everything was fine.
1820,declined_card_payment,card_payment_not_recognised,False,0.2851,declined_card_payment,0.1609,top_up_failed,0.0703,False,,I don't know why my payment didn't work.
1821,declined_card_payment,declined_card_payment,True,0.5352,reverted_card_payment?,0.1352,card_payment_not_recognised,0.0548,False,,My card payment did not work.
1822,declined_card_payment,declined_cash_withdrawal,False,0.1329,declined_card_payment,0.1188,direct_debit_payment_not_recognised,0.0993,False,,Why is my debit card being declined when I have money?
1823,declined_card_payment,card_acceptance,False,0.3551,supported_cards_and_currencies,0.0616,declined_card_payment,0.0337,False,,My card was not accepted.
1824,declined_card_payment,declined_card_payment,True,0.4383,reverted_card_payment?,0.122,card_payment_not_recognised,0.0608,False,,I have no idea why my card payment did not work.
1825,declined_card_payment,declined_card_payment,True,0.4434,card_payment_not_recognised,0.0981,reverted_card_payment?,0.0851,False,,"My card payment didn't work, can you help?"
1826,declined_card_payment,declined_card_payment,True,0.2228,top_up_failed,0.0551,card_not_working,0.0317,False,,"My card was rejected at the store for some reason, can you look into this for me?"
1827,declined_card_payment,declined_card_payment,True,0.4278,top_up_failed,0.0701,declined_cash_withdrawal,0.047,False,,Please explain why my card was declined?
1828,declined_card_payment,card_arrival,False,0.0581,reverted_card_payment?,0.0553,activate_my_card,0.0384,False,,"Hello, I am facing the issue with my new card as payments are declining again and again. Please help me in this issue."
1829,declined_card_payment,declined_card_payment,True,0.891,reverted_card_payment?,0.0205,card_payment_not_recognised,0.0111,False,,Do you know why my card payment is declined?
1830,declined_card_payment,declined_card_payment,True,0.8873,declined_transfer,0.0241,reverted_card_payment?,0.017,False,,Why was my Payment declined
1831,declined_card_payment,declined_card_payment,True,0.7795,reverted_card_payment?,0.0568,pending_card_payment,0.032,True,declined|payment|card payment|card|declined card,They declined my card payment.
1832,declined_card_payment,declined_card_payment,True,0.9576,reverted_card_payment?,0.0145,pending_card_payment,0.0061,False,,Why has my card payment been declined?
1833,declined_card_payment,declined_card_payment,True,0.1366,card_arrival,0.0554,reverted_card_payment?,0.0494,False,,"I finally got my new card and was very excited to use it today. However, my payment kept declining. What is happening?"
1834,declined_card_payment,declined_card_payment,True,0.2179,reverted_card_payment?,0.1655,card_payment_not_recognised,0.1037,False,,My card payment did not complete.
1835,declined_card_payment,top_up_failed,False,0.3628,declined_card_payment,0.1213,card_not_working,0.0389,False,,My card didn't work in one of the shops.
1836,declined_card_payment,declined_card_payment,True,0.9576,reverted_card_payment?,0.0145,pending_card_payment,0.0061,False,,Card payment declined?
1837,declined_card_payment,declined_card_payment,True,0.1956,declined_transfer,0.1694,declined_cash_withdrawal,0.0865,False,,"I tried using my card and it kept getting declined, Why?"
1838,declined_card_payment,reverted_card_payment?,False,0.3025,declined_card_payment,0.2937,pending_card_payment,0.1314,False,,How do you fix  my card payment?
1839,declined_card_payment,declined_card_payment,True,0.3673,failed_transfer,0.0265,reverted_card_payment?,0.0262,False,,Why do you keep declining my payment? I tried several times already with this card and it's just not working
1840,pending_transfer,pending_transfer,True,0.7095,failed_transfer,0.0351,pending_top_up,0.0329,False,,"I did transfer, why is it pending"
1841,pending_transfer,pending_transfer,True,0.2879,transfer_timing,0.2714,transfer_not_received_by_recipient,0.0919,False,,How long for money transfer to show?
1842,pending_transfer,failed_transfer,False,0.3528,pending_transfer,0.1542,balance_not_updated_after_bank_transfer,0.11,True,transfer,Why is my transfer not done yet?
1843,pending_transfer,pending_transfer,True,0.7663,pending_top_up,0.0348,pending_card_payment,0.0205,False,,I have a pending transfer
1844,pending_transfer,pending_transfer,True,0.5086,pending_top_up,0.0849,transfer_not_received_by_recipient,0.0416,False,,I am waiting for a pending money transfer to process.
1845,pending_transfer,pending_top_up,False,0.2508,pending_transfer,0.1915,pending_card_payment,0.1031,False,,i transfered however its still pending
1846,pending_transfer,pending_transfer,True,0.469,pending_top_up,0.0987,pending_card_payment,0.0289,False,,I have a transfer that's pending and wanted to know how long it is going to take to process?
1847,pending_transfer,pending_transfer,True,0.3865,pending_top_up,0.0891,transfer_timing,0.0778,False,,So the transfer finally worked but now it's been pending for quite a long time. How long do you expect me to wait for it? It's quite urgent
1848,pending_transfer,pending_transfer,True,0.9553,pending_top_up,0.007,pending_card_payment,0.0045,False,,I had made a transfer but its still pending.
1849,pending_transfer,pending_transfer,True,0.4535,pending_top_up,0.1305,balance_not_updated_after_bank_transfer,0.0592,True,pending|transfer pending|transfer|long|quite,I submitted my transfer but it has been pending for quite a while and I was wondering what takes so long? why hasn't it completed
1850,pending_transfer,pending_transfer,True,0.7038,pending_top_up,0.0312,pending_card_payment,0.0179,True,pending|transfer pending|transfer|speed,How can I speed up a transfer?  Mine is pending.
1851,pending_transfer,pending_transfer,True,0.3903,transfer_timing,0.061,balance_not_updated_after_bank_transfer,0.0463,False,,How long can an EU transfer take?
1852,pending_transfer,pending_transfer,True,0.274,pending_card_payment,0.0788,pending_top_up,0.0783,False,,My transfer is still coming up as pending.
1853,pending_transfer,pending_transfer,True,0.2426,failed_transfer,0.0616,beneficiary_not_allowed,0.0391,False,,I'm trying to transfer money to another country. It's just pending and not sending. My account details are correct. Please help me.
1854,pending_transfer,pending_transfer,True,0.3074,pending_top_up,0.0323,balance_not_updated_after_bank_transfer,0.0285,False,,My transfer is still pending and I know the account numbers are correct.  Please help.
1855,pending_transfer,balance_not_updated_after_bank_transfer,False,0.2224,transfer_not_received_by_recipient,0.133,transfer_fee_charged,0.0405,False,,"I transferred money yesterday, but it still isn't available?"
1856,pending_transfer,pending_transfer,True,0.4391,pending_top_up,0.1307,transfer_timing,0.094,False,,How long does a transfer stay pending?
1857,pending_transfer,transfer_timing,False,0.5082,pending_transfer,0.1686,transfer_not_received_by_recipient,0.0735,False,,How long do transfer pend for?
1858,pending_transfer,failed_transfer,False,0.1253,transfer_not_received_by_recipient,0.1091,pending_top_up,0.0855,False,,Why hasn't my transfer gone through yet?
1859,pending_transfer,failed_transfer,False,0.3528,pending_transfer,0.1542,balance_not_updated_after_bank_transfer,0.11,False,,When will the transfer go through?
1860,pending_transfer,pending_transfer,True,0.2192,pending_cash_withdrawal,0.1566,pending_top_up,0.1565,False,,Please explain why the transfers shows up as pending?
1861,pending_transfer,pending_transfer,True,0.452,transfer_not_received_by_recipient,0.029,declined_transfer,0.0261,False,,"I double checked that I have the correct account details , they're right for sure. Transfer is still pending since forever. What should be done now?"
1862,pending_transfer,failed_transfer,False,0.3528,pending_transfer,0.1542,balance_not_updated_after_bank_transfer,0.11,False,,When will my transfer go through?
1863,pending_transfer,pending_transfer,True,0.3437,pending_top_up,0.0667,pending_cash_withdrawal,0.0651,False,,What is the cause that the transfer shows as pending?
1864,pending_transfer,transfer_not_received_by_recipient,False,0.1356,pending_transfer,0.112,failed_transfer,0.1052,False,,When will the transfer be completed?
1865,pending_transfer,pending_transfer,True,0.7663,pending_top_up,0.0348,pending_card_payment,0.0205,False,,Pending transfer?
1866,pending_transfer,pending_card_payment,False,0.5373,pending_top_up,0.038,card_payment_not_recognised,0.0301,True,payment|pending|payment pending|help|know payment,"I would like to know why my payment is still pending, can you help?"
1867,pending_transfer,balance_not_updated_after_bank_transfer,False,0.5082,transfer_not_received_by_recipient,0.1359,transfer_fee_charged,0.0485,False,,Someone transferred money to me and it doesn't show
1868,pending_transfer,transfer_timing,False,0.333,pending_transfer,0.1386,balance_not_updated_after_bank_transfer,0.1076,False,,How long does a transfer take to be confirmed?
1869,pending_transfer,pending_transfer,True,0.2154,balance_not_updated_after_bank_transfer,0.1039,pending_card_payment,0.0727,False,,I made a transfer 12 hours ago. Why is it still listed as pending?
1870,pending_transfer,pending_transfer,True,0.4039,pending_top_up,0.058,transfer_timing,0.0404,False,,"Why does my transfer say ""pending""?"
1871,pending_transfer,transfer_timing,False,0.283,pending_transfer,0.0861,card_delivery_estimate,0.0857,False,,How long can I expect a transfer to pend for?
1872,pending_transfer,pending_transfer,True,0.8908,transfer_timing,0.0255,pending_top_up,0.0184,False,,For how long will my transfer be pending?
1873,pending_transfer,pending_transfer,True,0.5137,transfer_timing,0.0498,transfer_fee_charged,0.0394,False,,Transferring money in 2018 to another country shouldn't take this long. My transfer has been pending for too long. I verified my account details are correct.
1874,pending_transfer,balance_not_updated_after_bank_transfer,False,0.2531,pending_transfer,0.2326,transfer_not_received_by_recipient,0.0717,False,,Why is a money transfer not showing?
1875,pending_transfer,pending_card_payment,False,0.2446,transfer_fee_charged,0.159,card_payment_fee_charged,0.125,False,,The transfer is coming up as pending the payment is due today. Will I be charged a fee?
1876,pending_transfer,pending_transfer,True,0.5178,transfer_not_received_by_recipient,0.0773,transfer_timing,0.047,False,,I am still waiting for a money transfer to show
1877,pending_transfer,pending_top_up,False,0.147,failed_transfer,0.1231,transfer_not_received_by_recipient,0.0879,False,,My transfer hasn't gone through yet.
1878,pending_transfer,pending_transfer,True,0.8335,pending_top_up,0.0179,pending_card_payment,0.0107,False,,I am confused as to why my transfer could still be pending.
1879,pending_transfer,transfer_timing,False,0.2969,pending_transfer,0.275,balance_not_updated_after_bank_transfer,0.1295,False,,How long does it take for a money transfer to show?
1880,terminate_account,terminate_account,True,0.1264,transaction_charged_twice,0.0337,age_limit,0.0295,False,,Can you remove my account please?
1881,terminate_account,terminate_account,True,0.2855,pending_top_up,0.0186,age_limit,0.0172,False,,"i want to close an account but im not sure about setting up a new one in the future, what do you recommend"
1882,terminate_account,cancel_transfer,False,0.0788,terminate_account,0.0769,age_limit,0.0766,False,,My account needs to be deleted.
1883,terminate_account,terminate_account,True,0.8093,getting_spare_card,0.0056,age_limit,0.0055,False,,I would like to delete my account please.
1884,terminate_account,terminate_account,True,0.4602,verify_my_identity,0.0148,cancel_transfer,0.0144,False,,What steps do I need to take to close my account?
1885,terminate_account,terminate_account,True,0.0699,top_up_failed,0.0466,beneficiary_not_allowed,0.0283,False,,I'm tired of all the problems I've had. I want to quit this account!
1886,terminate_account,terminate_account,True,0.6747,wrong_amount_of_cash_received,0.0093,age_limit,0.0087,False,,Please delete my account right now!
1887,terminate_account,terminate_account,True,0.8071,age_limit,0.0061,request_refund,0.0056,False,,I want to close my account
1888,terminate_account,terminate_account,True,0.7086,age_limit,0.0088,balance_not_updated_after_cheque_or_cash_deposit,0.008,False,,"unhappy with you, how to delete account"
1889,terminate_account,terminate_account,True,0.8093,getting_spare_card,0.0056,age_limit,0.0055,False,,I would like to delete my account.
1890,terminate_account,terminate_account,True,0.8735,request_refund,0.0039,age_limit,0.0036,False,,I am highly unsatisfied with this company and want to delete my account!
1891,terminate_account,terminate_account,True,0.6738,card_payment_not_recognised,0.0093,request_refund,0.0084,False,,I don't like your company. Delete my account.
1892,terminate_account,terminate_account,True,0.709,getting_spare_card,0.0082,age_limit,0.0082,False,,I would like to close my account.
1893,terminate_account,terminate_account,True,0.7948,age_limit,0.0056,balance_not_updated_after_cheque_or_cash_deposit,0.0052,False,,This company is terrible! Can you delete my account?
1894,terminate_account,terminate_account,True,0.8152,age_limit,0.0051,balance_not_updated_after_cheque_or_cash_deposit,0.0047,False,,"This company is bad, please delete my account."
1895,terminate_account,terminate_account,True,0.9029,age_limit,0.0047,balance_not_updated_after_cheque_or_cash_deposit,0.0027,False,,"please delete my account, your services are not up to par."
1896,terminate_account,cancel_transfer,False,0.0868,cash_withdrawal_not_recognised,0.0519,terminate_account,0.051,False,,I need your help in deleting my account.
1897,terminate_account,terminate_account,True,0.5935,age_limit,0.0195,why_verify_identity,0.0103,False,,"The service of this company sucks, I need to terminate my account."
1898,terminate_account,terminate_account,True,0.9376,age_limit,0.0025,balance_not_updated_after_cheque_or_cash_deposit,0.0021,False,,Delete this account!
1899,terminate_account,terminate_account,True,0.0815,age_limit,0.0484,balance_not_updated_after_cheque_or_cash_deposit,0.038,False,,How do I get rid of my account ASAP?
1900,terminate_account,terminate_account,True,0.6946,balance_not_updated_after_cheque_or_cash_deposit,0.0095,balance_not_updated_after_bank_transfer,0.0089,False,,"This company isn't good, I would like to delete my account."
1901,terminate_account,terminate_account,True,0.9376,age_limit,0.0025,balance_not_updated_after_cheque_or_cash_deposit,0.0021,False,,Can you delete my account please?
1902,terminate_account,terminate_account,True,0.2879,request_refund,0.0221,top_up_failed,0.0187,False,,I am not satisfied with your company and would like to delete my accounts!
1903,terminate_account,terminate_account,True,0.8049,age_limit,0.0074,pending_top_up,0.0046,False,,Please delete my account. I am not happy with the service from your company.
1904,terminate_account,terminate_account,True,0.5575,age_limit,0.0152,balance_not_updated_after_cheque_or_cash_deposit,0.0131,False,,Please terminate my account.
1905,terminate_account,terminate_account,True,0.8422,request_refund,0.0047,age_limit,0.0045,False,,I am sick of this damn company and want to close out my account.
1906,terminate_account,terminate_account,True,0.867,age_limit,0.0102,balance_not_updated_after_cheque_or_cash_deposit,0.0035,False,,Please close my account. I am unsatisfied with your service.
1907,terminate_account,terminate_account,True,0.9376,age_limit,0.0025,balance_not_updated_after_cheque_or_cash_deposit,0.0021,False,,Please delete my account.
1908,terminate_account,terminate_account,True,0.7979,age_limit,0.0118,balance_not_updated_after_cheque_or_cash_deposit,0.005,False,,"Your service is terrible,.  Delete my account,"
1909,terminate_account,terminate_account,True,0.2903,top_up_by_cash_or_cheque,0.0426,age_limit,0.0421,False,,I want my account deleted!
1910,terminate_account,terminate_account,True,0.0718,cash_withdrawal_not_recognised,0.0639,card_linking,0.0392,False,,I am extremely unhappy with this app and want to get rid of my account?
1911,terminate_account,terminate_account,True,0.9376,age_limit,0.0025,balance_not_updated_after_cheque_or_cash_deposit,0.0021,False,,How do I delete my account?
1912,terminate_account,terminate_account,True,0.9192,age_limit,0.0026,balance_not_updated_after_cheque_or_cash_deposit,0.0023,False,,This company sucks! Can you delete my account?
1913,terminate_account,terminate_account,True,0.527,age_limit,0.0166,country_support,0.012,False,,I wish to close my account. I do not like the service you provide.
1914,terminate_account,cash_withdrawal_not_recognised,False,0.1894,terminate_account,0.1258,cancel_transfer,0.0546,False,,Can you help me get rid of my account?
1915,terminate_account,terminate_account,True,0.7456,card_payment_not_recognised,0.0085,age_limit,0.0082,False,,"I don't find your services useful anymore, how do I delete my account?"
1916,terminate_account,terminate_account,True,0.8548,top_up_failed,0.0076,card_not_working,0.0051,False,,"Please delete my account, this company is not working for me!"
1917,terminate_account,terminate_account,True,0.6844,age_limit,0.0133,request_refund,0.0083,False,,I want to delete my account. I'm unhappy with the service you're providing.
1918,terminate_account,terminate_account,True,0.7625,age_limit,0.0072,topping_up_by_card,0.007,False,,Can you tell me how to close my account?
1919,terminate_account,terminate_account,True,0.6353,age_limit,0.0108,balance_not_updated_after_cheque_or_cash_deposit,0.0097,False,,This company sucks! Can you terminate my account?
1920,card_swallowed,card_swallowed,True,0.1837,declined_cash_withdrawal,0.083,atm_support,0.0612,False,,"What do I do if an ATM ""stole"" my card?"
1921,card_swallowed,card_swallowed,True,0.0626,card_not_working,0.0451,lost_or_stolen_card,0.0344,True,machine|card|retrieve,How do I retrieve my card from the machine?
1922,card_swallowed,declined_cash_withdrawal,False,0.0779,topping_up_by_card,0.0429,top_up_by_card_charge,0.0323,False,,I was retrieving money and my card wouldn't remove.
1923,card_swallowed,card_swallowed,True,0.2493,card_delivery_estimate,0.0321,getting_spare_card,0.0247,False,,What do I do since the machine swallowed my card. I need one.
1924,card_swallowed,card_swallowed,True,0.4031,declined_cash_withdrawal,0.0706,atm_support,0.0639,True,atm|card atm|card|pulled,HOw do I get my card back after the ATM has pulled it in?
1925,card_swallowed,card_swallowed,True,0.4285,declined_cash_withdrawal,0.0409,wrong_amount_of_cash_received,0.0348,False,,Atm took my card
1926,card_swallowed,card_swallowed,True,0.3037,declined_cash_withdrawal,0.1407,atm_support,0.072,False,,Is there a way I can get my ATM card back from the machine?
1927,card_swallowed,card_swallowed,True,0.3031,declined_cash_withdrawal,0.0483,atm_support,0.0315,False,,I think the atm ate my card.
1928,card_swallowed,wrong_amount_of_cash_received,False,0.1688,card_swallowed,0.1488,declined_cash_withdrawal,0.0588,False,,The ATM didn't give me the card back!
1929,card_swallowed,card_swallowed,True,0.6264,declined_cash_withdrawal,0.1707,atm_support,0.1324,False,,How can I get my card out of the damn ATM?
1930,card_swallowed,declined_cash_withdrawal,False,0.1322,card_swallowed,0.119,card_not_working,0.0481,False,,The atm won't give my card back!
1931,card_swallowed,getting_spare_card,False,0.1343,order_physical_card,0.1287,card_arrival,0.1051,False,,How can I get my card back out?
1932,card_swallowed,card_swallowed,True,0.3613,declined_cash_withdrawal,0.0487,wrong_amount_of_cash_received,0.0407,False,,The ATM machine stole my card.
1933,card_swallowed,card_swallowed,True,0.279,declined_cash_withdrawal,0.038,atm_support,0.0345,False,,The ATM at Metro bank on High St. Kensington swallowed my card. How do I get it back?
1934,card_swallowed,wrong_amount_of_cash_received,False,0.1516,card_swallowed,0.108,declined_cash_withdrawal,0.0748,False,,My ATM got stuck and I'm not sure what to do.
1935,card_swallowed,card_swallowed,True,0.3689,declined_cash_withdrawal,0.0464,atm_support,0.0339,False,,The ATM ate my card.
1936,card_swallowed,declined_cash_withdrawal,False,0.1322,card_swallowed,0.119,card_not_working,0.0481,False,,The ATM won't give me my card back.
1937,card_swallowed,card_swallowed,True,0.2657,declined_cash_withdrawal,0.2129,atm_support,0.0733,False,,My card was confiscated by an ATM. How do I get my card back?
1938,card_swallowed,card_swallowed,True,0.3689,declined_cash_withdrawal,0.0464,atm_support,0.0339,False,,What do I do if the ATM ate my card?
1939,card_swallowed,declined_cash_withdrawal,False,0.3099,card_swallowed,0.2055,atm_support,0.0754,False,,ATM still has my card
1940,card_swallowed,card_swallowed,True,0.3689,declined_cash_withdrawal,0.0464,atm_support,0.0339,False,,What do I do if an ATM ate my card?
1941,card_swallowed,card_swallowed,True,0.1355,declined_cash_withdrawal,0.1085,wrong_amount_of_cash_received,0.0923,False,,What happens if the ATM doesn't give me back my card?
1942,card_swallowed,card_swallowed,True,0.322,declined_cash_withdrawal,0.0891,atm_support,0.0548,False,,I can't pull my card out of the ATM. Help me.
1943,card_swallowed,card_swallowed,True,0.1359,declined_cash_withdrawal,0.0868,atm_support,0.0517,False,,I have a problem!  The ATM stole my card!
1944,card_swallowed,card_swallowed,True,0.6264,declined_cash_withdrawal,0.1707,atm_support,0.1324,False,,Why would an ATM swallow my card?
1945,card_swallowed,card_swallowed,True,0.2294,declined_cash_withdrawal,0.1488,atm_support,0.1138,False,,My card was taken by the ATM.
1946,card_swallowed,declined_cash_withdrawal,False,0.1156,card_swallowed,0.1139,card_not_working,0.0563,False,,Help!  The atm won't give me my card back.
1947,card_swallowed,card_swallowed,True,0.1324,activate_my_card,0.0364,card_about_to_expire,0.036,False,,The stupid machine just swallowed my card!! I need a new one ASAP
1948,card_swallowed,card_swallowed,True,0.3573,declined_cash_withdrawal,0.0746,atm_support,0.0633,False,,How do I retrieve a trapped card from a ATM?
1949,card_swallowed,card_swallowed,True,0.4366,declined_cash_withdrawal,0.0422,atm_support,0.0318,False,,"My card is stuck in the ATM, what can I do?"
1950,card_swallowed,cash_withdrawal_charge,False,0.109,declined_cash_withdrawal,0.0666,wrong_exchange_rate_for_cash_withdrawal,0.0586,False,,I was getting cash and can't get my card back.
1951,card_swallowed,card_swallowed,True,0.6264,declined_cash_withdrawal,0.1707,atm_support,0.1324,False,,"If my card is trapped in the ATM, what do I do?"
1952,card_swallowed,card_swallowed,True,0.318,declined_cash_withdrawal,0.0499,atm_support,0.0358,False,,My card has been swallowed by an ATM
1953,card_swallowed,verify_source_of_funds,False,0.1101,pending_top_up,0.0512,card_not_working,0.0356,False,,I was taking out funds and was unable to regain my card.
1954,card_swallowed,wrong_amount_of_cash_received,False,0.1875,card_swallowed,0.133,declined_cash_withdrawal,0.0825,False,,What should I do with my atm that got stuck?
1955,card_swallowed,card_swallowed,True,0.1098,wrong_amount_of_cash_received,0.0363,transfer_into_account,0.0355,False,,The ATM at Metro bank on High St. Kensington didn't return my card. What should I do now that the bank is closed?
1956,card_swallowed,declined_cash_withdrawal,False,0.1322,card_swallowed,0.119,card_not_working,0.0481,False,,The ATM won't give back my card
1957,card_swallowed,card_swallowed,True,0.4779,declined_cash_withdrawal,0.0388,atm_support,0.0282,False,,I was at an ATM and it swallowed my card.
1958,card_swallowed,declined_cash_withdrawal,False,0.1218,atm_support,0.0545,wrong_amount_of_cash_received,0.0485,False,,WTF??? I tried to withdraw some money at a Metro bank on High St. Kensington and without any notice it disappeared in the machine. The bank was already closed so I couldn't do anything. How do I get it back?
1959,card_swallowed,card_swallowed,True,0.2303,declined_cash_withdrawal,0.0407,wrong_amount_of_cash_received,0.0362,False,,What happens if my card is stuck in the ATM?
1960,transaction_charged_twice,transaction_charged_twice,True,0.5207,reverted_card_payment?,0.0322,card_payment_fee_charged,0.0253,False,,I got double charged for a payment so how do I fix that?
1961,transaction_charged_twice,pending_top_up,False,0.0862,compromised_card,0.0707,transaction_charged_twice,0.0586,False,,"I've just come back from an eating holiday in the USA and Canada and have SO many pending and duplicated transactions on my account.  I think there is something wrong, can you look in to it please?"
1962,transaction_charged_twice,transaction_charged_twice,True,0.9529,cash_withdrawal_charge,0.003,card_payment_fee_charged,0.0025,False,,Why am I being charged twice fro a restaurant?
1963,transaction_charged_twice,transaction_charged_twice,True,0.5634,request_refund,0.0312,card_payment_fee_charged,0.023,True,twice|charged twice|charged|purchase|know,I would like to know why I was charged twice for my purchase.
1964,transaction_charged_twice,transaction_charged_twice,True,0.2758,top_up_failed,0.0537,card_payment_not_recognised,0.0384,False,,I didn't buy this twice
1965,transaction_charged_twice,transaction_charged_twice,True,0.5256,pending_top_up,0.0122,top_up_failed,0.0117,True,twice|thing|twice thing,Why was I chaged twice for the same thing?
1966,transaction_charged_twice,transaction_charged_twice,True,0.4414,top_up_by_card_charge,0.052,card_payment_fee_charged,0.0377,False,,Why is there more then one charge on my card I only paid for one not twice how can I fix this?
1967,transaction_charged_twice,transaction_charged_twice,True,0.862,direct_debit_payment_not_recognised,0.0092,card_payment_not_recognised,0.0082,False,,I have a duplicate payment showing up on the app. How do I stop myself being charged for the thing twice?
1968,transaction_charged_twice,extra_charge_on_statement,False,0.3392,transaction_charged_twice,0.2848,card_payment_fee_charged,0.0389,False,,Why would I be charged more than once for the same transaction?
1969,transaction_charged_twice,request_refund,False,0.0568,transaction_charged_twice,0.0521,pending_top_up,0.0265,False,,I was wondering how I could have two charges for the same item happen more than once in a 7 day period. Is there anyway I could get this corrected asap.
1970,transaction_charged_twice,transaction_charged_twice,True,0.9217,top_up_by_cash_or_cheque,0.0075,card_payment_fee_charged,0.0049,False,,Can you please check if I was charged twice?
1971,transaction_charged_twice,transaction_charged_twice,True,0.9704,cash_withdrawal_charge,0.0026,card_payment_fee_charged,0.0022,True,twice|charged twice|charged,I have been charged twice
1972,transaction_charged_twice,transaction_charged_twice,True,0.3688,extra_charge_on_statement,0.0242,cash_withdrawal_charge,0.0203,False,,It appears that I am being double charged for some items that I have purchased this past week.  Please review and correct.
1973,transaction_charged_twice,transaction_charged_twice,True,0.454,card_payment_fee_charged,0.0213,top_up_failed,0.0205,False,,It looks like this week I was double charged for a couple things. Is there any way that you can look into this for me and return the double charged items back to my card?
1974,transaction_charged_twice,transaction_charged_twice,True,0.6542,cash_withdrawal_charge,0.0131,transfer_fee_charged,0.0109,False,,I noticed after looking over my transactions that I have been charged twice from an earlier restaurant visit this week. Is it possible that one of these can be removed so I get the money back for the one that is not accurate?
1975,transaction_charged_twice,transaction_charged_twice,True,0.2791,top_up_reverted,0.0533,extra_charge_on_statement,0.0344,False,,I think something may have happened that caused a charge to show up twice.
1976,transaction_charged_twice,transaction_charged_twice,True,0.5774,transfer_not_received_by_recipient,0.0343,cancel_transfer,0.0147,False,,Why is there a transaction that shows multiple times?
1977,transaction_charged_twice,transaction_charged_twice,True,0.5372,top_up_failed,0.018,terminate_account,0.0148,False,,I see what looks like duplicate charges on account.
1978,transaction_charged_twice,transaction_charged_twice,True,0.5998,cash_withdrawal_charge,0.016,card_payment_fee_charged,0.0139,True,charged|times|multiple|thing|multiple times,Why was I charged multiple times for the same thing?
1979,transaction_charged_twice,transaction_charged_twice,True,0.863,card_payment_fee_charged,0.0091,cash_withdrawal_charge,0.0051,True,twice|duplicate|charged twice|charged|got charged,I had a duplicate card and got charged twice. How do I resolve this?
1980,transaction_charged_twice,transaction_charged_twice,True,0.3563,card_payment_fee_charged,0.023,card_not_working,0.0202,False,,Hello. I checked my transactions and saw I was double charged on my card for a restaurant visit. I would like to get my money back.
1981,transaction_charged_twice,transaction_charged_twice,True,0.9704,cash_withdrawal_charge,0.0026,card_payment_fee_charged,0.0022,False,,Why am I being charged twice?
1982,transaction_charged_twice,transaction_charged_twice,True,0.6897,card_payment_fee_charged,0.0122,transfer_fee_charged,0.0114,False,,Transactions on my card look really weird. I've been charged twice for a couple things this week! Please check this and return the double charged ones.
1983,transaction_charged_twice,transaction_charged_twice,True,0.1751,top_up_by_cash_or_cheque,0.0449,card_payment_fee_charged,0.041,False,,Please check payments on my card. There is a duplicate and I only bought it once.
1984,transaction_charged_twice,transaction_charged_twice,True,0.7164,Refund_not_showing_up,0.0379,request_refund,0.0263,False,,"More than one time this week, I have been charged more than once for the same transaction. Please correct the issue and refund the duplicate charges."
1985,transaction_charged_twice,transaction_charged_twice,True,0.3485,transfer_not_received_by_recipient,0.0589,cancel_transfer,0.0567,False,,A transaction is repeated several times on my account.
1986,transaction_charged_twice,extra_charge_on_statement,False,0.2616,transaction_charged_twice,0.1774,transfer_not_received_by_recipient,0.0414,False,,I've been charged more than once for the same transaction
1987,transaction_charged_twice,transaction_charged_twice,True,0.3405,card_payment_fee_charged,0.0559,extra_charge_on_statement,0.0248,False,,My card has been charged two separate times for a single transaction.
1988,transaction_charged_twice,transaction_charged_twice,True,0.3884,reverted_card_payment?,0.0464,card_payment_not_recognised,0.0422,False,,Can you explain why there is a payment showing twice?
1989,transaction_charged_twice,transaction_charged_twice,True,0.9402,extra_charge_on_statement,0.0047,transfer_not_received_by_recipient,0.0033,False,,Why have I been charged twice for the same transaction?
1990,transaction_charged_twice,transaction_charged_twice,True,0.7438,transfer_not_received_by_recipient,0.0161,extra_charge_on_statement,0.013,False,,I see that I have been charged multiple times for the same transaction.
1991,transaction_charged_twice,transaction_charged_twice,True,0.7415,cash_withdrawal_charge,0.0184,card_payment_fee_charged,0.0163,False,,I was double charged
1992,transaction_charged_twice,transaction_charged_twice,True,0.4935,transfer_not_received_by_recipient,0.0305,cancel_transfer,0.0229,False,,I have multiple charges on the same transaction.
1993,transaction_charged_twice,transaction_charged_twice,True,0.4679,declined_card_payment,0.0501,pending_card_payment,0.0264,False,,"Looks like my card payment was duplicated. I went to pay at the store earlier, got declined once,second time it works. App still stays pending for one of the payments. Can you please remove one of them as it's wrong and clearly was declined?"
1994,transaction_charged_twice,transaction_charged_twice,True,0.4383,transfer_not_received_by_recipient,0.0633,cancel_transfer,0.0316,False,,I have a transaction that shows several times
1995,transaction_charged_twice,transaction_charged_twice,True,0.7358,card_payment_fee_charged,0.0133,reverted_card_payment?,0.0099,False,,I recently got charged twice from a restaurant that I was at this week and I would like for one of those payments to be removed from my account.
1996,transaction_charged_twice,cancel_transfer,False,0.1344,transaction_charged_twice,0.0926,transfer_not_received_by_recipient,0.0734,False,,There is more than one of the same transaction on my account.
1997,transaction_charged_twice,transaction_charged_twice,True,0.5842,reverted_card_payment?,0.0427,pending_card_payment,0.0397,False,,I have a duplicate payment showing
1998,transaction_charged_twice,transaction_charged_twice,True,0.8498,card_payment_fee_charged,0.0119,reverted_card_payment?,0.0097,False,,I made a payment that got charged twice instead of once.
1999,transaction_charged_twice,transaction_charged_twice,True,0.8516,card_payment_fee_charged,0.0084,transfer_fee_charged,0.008,False,,What are my remedies if I think I was charged twice for the same expense?
2000,verify_source_of_funds,verify_source_of_funds,True,0.8619,verify_top_up,0.0104,unable_to_verify_identity,0.0053,False,,Can I verify the source of my funds?
2001,verify_source_of_funds,verify_source_of_funds,True,0.8617,edit_personal_details,0.0047,request_refund,0.0046,False,,I want information about the source of funds.
2002,verify_source_of_funds,verify_source_of_funds,True,0.8428,pending_top_up,0.0172,top_up_failed,0.008,False,,Where are my funds being sourced from?
2003,verify_source_of_funds,verify_source_of_funds,True,0.5479,verify_top_up,0.033,request_refund,0.0144,False,,I would like to verify the source of my money
2004,verify_source_of_funds,verify_source_of_funds,True,0.8421,pending_top_up,0.0088,declined_cash_withdrawal,0.0061,False,,where to funds come from
2005,verify_source_of_funds,verify_source_of_funds,True,0.9444,pending_top_up,0.0028,top_up_failed,0.002,False,,What is the source of my funds.
2006,verify_source_of_funds,verify_source_of_funds,True,0.8199,verify_top_up,0.0288,why_verify_identity,0.011,False,,I need to verify my source of funds
2007,verify_source_of_funds,verify_source_of_funds,True,0.6209,request_refund,0.0162,top_up_reverted,0.0144,False,,I would like to see the source of my money.
2008,verify_source_of_funds,verify_source_of_funds,True,0.7344,why_verify_identity,0.0176,top_up_failed,0.0104,False,,Why do you need all this information about my Source of Funds?
2009,verify_source_of_funds,verify_source_of_funds,True,0.9181,top_up_by_cash_or_cheque,0.0072,balance_not_updated_after_cheque_or_cash_deposit,0.004,False,,How can I check the source of funds?
2010,verify_source_of_funds,verify_source_of_funds,True,0.6229,top_up_failed,0.0158,pending_top_up,0.0149,False,,How can I tell where my funds came from?
2011,verify_source_of_funds,verify_source_of_funds,True,0.7857,pending_top_up,0.0099,country_support,0.0073,False,,What is the source of my available funds?
2012,verify_source_of_funds,verify_source_of_funds,True,0.8428,pending_top_up,0.0172,top_up_failed,0.008,False,,Can I find the origination of my funds?
2013,verify_source_of_funds,verify_source_of_funds,True,0.6817,verify_top_up,0.0487,why_verify_identity,0.0107,False,,My source of funds need verified.
2014,verify_source_of_funds,verify_source_of_funds,True,0.716,verify_top_up,0.0281,why_verify_identity,0.0221,False,,What information do you need to verify my Source of Funds?
2015,verify_source_of_funds,verify_source_of_funds,True,0.743,verify_top_up,0.015,unable_to_verify_identity,0.0094,False,,I need the source of my funds verified. How do I do this?
2016,verify_source_of_funds,verify_source_of_funds,True,0.1473,verify_top_up,0.0763,pending_top_up,0.0396,False,,I need my funds verified.
2017,verify_source_of_funds,verify_source_of_funds,True,0.5456,top_up_by_cash_or_cheque,0.0239,balance_not_updated_after_cheque_or_cash_deposit,0.0169,False,,Help me check where the funds came from.
2018,verify_source_of_funds,verify_source_of_funds,True,0.7194,pending_top_up,0.0101,top_up_reverted,0.0081,True,funds|funds come|come|know funds|know,I want to know where the funds come from.
2019,verify_source_of_funds,verify_source_of_funds,True,0.7086,transfer_not_received_by_recipient,0.0117,top_up_reverted,0.0111,False,,What is the source of my money?
2020,verify_source_of_funds,verify_source_of_funds,True,0.6424,wrong_amount_of_cash_received,0.0112,top_up_reverted,0.0108,False,,Where can I find the source of my available money?
2021,verify_source_of_funds,verify_source_of_funds,True,0.6203,pending_top_up,0.0155,top_up_failed,0.0117,False,,How can I lookup where funds came from?
2022,verify_source_of_funds,verify_source_of_funds,True,0.6793,pending_top_up,0.0132,top_up_failed,0.0098,False,,Can I see that history on my funds and where they came from?
2023,verify_source_of_funds,verify_source_of_funds,True,0.8619,verify_top_up,0.0104,unable_to_verify_identity,0.0053,False,,I have to verify the source of my funds
2024,verify_source_of_funds,verify_source_of_funds,True,0.7857,pending_top_up,0.0099,country_support,0.0073,False,,How can I view the source of my available funds?
2025,verify_source_of_funds,verify_source_of_funds,True,0.1435,transfer_not_received_by_recipient,0.034,balance_not_updated_after_bank_transfer,0.0318,False,,Why does my money come from?
2026,verify_source_of_funds,verify_source_of_funds,True,0.9344,pending_top_up,0.0029,top_up_failed,0.0023,False,,I need to validate the source of my funds.
2027,verify_source_of_funds,verify_source_of_funds,True,0.4355,why_verify_identity,0.0266,pending_top_up,0.022,False,,Where are my funds coming from? I need to know.
2028,verify_source_of_funds,verify_source_of_funds,True,0.3412,transfer_not_received_by_recipient,0.0234,top_up_reverted,0.0203,False,,Where has my available money come from?
2029,verify_source_of_funds,verify_source_of_funds,True,0.1656,top_up_reverted,0.0309,why_verify_identity,0.0289,False,,Why do you need to know where my money is coming from?
2030,verify_source_of_funds,verify_source_of_funds,True,0.1356,transfer_not_received_by_recipient,0.0321,top_up_reverted,0.0311,False,,How can I see where my money comes from?
2031,verify_source_of_funds,verify_source_of_funds,True,0.9181,top_up_by_cash_or_cheque,0.0072,balance_not_updated_after_cheque_or_cash_deposit,0.004,False,,How can I check the source for my funds?
2032,verify_source_of_funds,verify_source_of_funds,True,0.7086,transfer_not_received_by_recipient,0.0117,top_up_reverted,0.0111,False,,Where can I see the source of my money?
2033,verify_source_of_funds,verify_source_of_funds,True,0.8573,verify_top_up,0.032,why_verify_identity,0.01,False,,"what is source of my funds, need to verify"
2034,verify_source_of_funds,verify_source_of_funds,True,0.8421,pending_top_up,0.0088,declined_cash_withdrawal,0.0061,True,funds|funds come|come,Where do my funds come from?
2035,verify_source_of_funds,verify_source_of_funds,True,0.4592,top_up_by_cash_or_cheque,0.0565,balance_not_updated_after_cheque_or_cash_deposit,0.0251,False,,How can I check the source of my fund?
2036,verify_source_of_funds,verify_source_of_funds,True,0.9444,pending_top_up,0.0028,top_up_failed,0.002,False,,How can I see my source of funds?
2037,verify_source_of_funds,verify_source_of_funds,True,0.6161,pending_top_up,0.0183,declined_cash_withdrawal,0.0123,False,,How do I become aware of where my funds come from?
2038,verify_source_of_funds,verify_source_of_funds,True,0.1435,transfer_not_received_by_recipient,0.034,balance_not_updated_after_bank_transfer,0.0318,False,,Where does all this money come from though?
2039,verify_source_of_funds,verify_source_of_funds,True,0.8199,verify_top_up,0.0288,why_verify_identity,0.011,False,,What do I need to do to verify the source of my funds?
2040,transfer_timing,transfer_timing,True,0.6335,pending_transfer,0.042,transfer_not_received_by_recipient,0.0357,False,,What is the number of days I have to wait for my Europe transfer?
2041,transfer_timing,transfer_timing,True,0.3654,pending_transfer,0.0729,failed_transfer,0.0392,False,,What is the wait time for a transfer from the US?
2042,transfer_timing,transfer_timing,True,0.2723,card_about_to_expire,0.0457,failed_transfer,0.0281,False,,I need a fast transfer from China?  How fast will it be?
2043,transfer_timing,beneficiary_not_allowed,False,0.2723,balance_not_updated_after_bank_transfer,0.1982,transfer_timing,0.1093,False,,how soon will I see the transfer in my account?
2044,transfer_timing,verify_source_of_funds,False,0.0784,transfer_timing,0.0528,top_up_failed,0.0377,True,funds|funds account|account|days|does,How many days does it take until funds are in my account?
2045,transfer_timing,transfer_timing,True,0.2819,pending_transfer,0.1776,transfer_not_received_by_recipient,0.0759,False,,How long until my transfer goes through?
2046,transfer_timing,transfer_timing,True,0.3372,balance_not_updated_after_bank_transfer,0.029,top_up_by_bank_transfer_charge,0.0245,False,,Do transfers from Europe take longer?
2047,transfer_timing,failed_transfer,False,0.4489,declined_transfer,0.1123,top_up_by_bank_transfer_charge,0.062,False,,What is the fastest that I can make a transfer?
2048,transfer_timing,balance_not_updated_after_bank_transfer,False,0.3828,balance_not_updated_after_cheque_or_cash_deposit,0.0446,pending_top_up,0.044,False,,how long dies it take for transfers to reflect on my balance
2049,transfer_timing,transfer_timing,True,0.2945,balance_not_updated_after_bank_transfer,0.0944,transfer_into_account,0.0696,False,,"If I started the Bank transfer from Europe, how long will the process take to complete?"
2050,transfer_timing,transfer_timing,True,0.3028,transfer_into_account,0.0749,balance_not_updated_after_cheque_or_cash_deposit,0.0466,False,,How long until the money is in my account?
2051,transfer_timing,transfer_timing,True,0.3663,balance_not_updated_after_bank_transfer,0.0534,beneficiary_not_allowed,0.0338,True,transfer|reach account|reach|transfer reach|account,When will a transfer reach my account?
2052,transfer_timing,transfer_timing,True,0.1889,balance_not_updated_after_bank_transfer,0.0483,beneficiary_not_allowed,0.0423,False,,When should I expect to see my transfer hit my account?
2053,transfer_timing,balance_not_updated_after_bank_transfer,False,0.1107,transfer_timing,0.1061,pending_transfer,0.0887,False,,Will my transfer immediately show up in my account?
2054,transfer_timing,transfer_timing,True,0.763,pending_transfer,0.021,card_delivery_estimate,0.0172,False,,"If I need to do a quick transfer from China, how long should I expect the transfer to take?"
2055,transfer_timing,balance_not_updated_after_bank_transfer,False,0.4138,transfer_timing,0.0778,transfer_into_account,0.032,False,,When does the money get transferred to my account
2056,transfer_timing,transfer_timing,True,0.7106,pending_transfer,0.042,balance_not_updated_after_bank_transfer,0.0263,False,,How long do i have to wait for a transfer to reach my account?
2057,transfer_timing,verify_source_of_funds,False,0.238,pending_top_up,0.0907,transfer_timing,0.0606,False,,How long does it take for funds to come through the US to my account?
2058,transfer_timing,transfer_timing,True,0.8945,pending_transfer,0.0301,balance_not_updated_after_bank_transfer,0.0123,False,,How long is my Europe transfer wait?
2059,transfer_timing,transfer_timing,True,0.2561,pending_transfer,0.075,balance_not_updated_after_bank_transfer,0.0732,False,,How many days does a transfer from the US take?
2060,transfer_timing,transfer_timing,True,0.4795,pending_transfer,0.2036,balance_not_updated_after_bank_transfer,0.0391,False,,How long do I have to wait for a transfer from the US?
2061,transfer_timing,transfer_timing,True,0.4795,pending_transfer,0.2036,balance_not_updated_after_bank_transfer,0.0391,False,,How long is the wait for a US transfer?
2062,transfer_timing,transfer_into_account,False,0.0939,transfer_timing,0.0773,balance_not_updated_after_cheque_or_cash_deposit,0.0716,False,,How many days until the money will be in my account?
2063,transfer_timing,transfer_timing,True,0.5205,pending_transfer,0.1334,balance_not_updated_after_bank_transfer,0.0918,False,,How long does it take for a transfer?
2064,transfer_timing,transfer_timing,True,0.2023,balance_not_updated_after_bank_transfer,0.0749,pending_transfer,0.0715,False,,What is the time frame for a transfer from the US?
2065,transfer_timing,receiving_money,False,0.0938,transfer_fee_charged,0.0813,beneficiary_not_allowed,0.0791,False,,when will i receive a US transfer
2066,transfer_timing,transfer_timing,True,0.6605,pending_transfer,0.0239,balance_not_updated_after_bank_transfer,0.0194,False,,Approximately how long will an urgent transfer from China take?
2067,transfer_timing,transfer_timing,True,0.1964,balance_not_updated_after_bank_transfer,0.1498,transfer_into_account,0.0846,False,,"I initiated a Bank transfer form Europe, how long will this take?"
2068,transfer_timing,transfer_timing,True,0.599,pending_top_up,0.0425,balance_not_updated_after_bank_transfer,0.029,False,,How long does it take to process transfers from Europe?
2069,transfer_timing,transfer_timing,True,0.186,pending_transfer,0.1222,balance_not_updated_after_bank_transfer,0.0955,False,,How long does a funds transfer take from one back to another?
2070,transfer_timing,card_delivery_estimate,False,0.1443,card_about_to_expire,0.088,card_arrival,0.0536,False,,What would the approximate delivery date be if I transferred something urgently to China?
2071,transfer_timing,transfer_timing,True,0.6282,card_about_to_expire,0.0377,transfer_not_received_by_recipient,0.0326,False,,I have to transfer something to China as fast as I can. How long will it take to arrive in China?
2072,transfer_timing,transfer_timing,True,0.7106,pending_transfer,0.042,balance_not_updated_after_bank_transfer,0.0263,False,,How long to I have to wait for a transfer to reach my account?
2073,transfer_timing,verify_source_of_funds,False,0.1025,transfer_not_received_by_recipient,0.0822,pending_top_up,0.079,False,,How long is it going to take for my funds to show in my account?
2074,transfer_timing,transfer_timing,True,0.2507,transfer_not_received_by_recipient,0.122,pending_transfer,0.0863,False,,"How long does a transfer take from the point it's sent, to the point it arrives in my account?"
2075,transfer_timing,transfer_timing,True,0.6676,balance_not_updated_after_bank_transfer,0.0321,pending_transfer,0.0279,False,,How long will it take for the transfer to reach my account?
2076,transfer_timing,transfer_timing,True,0.7447,pending_transfer,0.0227,balance_not_updated_after_bank_transfer,0.0184,False,,If my transfer is from Europe how long will it take?
2077,transfer_timing,transfer_timing,True,0.2726,pending_transfer,0.0424,balance_not_updated_after_bank_transfer,0.0316,False,,There is an important thing from China that I need to transfer. Approximately how long will this take?
2078,transfer_timing,transfer_timing,True,0.8932,pending_transfer,0.0165,balance_not_updated_after_bank_transfer,0.0133,False,,How long does a transfer take from china?
2079,transfer_timing,transfer_timing,True,0.1316,wrong_amount_of_cash_received,0.045,verify_source_of_funds,0.0367,False,,When will money be available in my account?
2080,reverted_card_payment?,reverted_card_payment?,True,0.4864,declined_card_payment,0.086,card_payment_not_recognised,0.0675,False,,I think my card payment has been stopped
2081,reverted_card_payment?,reverted_card_payment?,True,0.9345,declined_card_payment,0.0164,pending_card_payment,0.0095,False,,My card payment was reverted.  Why?
2082,reverted_card_payment?,reverted_card_payment?,True,0.449,top_up_reverted,0.1282,card_payment_not_recognised,0.0607,False,,the app reverted my payment
2083,reverted_card_payment?,reverted_card_payment?,True,0.9085,declined_card_payment,0.0217,pending_card_payment,0.0131,False,,My card payment was cancelled.
2084,reverted_card_payment?,reverted_card_payment?,True,0.8816,top_up_reverted,0.0188,pending_card_payment,0.0126,False,,Why was my payment cancelled?
2085,reverted_card_payment?,reverted_card_payment?,True,0.5766,card_payment_not_recognised,0.1532,top_up_reverted,0.0385,False,,I made a payment but the app reverted the payment.
2086,reverted_card_payment?,reverted_card_payment?,True,0.6807,top_up_reverted,0.0772,card_payment_not_recognised,0.0392,False,,My payment was reverted by the app
2087,reverted_card_payment?,reverted_card_payment?,True,0.1622,top_up_reverted,0.0833,wrong_amount_of_cash_received,0.044,False,,"Hello, My money went through for my purchase but now I got contacted from the seller noting that they didn't receive it. Then the money was returned to my account and I'm not sure why this occurred. So if you can resolve this issue please."
2088,reverted_card_payment?,reverted_card_payment?,True,0.8685,declined_card_payment,0.0321,top_up_reverted,0.0166,False,,Please explain to me the circumstances in which my card payment would be reverted?
2089,reverted_card_payment?,reverted_card_payment?,True,0.9085,declined_card_payment,0.0217,pending_card_payment,0.0131,False,,Why has my card payment been cancelled?
2090,reverted_card_payment?,reverted_card_payment?,True,0.8387,declined_card_payment,0.0319,pending_card_payment,0.0263,False,,What do I do if it says my card payment has been cancelled?
2091,reverted_card_payment?,reverted_card_payment?,True,0.4175,request_refund,0.0624,transfer_not_received_by_recipient,0.0292,False,,I'm not sure why my account has been refunded a payment for an item I've already received about 2 weeks ago. Can you please tell me what is going on?
2092,reverted_card_payment?,top_up_failed,False,0.174,declined_card_payment,0.1556,card_not_working,0.0467,False,,My card is being declined for a purchase. I bought items before and the card worked. Do you know what the problem is?
2093,reverted_card_payment?,reverted_card_payment?,True,0.8533,declined_card_payment,0.0386,pending_card_payment,0.0128,False,,Can you tell my why my card payment has been reverted.
2094,reverted_card_payment?,card_payment_not_recognised,False,0.1962,reverted_card_payment?,0.0833,cash_withdrawal_not_recognised,0.0445,False,,why did the app refuse to make an approved payment
2095,reverted_card_payment?,reverted_card_payment?,True,0.7342,declined_card_payment,0.065,card_payment_not_recognised,0.0244,False,,Do you know why my card payment was reverted?
2096,reverted_card_payment?,reverted_card_payment?,True,0.285,supported_cards_and_currencies,0.0753,pending_card_payment,0.058,False,,My credit card cancelled a payment for a purchase.
2097,reverted_card_payment?,reverted_card_payment?,True,0.3254,card_payment_not_recognised,0.0846,pending_card_payment,0.0605,False,,Why was my payment reversed?
2098,reverted_card_payment?,reverted_card_payment?,True,0.2217,pending_card_payment,0.087,top_up_reverted,0.0793,False,,I have a payment listed as cancelled.
2099,reverted_card_payment?,reverted_card_payment?,True,0.3395,declined_card_payment,0.1176,card_payment_not_recognised,0.0922,False,,I think my card payment had been return
2100,reverted_card_payment?,reverted_card_payment?,True,0.0928,wrong_amount_of_cash_received,0.0527,Refund_not_showing_up,0.0468,False,,I was contacted by a seller with a message that they never received my money. I am 100% sure it was taken from my account so I definitely need this sorted out soon.
2101,reverted_card_payment?,reverted_card_payment?,True,0.3066,card_payment_not_recognised,0.093,verify_source_of_funds,0.0672,False,,what happens to the funds if a merchant refuses the payment
2102,reverted_card_payment?,verify_source_of_funds,False,0.0663,card_not_working,0.0555,reverted_card_payment?,0.0535,False,,"I am attempting to make a purchase online, but my card is not working.  I know there are funds available, is this an issue on the banks end?"
2103,reverted_card_payment?,reverted_card_payment?,True,0.9085,declined_card_payment,0.0217,pending_card_payment,0.0131,False,,Why was my card payment cancelled?
2104,reverted_card_payment?,reverted_card_payment?,True,0.9345,declined_card_payment,0.0164,pending_card_payment,0.0095,False,,Why has my card payment been reverted?
2105,reverted_card_payment?,reverted_card_payment?,True,0.1442,top_up_reverted,0.1187,top_up_failed,0.0236,False,,"There must be an issue, why has my card been cancelled?"
2106,reverted_card_payment?,reverted_card_payment?,True,0.0638,request_refund,0.0511,balance_not_updated_after_bank_transfer,0.0416,False,,I bought something and the money appeared back into my account? Why?
2107,reverted_card_payment?,reverted_card_payment?,True,0.7406,card_payment_not_recognised,0.0279,declined_card_payment,0.0273,False,,My account shows the card payment cancelled.
2108,reverted_card_payment?,reverted_card_payment?,True,0.6626,declined_card_payment,0.0761,card_payment_not_recognised,0.0293,False,,"I'm not sure why my card payment was cancelled, can you find out why?"
2109,reverted_card_payment?,reverted_card_payment?,True,0.665,declined_card_payment,0.1007,pending_card_payment,0.0248,False,,What is the reason that my card payment was cancelled?
2110,reverted_card_payment?,reverted_card_payment?,True,0.3103,request_refund,0.0846,direct_debit_payment_not_recognised,0.0368,False,,"Hi, I would like to file a claim for an inquiry. I am a frequent customer of the company in question and have never had any issue with my purchases, payments, or otherwise. However, the price deducted for an item I purchased a couple of weeks ago has been returned to my checking account. Was there an issue with my payment? The item has already been delivered to me."
2111,reverted_card_payment?,reverted_card_payment?,True,0.9345,declined_card_payment,0.0164,pending_card_payment,0.0095,False,,Why was my card payment reverted?
2112,reverted_card_payment?,reverted_card_payment?,True,0.1846,card_payment_not_recognised,0.09,pending_card_payment,0.0585,False,,Why does the app revert a payment?
2113,reverted_card_payment?,reverted_card_payment?,True,0.4638,top_up_reverted,0.1383,card_payment_not_recognised,0.1164,False,,I did a payment but the app reverted it
2114,reverted_card_payment?,reverted_card_payment?,True,0.2259,card_payment_not_recognised,0.0749,pending_card_payment,0.0572,False,,What happens if a merchant doesn't accept a payment?
2115,reverted_card_payment?,card_payment_not_recognised,False,0.2244,pending_card_payment,0.1968,reverted_card_payment?,0.1169,False,,There was a canceled payment for my card.
2116,reverted_card_payment?,reverted_card_payment?,True,0.0798,top_up_reverted,0.0671,transaction_charged_twice,0.0587,False,,My transaction to pay for an item was returned to my account.
2117,reverted_card_payment?,reverted_card_payment?,True,0.3675,card_payment_not_recognised,0.1253,pending_card_payment,0.1249,False,,Someone stopped my payment
2118,reverted_card_payment?,reverted_card_payment?,True,0.9085,declined_card_payment,0.0217,pending_card_payment,0.0131,False,,"If my card payment is cancelled, what should I do?"
2119,reverted_card_payment?,reverted_card_payment?,True,0.6064,card_payment_not_recognised,0.0494,pending_card_payment,0.0421,False,,Why has payment been returned?
2120,change_pin,change_pin,True,0.5863,declined_cash_withdrawal,0.0176,get_physical_card,0.0163,False,,What kind of cash machines would allow me to change my PIN?
2121,change_pin,change_pin,True,0.9907,get_physical_card,0.0032,pin_blocked,0.0018,False,,Where do I change my PIN?
2122,change_pin,change_pin,True,0.9327,get_physical_card,0.0096,pin_blocked,0.0069,False,,Is the bank the only place I can change my PIN>
2123,change_pin,change_pin,True,0.9361,get_physical_card,0.0113,pin_blocked,0.0079,False,,"If I am overseas, how do I change my pin?"
2124,change_pin,change_pin,True,0.8819,get_physical_card,0.0119,declined_cash_withdrawal,0.0114,False,,Can i change my PIN at the ATM?
2125,change_pin,change_pin,True,0.9907,get_physical_card,0.0032,pin_blocked,0.0018,False,,How might  I change my PIN?
2126,change_pin,change_pin,True,0.666,edit_personal_details,0.0301,get_physical_card,0.0232,False,,I would like to change my PIN but I am not currently in the country.
2127,change_pin,change_pin,True,0.3701,get_physical_card,0.1463,edit_personal_details,0.0429,False,,I would like to change my card PIN.
2128,change_pin,change_pin,True,0.5369,get_physical_card,0.074,pin_blocked,0.033,False,,I want to set a new PIN
2129,change_pin,change_pin,True,0.5679,edit_personal_details,0.0408,get_physical_card,0.0204,False,,"I desperately need to change my PIN, but I'm overseas on vacation right now. How can I do this?"
2130,change_pin,change_pin,True,0.3721,get_physical_card,0.1479,pin_blocked,0.0895,False,,I need a new Pin how do I go about that?
2131,change_pin,change_pin,True,0.7491,get_physical_card,0.0246,pin_blocked,0.0203,False,,Is there a location near me that i can change my PIN?
2132,change_pin,change_pin,True,0.984,get_physical_card,0.0031,declined_cash_withdrawal,0.0022,False,,In what ATM can I change my pin?
2133,change_pin,change_pin,True,0.1723,get_physical_card,0.0837,pin_blocked,0.0588,False,,I'd like to make a new PIN selection.
2134,change_pin,change_pin,True,0.4982,get_physical_card,0.1016,pin_blocked,0.0421,False,,How do I set a new pin?
2135,change_pin,get_physical_card,False,0.2196,change_pin,0.141,pin_blocked,0.1008,False,,How do I update my PIN to a new number?
2136,change_pin,edit_personal_details,False,0.6408,change_pin,0.2205,exchange_via_app,0.0246,False,,How can I change my Tholepin ?
2137,change_pin,change_pin,True,0.3769,get_physical_card,0.1619,pin_blocked,0.0616,False,,My new pin needs to be set.
2138,change_pin,get_physical_card,False,0.1855,change_pin,0.174,pin_blocked,0.1138,False,,I want to choose a different PIN.
2139,change_pin,change_pin,True,0.8763,edit_personal_details,0.0182,get_physical_card,0.0148,False,,I would like to change my pin.
2140,change_pin,change_pin,True,0.7241,declined_cash_withdrawal,0.0171,get_physical_card,0.0152,False,,Am I able to change my PIN at any cash machines?
2141,change_pin,change_pin,True,0.572,edit_personal_details,0.0442,get_physical_card,0.0202,False,,I am travelling for two more weeks but really need to change my PIN asap. What do I do?
2142,change_pin,change_pin,True,0.7121,edit_personal_details,0.0313,pin_blocked,0.0149,False,,I need to change my PIN. Can I do that at a cash machine?
2143,change_pin,change_pin,True,0.8408,declined_cash_withdrawal,0.0142,get_physical_card,0.0109,False,,Do cash machines let me change my pin?
2144,change_pin,change_pin,True,0.9907,get_physical_card,0.0032,pin_blocked,0.0018,False,,How do I change my PIN?
2145,change_pin,change_pin,True,0.9523,edit_personal_details,0.0161,get_physical_card,0.0059,False,,I need to change my PIN.
2146,change_pin,get_physical_card,False,0.422,change_pin,0.0506,pin_blocked,0.0423,False,,May I receive a different card pin
2147,change_pin,change_pin,True,0.9523,edit_personal_details,0.0161,get_physical_card,0.0059,False,,What do I need to do to change my PIN?
2148,change_pin,change_pin,True,0.4527,get_physical_card,0.0889,pin_blocked,0.0584,False,,Help me set up a new PIN?
2149,change_pin,change_pin,True,0.6611,declined_cash_withdrawal,0.0156,get_physical_card,0.0148,False,,Which cash machines will allow me to change my PIN?
2150,change_pin,change_pin,True,0.7391,edit_personal_details,0.0369,get_physical_card,0.0172,False,,"I am in Austria right now. I need to change my PIN ASAP, so can I still do this from here?"
2151,change_pin,change_pin,True,0.9028,get_physical_card,0.015,pin_blocked,0.011,False,,Where can I find instructions to change my PIN?
2152,change_pin,change_pin,True,0.9523,edit_personal_details,0.0161,get_physical_card,0.0059,False,,I need to change my pin but I am on the road.
2153,change_pin,get_physical_card,False,0.3502,pin_blocked,0.1803,change_pin,0.1384,False,,How do I update the PIN on my account?
2154,change_pin,change_pin,True,0.3721,get_physical_card,0.1479,pin_blocked,0.0895,False,,I need a new PIN.
2155,change_pin,change_pin,True,0.9907,get_physical_card,0.0032,pin_blocked,0.0018,False,,Show me how to change my pin?
2156,change_pin,change_pin,True,0.5561,declined_cash_withdrawal,0.0197,get_physical_card,0.0169,False,,Please tell me which cash machines will allow me to change my pin.
2157,change_pin,change_pin,True,0.3574,get_physical_card,0.101,edit_personal_details,0.0686,False,,What steps do I need to take to change my card PIN?
2158,change_pin,change_pin,True,0.871,get_physical_card,0.0428,pin_blocked,0.0142,False,,How to change the PIN on my card?
2159,change_pin,change_pin,True,0.8904,get_physical_card,0.013,pin_blocked,0.0098,False,,How can I change the PIN?  Do I have to go to a real bank?
2160,beneficiary_not_allowed,failed_transfer,False,0.1508,beneficiary_not_allowed,0.0802,transfer_not_received_by_recipient,0.0548,False,,I've tried numerous times to submit a transfer of funds. Why isn't it going through?
2161,beneficiary_not_allowed,balance_not_updated_after_bank_transfer,False,0.1188,beneficiary_not_allowed,0.0894,transfer_not_received_by_recipient,0.0874,False,,I've transferred money before without issue but now I am encountering an error stating that it isn't possible. Why is that?
2162,beneficiary_not_allowed,beneficiary_not_allowed,True,0.4439,balance_not_updated_after_bank_transfer,0.1594,transfer_timing,0.0712,False,,I am not able to do a transfer to an account
2163,beneficiary_not_allowed,beneficiary_not_allowed,True,0.2433,failed_transfer,0.1001,balance_not_updated_after_bank_transfer,0.0922,False,,I was unable to make a transfer to another account.
2164,beneficiary_not_allowed,failed_transfer,False,0.1193,beneficiary_not_allowed,0.1048,pin_blocked,0.1039,False,,I had a transfer blocked
2165,beneficiary_not_allowed,beneficiary_not_allowed,True,0.2438,top_up_reverted,0.0506,unable_to_verify_identity,0.0468,False,,Can you please help me with this exchange?  I am trying to get crypto and the app won't let me.
2166,beneficiary_not_allowed,beneficiary_not_allowed,True,0.2243,balance_not_updated_after_bank_transfer,0.2196,transfer_timing,0.075,False,,How do I do a successful transfer to an account?
2167,beneficiary_not_allowed,beneficiary_not_allowed,True,0.2103,declined_transfer,0.0615,top_up_failed,0.039,False,,Why did I get a message saying that my transfer is not possible?  I have done this before no problem.  Please fix.
2168,beneficiary_not_allowed,beneficiary_not_allowed,True,0.1204,unable_to_verify_identity,0.0397,top_up_reverted,0.035,False,,"Hey I want to buy some crypto but the app doesn't allow me to! What's the issue, I really want to exchange this"
2169,beneficiary_not_allowed,beneficiary_not_allowed,True,0.1664,failed_transfer,0.133,top_up_failed,0.078,False,,I tried to transfer money but it said it wasn't possible? I've done this before and it worked why isn't it working now?
2170,beneficiary_not_allowed,beneficiary_not_allowed,True,0.9468,pending_transfer,0.0044,failed_transfer,0.0041,False,,Why can't I transfer to a beneficiary?
2171,beneficiary_not_allowed,beneficiary_not_allowed,True,0.5138,top_up_failed,0.0408,transfer_fee_charged,0.0231,False,,I am having problems transferring to a beneficiary.
2172,beneficiary_not_allowed,beneficiary_not_allowed,True,0.0535,cash_withdrawal_not_recognised,0.049,top_up_failed,0.0471,False,,What's the deal with no cryptocurrency on your app?
2173,beneficiary_not_allowed,beneficiary_not_allowed,True,0.5678,failed_transfer,0.0737,declined_transfer,0.0451,False,,Why isn't my transfer not going through? I keep getting an error message.
2174,beneficiary_not_allowed,beneficiary_not_allowed,True,0.7903,transfer_fee_charged,0.0162,top_up_limits,0.006,True,beneficiary|transferring|rules,What are the rules for transferring to a beneficiary?
2175,beneficiary_not_allowed,beneficiary_not_allowed,True,0.3047,transfer_into_account,0.0664,failed_transfer,0.0564,False,,Can I transfer money to a beneficiery?
2176,beneficiary_not_allowed,beneficiary_not_allowed,True,0.4606,failed_transfer,0.0529,transfer_fee_charged,0.0279,False,,I have tried transferring money numerous times.  All I keep getting is an error message.  Can you tell me what is going on and how this van be fixed?
2177,beneficiary_not_allowed,beneficiary_not_allowed,True,0.0797,exchange_rate,0.0472,exchange_charge,0.0402,False,,I have a cryptocurrency exchange that won't go through. Please help me process it.
2178,beneficiary_not_allowed,beneficiary_not_allowed,True,0.3778,balance_not_updated_after_bank_transfer,0.0856,transfer_timing,0.0444,False,,Why wasn't I able to transfer to another account?
2179,beneficiary_not_allowed,beneficiary_not_allowed,True,0.7843,pending_transfer,0.049,transfer_not_received_by_recipient,0.0166,False,,The money would not transfer to a beneficiary.
2180,beneficiary_not_allowed,beneficiary_not_allowed,True,0.6428,failed_transfer,0.0327,declined_transfer,0.027,False,,How come I'm not allowed to transfer funds right now? I just keep getting an error message.
2181,beneficiary_not_allowed,beneficiary_not_allowed,True,0.5842,balance_not_updated_after_bank_transfer,0.0658,transfer_timing,0.0354,False,,I couldn't do a transfer to an account
2182,beneficiary_not_allowed,beneficiary_not_allowed,True,0.5901,balance_not_updated_after_bank_transfer,0.0615,transfer_timing,0.0338,False,,A transfer to an account was not allowed
2183,beneficiary_not_allowed,beneficiary_not_allowed,True,0.4526,declined_transfer,0.0343,failed_transfer,0.0251,False,,Why did I receive an error message saying that my transfer was not possible?
2184,beneficiary_not_allowed,beneficiary_not_allowed,True,0.7798,failed_transfer,0.0181,transfer_fee_charged,0.0124,False,,Explain why I can't do a transfer to a beneficiary.
2185,beneficiary_not_allowed,beneficiary_not_allowed,True,0.9071,failed_transfer,0.0093,transfer_fee_charged,0.0054,False,,My transfer to beneficiary didn't go through
2186,beneficiary_not_allowed,beneficiary_not_allowed,True,0.2143,declined_transfer,0.0551,transfer_not_received_by_recipient,0.0436,False,,Why isn't my transfer going through? I get a message saying it's not possible. I've had no issues in the past.
2187,beneficiary_not_allowed,beneficiary_not_allowed,True,0.6789,failed_transfer,0.0532,declined_transfer,0.0207,False,,I couldn't make a transfer to a beneficiary!
2188,beneficiary_not_allowed,beneficiary_not_allowed,True,0.4885,top_up_failed,0.043,pending_top_up,0.0123,False,,"My beneficiary has been denied, is this normal?"
2189,beneficiary_not_allowed,top_up_failed,False,0.099,beneficiary_not_allowed,0.088,top_up_reverted,0.0567,False,,I am trying to exchange crypto and it's not working. Tell me how to fix this.
2190,beneficiary_not_allowed,failed_transfer,False,0.2467,beneficiary_not_allowed,0.1166,top_up_failed,0.0762,False,,The account transfer I was trying to do failed.
2191,beneficiary_not_allowed,beneficiary_not_allowed,True,0.8686,top_up_limits,0.0047,getting_spare_card,0.0032,False,,"My beneficiary is not allowed, please may I have answer as to why this is?"
2192,beneficiary_not_allowed,beneficiary_not_allowed,True,0.9085,failed_transfer,0.0056,pending_transfer,0.0044,False,,Why couldn't I do a transfer to a beneficiary?
2193,beneficiary_not_allowed,beneficiary_not_allowed,True,0.9196,failed_transfer,0.0061,pending_transfer,0.005,False,,Why would i not be able to do a transfer to a beneficiary?
2194,beneficiary_not_allowed,beneficiary_not_allowed,True,0.2108,transfer_into_account,0.0978,transfer_fee_charged,0.0459,False,,I want to transfer money to a beneficiery. Why can't I?
2195,beneficiary_not_allowed,balance_not_updated_after_bank_transfer,False,0.2203,beneficiary_not_allowed,0.1798,transfer_timing,0.0678,False,,Can you help with a transfer to an account
2196,beneficiary_not_allowed,balance_not_updated_after_bank_transfer,False,0.0637,transfer_timing,0.0403,top_up_by_bank_transfer_charge,0.0383,False,,why isnt my account allowing transfers
2197,beneficiary_not_allowed,unable_to_verify_identity,False,0.1079,beneficiary_not_allowed,0.053,top_up_failed,0.0307,False,,"I want to buy cryptocurrency, but your app doesn't let me. Why?"
2198,beneficiary_not_allowed,beneficiary_not_allowed,True,0.5857,failed_transfer,0.1617,declined_transfer,0.0296,False,,i tried to make a transfer to a beneficiary and it didn't go through
2199,beneficiary_not_allowed,beneficiary_not_allowed,True,0.5901,balance_not_updated_after_bank_transfer,0.0615,transfer_timing,0.0338,False,,Why was a transfer to an account not allowed?
2200,transfer_fee_charged,transfer_fee_charged,True,0.8073,top_up_by_bank_transfer_charge,0.027,card_payment_fee_charged,0.0179,False,,"When I made a transfer, there was a fee.  Why?"
2201,transfer_fee_charged,transfer_fee_charged,True,0.8584,card_payment_fee_charged,0.0459,top_up_by_bank_transfer_charge,0.0392,False,,I was charged a fee for my transfer.
2202,transfer_fee_charged,transfer_fee_charged,True,0.6152,card_payment_fee_charged,0.0667,top_up_by_bank_transfer_charge,0.0624,False,,Is there a reason I was charged a fee to transfer?
2203,transfer_fee_charged,transfer_fee_charged,True,0.4387,transaction_charged_twice,0.0559,cash_withdrawal_charge,0.0514,False,,Why was a charged just for transferring?
2204,transfer_fee_charged,failed_transfer,False,0.096,apple_pay_or_google_pay,0.0751,top_up_by_bank_transfer_charge,0.0728,False,,I had to pay in order to do a transfer
2205,transfer_fee_charged,transfer_fee_charged,True,0.7902,top_up_by_bank_transfer_charge,0.0506,cash_withdrawal_charge,0.022,False,,What is the transfer fee charge?
2206,transfer_fee_charged,transfer_fee_charged,True,0.7004,extra_charge_on_statement,0.0543,cash_withdrawal_charge,0.0532,False,,Why was I charged extra for transferring money?
2207,transfer_fee_charged,transfer_fee_charged,True,0.4391,card_payment_fee_charged,0.096,top_up_by_bank_transfer_charge,0.0368,False,,im not paying this transfer fee
2208,transfer_fee_charged,transfer_fee_charged,True,0.7181,cash_withdrawal_charge,0.0517,top_up_by_bank_transfer_charge,0.0371,False,,I am being charged a transfer fee aren't they free?
2209,transfer_fee_charged,transfer_fee_charged,True,0.1507,top_up_by_bank_transfer_charge,0.0927,top_up_limits,0.0697,False,,What is the maximum I can transfer before I incur fees?
2210,transfer_fee_charged,transfer_fee_charged,True,0.6867,top_up_by_bank_transfer_charge,0.0269,declined_transfer,0.0203,False,,I got 2 transfer fees and I thought transfers were free.
2211,transfer_fee_charged,transfer_fee_charged,True,0.8679,card_payment_fee_charged,0.0301,cash_withdrawal_charge,0.026,False,,Why am I being charged a fee for transferring money?
2212,transfer_fee_charged,top_up_by_bank_transfer_charge,False,0.1413,transfer_fee_charged,0.1281,top_up_by_card_charge,0.0973,False,,Do charge fees for transfers?
2213,transfer_fee_charged,transfer_fee_charged,True,0.2556,card_payment_fee_charged,0.0846,top_up_by_card_charge,0.0206,False,,"I recently got a new place while I'm staying abroad and have been using this account to manage payments, but suddenly I am seeing fees increase. Where are these additional fees coming from?"
2214,transfer_fee_charged,transfer_fee_charged,True,0.2094,balance_not_updated_after_bank_transfer,0.1299,beneficiary_not_allowed,0.1183,False,,"Hi,  Please help me, as i have transferred some amount but receiver did not get the same amount. He received a bit less. Due to this again i need to transfer the difference.   I have transferred money but beneficiary's account is credited with less amount. Now i have transfer the difference of the amount. I think there is some issue, could you please look into this."
2215,transfer_fee_charged,transfer_fee_charged,True,0.1156,cash_withdrawal_charge,0.0583,card_payment_fee_charged,0.0553,False,,"Why did I get charged for something I bought online? Even though it was international, I thought it would be covered."
2216,transfer_fee_charged,transfer_fee_charged,True,0.2333,transaction_charged_twice,0.0475,card_payment_fee_charged,0.0282,False,,Why were there additional charges when transferring?
2217,transfer_fee_charged,transfer_fee_charged,True,0.2215,balance_not_updated_after_bank_transfer,0.1738,transaction_charged_twice,0.0903,False,,I was charged more when I transferred!
2218,transfer_fee_charged,transfer_fee_charged,True,0.8073,top_up_by_bank_transfer_charge,0.027,card_payment_fee_charged,0.0179,False,,Is there a transfer fee?
2219,transfer_fee_charged,transfer_fee_charged,True,0.5259,card_payment_fee_charged,0.1072,extra_charge_on_statement,0.0972,False,,I'm not sure why I was charged an extra fee for transferring funds.
2220,transfer_fee_charged,transfer_fee_charged,True,0.793,cash_withdrawal_charge,0.0507,card_payment_fee_charged,0.0427,False,,"I thought transfers were free, why was I charged a fee?"
2221,transfer_fee_charged,transfer_fee_charged,True,0.2109,extra_charge_on_statement,0.1026,cash_withdrawal_charge,0.0372,False,,"My receipt shows an extra charge on my transfer, why is this?"
2222,transfer_fee_charged,transfer_fee_charged,True,0.4253,card_payment_fee_charged,0.156,cash_withdrawal_charge,0.0432,False,,"I was charged a fee when making this transfer, and I don't think I should have been!"
2223,transfer_fee_charged,transfer_fee_charged,True,0.3479,transfer_not_received_by_recipient,0.0972,extra_charge_on_statement,0.0681,True,transferring|charged|extra|charged extra|money charged,"I sent out money, but was charged extra for transferring. Why?"
2224,transfer_fee_charged,transfer_fee_charged,True,0.7059,top_up_by_bank_transfer_charge,0.0284,card_payment_fee_charged,0.0207,False,,Why am I seeing a transfer fee?
2225,transfer_fee_charged,transfer_fee_charged,True,0.4913,extra_charge_on_statement,0.1078,cash_withdrawal_charge,0.0376,False,,There was an extra charge when I made a transfer.
2226,transfer_fee_charged,transfer_fee_charged,True,0.1419,transfer_not_received_by_recipient,0.1009,failed_transfer,0.08,False,,I need someone to alert me as to what's going on. I had transferred an amount but the receiver is saying that the amount is somewhat less than what I sent over. I now have to make another transfer to make up the difference.
2227,transfer_fee_charged,transfer_fee_charged,True,0.6935,top_up_by_bank_transfer_charge,0.0988,cash_withdrawal_charge,0.024,False,,"I was charge a fee for my transfer, why?"
2228,transfer_fee_charged,transfer_fee_charged,True,0.8086,top_up_by_bank_transfer_charge,0.0783,card_payment_fee_charged,0.0113,False,,Why was there a fee for my transfer?
2229,transfer_fee_charged,transfer_fee_charged,True,0.3883,top_up_by_bank_transfer_charge,0.0945,card_payment_fee_charged,0.0863,False,,Why was my transfer charged fees?
2230,transfer_fee_charged,transfer_fee_charged,True,0.4403,top_up_by_bank_transfer_charge,0.0742,card_payment_fee_charged,0.0335,False,,Is there supposed to be a fee for the transfer I made?
2231,transfer_fee_charged,transfer_fee_charged,True,0.1332,card_payment_fee_charged,0.0454,card_payment_not_recognised,0.0297,False,,In the past month I often used this account to manage payments for my new holiday villa. Now all of a sudden your fees have increased exorbitantly! Don't you have a rewards programme for frequent users?
2232,transfer_fee_charged,transfer_fee_charged,True,0.8584,card_payment_fee_charged,0.0459,top_up_by_bank_transfer_charge,0.0392,False,,Why was I charged a fee for a transfer?
2233,transfer_fee_charged,extra_charge_on_statement,False,0.0885,transfer_fee_charged,0.0784,card_payment_fee_charged,0.0738,True,extra|extra charges|charges,What extra charges are there?
2234,transfer_fee_charged,transfer_fee_charged,True,0.4604,card_payment_fee_charged,0.0719,cash_withdrawal_charge,0.0513,False,,I know that I am able to make transfers for free.  That was something that I valued.  After I bought something online from abroad I noticed that I got charged a fee?  What is this and can it be removed?
2235,transfer_fee_charged,transfer_fee_charged,True,0.1606,balance_not_updated_after_bank_transfer,0.1135,transfer_not_received_by_recipient,0.0498,False,,I transferred money and was charged and want to know why.
2236,transfer_fee_charged,transfer_fee_charged,True,0.0768,card_payment_fee_charged,0.0722,cash_withdrawal_charge,0.0719,False,,I was charged for something I didn't expect
2237,transfer_fee_charged,transfer_fee_charged,True,0.2338,card_payment_fee_charged,0.0666,top_up_by_bank_transfer_charge,0.0517,False,,"I purchased some makeup through a site in China, and I was under the impression that when I make transfers there is no fee.  Why am I seeing this fee now?  I am not happy about this at all."
2238,transfer_fee_charged,transfer_fee_charged,True,0.4319,cash_withdrawal_charge,0.1919,card_payment_fee_charged,0.154,False,,I got charged and extra fee when I transferred money so why was I charged?
2239,transfer_fee_charged,transfer_fee_charged,True,0.5087,failed_transfer,0.0383,card_payment_fee_charged,0.0307,False,,Can you explain the transfer fee to me?
2240,receiving_money,receiving_money,True,0.5276,wrong_amount_of_cash_received,0.0264,transfer_not_received_by_recipient,0.0199,False,,Will salary be received through this?
2241,receiving_money,receiving_money,True,0.2388,exchange_via_app,0.1116,fiat_currency_support,0.0485,False,,How can I get paid in a different currency?
2242,receiving_money,receiving_money,True,0.7596,balance_not_updated_after_cheque_or_cash_deposit,0.0284,exchange_charge,0.0091,False,,Can I receive my salary in a currency other than what it is deposited in?
2243,receiving_money,receiving_money,True,0.9062,pending_top_up,0.0024,top_up_failed,0.0024,False,,Can I get my salary through this?
2244,receiving_money,receiving_money,True,0.5502,transfer_fee_charged,0.0157,top_up_reverted,0.0154,False,,How can someone send me money?
2245,receiving_money,receiving_money,True,0.6131,exchange_via_app,0.0213,top_up_by_bank_transfer_charge,0.0172,False,,Is there a problem with receiving my salary in GBP?
2246,receiving_money,receiving_money,True,0.405,balance_not_updated_after_cheque_or_cash_deposit,0.0542,exchange_via_app,0.0294,False,,Do I need to choose GBP to get my salary deposited properly?
2247,receiving_money,receiving_money,True,0.2178,exchange_via_app,0.0487,card_payment_fee_charged,0.0231,False,,"I get paid in GBP. Should I configure this and if so, where?"
2248,receiving_money,exchange_via_app,False,0.1474,receiving_money,0.137,fiat_currency_support,0.0788,False,,Is it possible for me to get money out in a different currency?
2249,receiving_money,receiving_money,True,0.7871,supported_cards_and_currencies,0.0063,wrong_amount_of_cash_received,0.0059,False,,Can I use this to receive my salary?
2250,receiving_money,receiving_money,True,0.5192,exchange_via_app,0.0213,card_delivery_estimate,0.0167,False,,My salary is received in the form of GBP. Do I need to do anything specific to configure this?
2251,receiving_money,receiving_money,True,0.4563,topping_up_by_card,0.0363,request_refund,0.017,False,,How do people send me money?
2252,receiving_money,exchange_via_app,False,0.4338,receiving_money,0.1282,fiat_currency_support,0.0573,False,,Is GBP a supported currency?
2253,receiving_money,receiving_money,True,0.2599,exchange_via_app,0.0502,failed_transfer,0.0429,False,,Do I need to establish I am paid in GBP before a transfer?
2254,receiving_money,receiving_money,True,0.42,exchange_via_app,0.0216,wrong_amount_of_cash_received,0.0176,False,,"Salary in GBP has been received, does it need to be configured elsewhere?"
2255,receiving_money,receiving_money,True,0.8054,terminate_account,0.0178,age_limit,0.0111,False,,How do i get my salary in the account?
2256,receiving_money,transfer_into_account,False,0.1936,failed_transfer,0.0957,beneficiary_not_allowed,0.0773,False,,What are the ways for others to transfer me money?
2257,receiving_money,receiving_money,True,0.3856,wrong_amount_of_cash_received,0.021,declined_cash_withdrawal,0.0181,False,,What different ways are there for someone to send me money?
2258,receiving_money,transfer_timing,False,0.102,transfer_into_account,0.0807,cancel_transfer,0.071,True,transfer|need transfer|account|need|paycheck,What do I need to do to transfer my paycheck to my account?
2259,receiving_money,receiving_money,True,0.7581,transfer_not_received_by_recipient,0.0324,failed_transfer,0.0079,False,,How can my friend send me money?
2260,receiving_money,receiving_money,True,0.5801,failed_transfer,0.0255,balance_not_updated_after_bank_transfer,0.0202,False,,Can I directly transfer my salary onto here?
2261,receiving_money,receiving_money,True,0.7162,compromised_card,0.0097,wrong_amount_of_cash_received,0.0086,False,,Can this be used to receive my salary?
2262,receiving_money,balance_not_updated_after_cheque_or_cash_deposit,False,0.1071,exchange_via_app,0.0958,receiving_money,0.0785,False,,Is it possible to deposit money in GBP?
2263,receiving_money,receiving_money,True,0.6289,exchange_via_app,0.1796,edit_personal_details,0.0096,False,,I received my salary in GBP. How do I change this to my currency?
2264,receiving_money,transfer_not_received_by_recipient,False,0.4593,receiving_money,0.1174,transfer_into_account,0.0879,False,,How can my friend transfer money to me?
2265,receiving_money,receiving_money,True,0.5165,topping_up_by_card,0.0658,failed_transfer,0.0216,False,,Can my friends send me money?
2266,receiving_money,balance_not_updated_after_cheque_or_cash_deposit,False,0.3115,top_up_by_cash_or_cheque,0.0579,terminate_account,0.0271,False,,How do I deposit my paycheck to this account?
2267,receiving_money,receiving_money,True,0.5906,why_verify_identity,0.0411,top_up_by_cash_or_cheque,0.0161,False,,Can I use this account to receive my salary?
2268,receiving_money,receiving_money,True,0.4702,balance_not_updated_after_cheque_or_cash_deposit,0.2449,top_up_by_cash_or_cheque,0.0341,False,,Can i deposit my salary to this account?
2269,receiving_money,receiving_money,True,0.8054,terminate_account,0.0178,age_limit,0.0111,True,salary|account,How do I get my salary through this account?
2270,receiving_money,receiving_money,True,0.6048,exchange_via_app,0.0327,fiat_currency_support,0.0162,False,,What if I need my salary in a different currency?
2271,receiving_money,receiving_money,True,0.8028,exchange_via_app,0.0087,card_delivery_estimate,0.0047,False,,I receive my salary in GBP. Do I need to configure this somehwere?
2272,receiving_money,receiving_money,True,0.2955,supported_cards_and_currencies,0.0223,card_acceptance,0.0202,False,,Do you know if I can use this for my salary?
2273,receiving_money,receiving_money,True,0.0297,pending_top_up,0.0261,top_up_failed,0.0253,False,,How do I get my paycheck through this?
2274,receiving_money,receiving_money,True,0.6275,exchange_via_app,0.0215,failed_transfer,0.0154,False,,can I transfer my salary if it's in a different currency?
2275,receiving_money,receiving_money,True,0.2388,exchange_via_app,0.1116,fiat_currency_support,0.0485,False,,Can I get paid in a different currency?
2276,receiving_money,receiving_money,True,0.3958,pending_top_up,0.0157,top_up_failed,0.0152,False,,Is my salary eligible for this?
2277,receiving_money,receiving_money,True,0.7728,exchange_via_app,0.0446,cash_withdrawal_not_recognised,0.0099,False,,My salary is in GBP; how can I note this in the app?
2278,receiving_money,receiving_money,True,0.1906,exchange_charge,0.0996,exchange_via_app,0.0931,False,,Can I get paid in another currency?
2279,receiving_money,receiving_money,True,0.0297,pending_top_up,0.0261,top_up_failed,0.0253,False,,Can I get my paycheck through here?
2280,failed_transfer,failed_transfer,True,0.573,top_up_failed,0.032,beneficiary_not_allowed,0.0276,False,,dont understand why transfer failed
2281,failed_transfer,failed_transfer,True,0.5123,beneficiary_not_allowed,0.0399,declined_transfer,0.0262,False,,Please help me make a transfer. I keep receiving an error and I'm trying to make the initial mortgage payment for a flat I'm buying. What is the deal here?
2282,failed_transfer,failed_transfer,True,0.4115,top_up_failed,0.1137,declined_transfer,0.0407,False,,My transfer didn't work
2283,failed_transfer,declined_transfer,False,0.0949,failed_transfer,0.0862,transfer_fee_charged,0.0336,False,,"Fix your system. I can't make transfers, I've tried like 5 times already."
2284,failed_transfer,failed_transfer,True,0.6885,top_up_failed,0.0369,pending_transfer,0.021,False,,Tell me why my transfer failed!
2285,failed_transfer,balance_not_updated_after_bank_transfer,False,0.2821,failed_transfer,0.1844,transfer_fee_charged,0.0667,False,,My transfer did not go through.
2286,failed_transfer,failed_transfer,True,0.3866,declined_transfer,0.0451,beneficiary_not_allowed,0.0374,False,,Why was I not able to complete a transfer?
2287,failed_transfer,failed_transfer,True,0.1817,beneficiary_not_allowed,0.0732,transfer_not_received_by_recipient,0.0607,False,,Can you help me figure out what's happening? I'm trying to transfer money to a friend but it keeps getting returned. I'm not sure what i'm doing wrong.
2288,failed_transfer,failed_transfer,True,0.2666,balance_not_updated_after_bank_transfer,0.095,transfer_fee_charged,0.088,False,,Why did my transfer not go through?
2289,failed_transfer,failed_transfer,True,0.4834,declined_transfer,0.0573,balance_not_updated_after_bank_transfer,0.0358,False,,My transfer didn't go through.
2290,failed_transfer,failed_transfer,True,0.0781,balance_not_updated_after_bank_transfer,0.0773,pending_transfer,0.0713,False,,I could not get my transfer to happen correctly and was wondering why?
2291,failed_transfer,failed_transfer,True,0.2258,top_up_failed,0.0858,declined_transfer,0.0514,False,,how come my transfer didn't work
2292,failed_transfer,balance_not_updated_after_bank_transfer,False,0.1661,verify_source_of_funds,0.0947,transfer_fee_charged,0.0692,False,,"I transferred my funds, why did it not go through?"
2293,failed_transfer,failed_transfer,True,0.8588,top_up_failed,0.0171,beneficiary_not_allowed,0.0144,False,,Why has my transfer failed?
2294,failed_transfer,failed_transfer,True,0.4428,balance_not_updated_after_bank_transfer,0.0351,transfer_fee_charged,0.0341,False,,Why did my transfer fail?
2295,failed_transfer,failed_transfer,True,0.1357,transfer_not_received_by_recipient,0.1058,balance_not_updated_after_bank_transfer,0.1055,True,transfer|hasn transfer|hasn,Why hasn't my transfer been made?
2296,failed_transfer,failed_transfer,True,0.3528,pending_transfer,0.1542,balance_not_updated_after_bank_transfer,0.11,False,,My transfer will not go through.
2297,failed_transfer,failed_transfer,True,0.2544,transfer_fee_charged,0.0538,beneficiary_not_allowed,0.0498,False,,My transfer keeps failing and I just want to transfer the money can you please make it work?
2298,failed_transfer,failed_transfer,True,0.6136,top_up_failed,0.0365,declined_transfer,0.0307,False,,"The transfer keeps failing , I tried to transfer some money to friends this morning but it keeps getting rejected for some reason, Would you please check the issue ?"
2299,failed_transfer,failed_transfer,True,0.437,beneficiary_not_allowed,0.033,pending_transfer,0.0325,False,,Why would a transfer fail?
2300,failed_transfer,card_delivery_estimate,False,0.0386,top_up_by_bank_transfer_charge,0.0363,card_arrival,0.0306,False,,What are your policies for card transfers?
2301,failed_transfer,failed_transfer,True,0.6656,top_up_failed,0.0434,beneficiary_not_allowed,0.0433,False,,Is the system down? I've been trying to do a transfer and have failed?
2302,failed_transfer,failed_transfer,True,0.8969,declined_transfer,0.0113,beneficiary_not_allowed,0.0096,False,,I tried to make a transfer but it failed
2303,failed_transfer,failed_transfer,True,0.3257,beneficiary_not_allowed,0.0548,declined_transfer,0.0505,False,,Why couldn't I complete a transfer?
2304,failed_transfer,failed_transfer,True,0.1517,pending_transfer,0.0812,balance_not_updated_after_bank_transfer,0.0787,False,,My transfer appeared not to work.
2305,failed_transfer,transfer_fee_charged,False,0.244,transfer_into_account,0.0928,beneficiary_not_allowed,0.0579,False,,What is stopping my money from transferring?
2306,failed_transfer,failed_transfer,True,0.137,beneficiary_not_allowed,0.0952,balance_not_updated_after_bank_transfer,0.0467,True,mortgage|flat|trying|error|hi,"Hi, I'm buying a flat and I'm trying to get my mortgage to go though. Every time I check I simply get an error message. Is there any way you can help me get this money transferred over. Thanks!"
2307,failed_transfer,failed_transfer,True,0.6527,top_up_failed,0.0315,beneficiary_not_allowed,0.0257,False,,My attempted transfer failed.
2308,failed_transfer,failed_transfer,True,0.0786,declined_transfer,0.0595,beneficiary_not_allowed,0.0535,False,,"I can not seem to make a successful transfer, can you tell me what I'm doing wrong?"
2309,failed_transfer,failed_transfer,True,0.1009,top_up_failed,0.0664,transfer_fee_charged,0.0518,False,,"Please help me as i am continuously facing the issue in transferring money to my friends, as all my transactions are getting failed."
2310,failed_transfer,failed_transfer,True,0.3908,declined_transfer,0.0912,beneficiary_not_allowed,0.0794,False,,"I am trying to make a transfer and am unsuccessful, can you please tell me why?"
2311,failed_transfer,failed_transfer,True,0.2656,balance_not_updated_after_bank_transfer,0.1003,top_up_failed,0.0797,False,,My transfer did not seem to work.
2312,failed_transfer,failed_transfer,True,0.3634,beneficiary_not_allowed,0.0472,transfer_not_received_by_recipient,0.0317,False,,"I've now been trying to do a really standard transfer 5 times already. What's going on, is your system broken or something?!"
2313,failed_transfer,failed_transfer,True,0.2301,balance_not_updated_after_bank_transfer,0.0862,declined_transfer,0.0794,False,,help me with my transfer
2314,failed_transfer,transfer_not_received_by_recipient,False,0.1001,pending_transfer,0.0977,declined_transfer,0.0754,False,,Says my transfer can't be completed?
2315,failed_transfer,failed_transfer,True,0.6885,top_up_failed,0.0369,pending_transfer,0.021,False,,can you tell me why my transfer failed?
2316,failed_transfer,failed_transfer,True,0.275,beneficiary_not_allowed,0.0608,transfer_fee_charged,0.0445,False,,Why didn't my transfer go through?
2317,failed_transfer,failed_transfer,True,0.4836,declined_transfer,0.0368,beneficiary_not_allowed,0.0264,False,,I've attempted to do a very standard transfer and have tried 5 times at this point. Can you tell me what the issue is? Is the system down?
2318,failed_transfer,failed_transfer,True,0.2547,top_up_failed,0.0556,balance_not_updated_after_bank_transfer,0.048,False,,Can you provide a reason as to why my transfer did not work?
2319,failed_transfer,failed_transfer,True,0.3845,beneficiary_not_allowed,0.0561,top_up_failed,0.047,False,,I tried to transfer money and it did not work.
2320,transfer_into_account,transfer_into_account,True,0.6211,balance_not_updated_after_bank_transfer,0.0771,transfer_timing,0.0225,False,,Can I do a bank transfer to put additional money in my account because I am out of money?
2321,transfer_into_account,transfer_into_account,True,0.1892,top_up_by_card_charge,0.1181,supported_cards_and_currencies,0.0798,False,,"I'm out of money, can I add money with my bank?"
2322,transfer_into_account,transfer_into_account,True,0.375,transfer_fee_charged,0.0827,beneficiary_not_allowed,0.0289,False,,How do I go forth on transferring money into my account?
2323,transfer_into_account,transfer_into_account,True,0.0376,top_up_reverted,0.0348,pending_top_up,0.0318,False,,"I don't understand how to top up my account, can you please explain the process?"
2324,transfer_into_account,pending_transfer,False,0.1184,balance_not_updated_after_bank_transfer,0.073,transfer_not_received_by_recipient,0.0585,False,,I don't understand the money transfer process.
2325,transfer_into_account,transfer_into_account,True,0.5626,transfer_timing,0.0587,beneficiary_not_allowed,0.0412,False,,"I need to transfer money into my account, how do I go about doing this?"
2326,transfer_into_account,transfer_into_account,True,0.7098,transfer_timing,0.0531,beneficiary_not_allowed,0.0256,False,,What do I need to do to transfer money into my account?
2327,transfer_into_account,transfer_into_account,True,0.1067,verify_source_of_funds,0.07,transfer_fee_charged,0.0468,False,,I don't know what to do. Should I transfer funds. My account is out of money.
2328,transfer_into_account,transfer_into_account,True,0.1344,supported_cards_and_currencies,0.0577,topping_up_by_card,0.0339,False,,Can I add funds to the card directly from my bank account?
2329,transfer_into_account,transfer_into_account,True,0.1314,transfer_timing,0.0547,declined_cash_withdrawal,0.0513,False,,How does tranferring money into my account work?
2330,transfer_into_account,transfer_into_account,True,0.4834,balance_not_updated_after_bank_transfer,0.0636,failed_transfer,0.0284,False,,I NEED TO KNOW HOW TO TRANSFER MONEY INTO MY BANK ACCOUNT. PLEASE HELP
2331,transfer_into_account,transfer_into_account,True,0.7498,balance_not_updated_after_bank_transfer,0.0364,beneficiary_not_allowed,0.0158,False,,I would like to transfer some money from my other bank account into this one.
2332,transfer_into_account,transfer_into_account,True,0.6997,beneficiary_not_allowed,0.0259,topping_up_by_card,0.0242,False,,"When I want to transfer money to my account, how can I do that?"
2333,transfer_into_account,transfer_into_account,True,0.1668,beneficiary_not_allowed,0.0635,transfer_timing,0.0591,False,,I need to transfer funds into my account. How can I do this?
2334,transfer_into_account,transfer_into_account,True,0.4682,transfer_timing,0.042,beneficiary_not_allowed,0.0396,False,,What are the steps I follow to transfer money into my account?
2335,transfer_into_account,transfer_into_account,True,0.5964,balance_not_updated_after_bank_transfer,0.0624,beneficiary_not_allowed,0.0264,False,,How can I transfer funds from my bank to my top up account?
2336,transfer_into_account,transfer_into_account,True,0.3432,balance_not_updated_after_bank_transfer,0.0646,top_up_by_bank_transfer_charge,0.0469,False,,I want to top my account by using a bank transfer. How would that work?
2337,transfer_into_account,transfer_into_account,True,0.1467,beneficiary_not_allowed,0.0796,transfer_fee_charged,0.0683,False,,How to I transfer my funds into my account?
2338,transfer_into_account,getting_spare_card,False,0.1343,order_physical_card,0.1287,card_arrival,0.1051,False,,How do I top up my card?
2339,transfer_into_account,transfer_into_account,True,0.528,balance_not_updated_after_bank_transfer,0.0637,failed_transfer,0.058,False,,How can I transfer money from an outside bank?
2340,transfer_into_account,transfer_into_account,True,0.3541,balance_not_updated_after_bank_transfer,0.033,cash_withdrawal_not_recognised,0.0273,False,,How can I fund my top-up account using my bank account?
2341,transfer_into_account,supported_cards_and_currencies,False,0.4306,transfer_into_account,0.0716,top_up_by_cash_or_cheque,0.039,False,,What methods can I use to add money to my account?
2342,transfer_into_account,transfer_into_account,True,0.2448,balance_not_updated_after_bank_transfer,0.0721,edit_personal_details,0.0416,False,,"I would like to use the bank transfer feature, but I can't find it. Can you please give me the details?"
2343,transfer_into_account,transfer_into_account,True,0.1188,transfer_fee_charged,0.0764,beneficiary_not_allowed,0.0492,False,,How can I perform a dual money transferring from one account to another?
2344,transfer_into_account,transfer_into_account,True,0.5377,failed_transfer,0.0578,beneficiary_not_allowed,0.051,False,,CAN YOU EXPLAIN HOW TO TRANSFER MONEY INTO MY  ACCOUNT FOR ME?
2345,transfer_into_account,transfer_into_account,True,0.2453,balance_not_updated_after_bank_transfer,0.1189,beneficiary_not_allowed,0.0829,False,,"I need to bank account transfer from another account into this one, what is the easiest way that can be done, and what information do i need?"
2346,transfer_into_account,transfer_into_account,True,0.8282,transfer_timing,0.0261,failed_transfer,0.0213,False,,How do I transfer money to my account?
2347,transfer_into_account,pending_transfer,False,0.1208,transfer_timing,0.0874,transfer_into_account,0.084,False,,How do I send my account money through transfer?
2348,transfer_into_account,balance_not_updated_after_bank_transfer,False,0.2083,transfer_fee_charged,0.0697,failed_transfer,0.0647,True,transfer|international|international transfer,How do I do an international transfer?
2349,transfer_into_account,transfer_into_account,True,0.5947,transfer_timing,0.0387,failed_transfer,0.0355,False,,Are there ways to transfer money into my account?
2350,transfer_into_account,transfer_into_account,True,0.0725,request_refund,0.0476,beneficiary_not_allowed,0.0394,False,,I want to transfer from accounts in order to Top up. What are the steps necessary.
2351,transfer_into_account,failed_transfer,False,0.168,transfer_timing,0.092,pending_transfer,0.0543,False,,How does a transfer work?
2352,transfer_into_account,transfer_into_account,True,0.2853,balance_not_updated_after_bank_transfer,0.0516,top_up_by_bank_transfer_charge,0.0396,False,,"I would like use the bank transfer, but I don't understand the process, can you please explain, topping up?"
2353,transfer_into_account,transfer_into_account,True,0.4992,balance_not_updated_after_bank_transfer,0.0468,top_up_by_bank_transfer_charge,0.0424,False,,I want to use bank transfer for topping up my account. How is it handled?
2354,transfer_into_account,transfer_into_account,True,0.2125,transfer_not_received_by_recipient,0.0792,pending_transfer,0.0654,True,transfer money|account|money account|money|transfer,I checked my account today and it said I was out of money. How do I transfer money into my account?
2355,transfer_into_account,transfer_into_account,True,0.8282,transfer_timing,0.0261,failed_transfer,0.0213,False,,How can I transfer money to my account?
2356,transfer_into_account,transfer_into_account,True,0.1354,transfer_fee_charged,0.053,beneficiary_not_allowed,0.0509,False,,I would like to transfer funds from one account to another.
2357,transfer_into_account,transfer_into_account,True,0.371,failed_transfer,0.1383,beneficiary_not_allowed,0.1082,False,,I'm trying to transfer money into my account.
2358,transfer_into_account,transfer_into_account,True,0.7498,balance_not_updated_after_bank_transfer,0.0364,beneficiary_not_allowed,0.0158,False,,I would like to transfer money from my other bank account into this one.
2359,transfer_into_account,transfer_into_account,True,0.6738,balance_not_updated_after_bank_transfer,0.1051,top_up_by_bank_transfer_charge,0.0205,False,,Can I use a bank transfer to refill my account?
2360,verify_top_up,verify_top_up,True,0.6473,verify_my_identity,0.0147,card_delivery_estimate,0.0121,False,,What all is needed to verify the top-up card?
2361,verify_top_up,verify_top_up,True,0.7928,unable_to_verify_identity,0.0535,why_verify_identity,0.0185,False,,It wants me to verify the top up. Why?
2362,verify_top_up,verify_top_up,True,0.9243,passcode_forgotten,0.0066,why_verify_identity,0.0041,False,,Where can I find the top-up verification code?
2363,verify_top_up,verify_top_up,True,0.2031,unable_to_verify_identity,0.0578,why_verify_identity,0.0327,False,,Why do I have to verify the top-up that I started?
2364,verify_top_up,verify_top_up,True,0.8085,why_verify_identity,0.0178,passcode_forgotten,0.0116,False,,Can you give me information about verification code?
2365,verify_top_up,verify_top_up,True,0.4632,why_verify_identity,0.0482,unable_to_verify_identity,0.0364,False,,What are the benefits to verifying the top-up?
2366,verify_top_up,verify_top_up,True,0.2125,verify_source_of_funds,0.0792,why_verify_identity,0.067,False,,how come the verification with the top up
2367,verify_top_up,verify_top_up,True,0.7928,unable_to_verify_identity,0.0535,why_verify_identity,0.0185,False,,Can I verify a top up?
2368,verify_top_up,verify_top_up,True,0.5826,why_verify_identity,0.0828,verify_my_identity,0.0229,False,,reason i need to verify top up
2369,verify_top_up,verify_top_up,True,0.8328,why_verify_identity,0.0287,passcode_forgotten,0.0183,False,,Why do you need code verification for my top up?
2370,verify_top_up,verify_top_up,True,0.8464,passcode_forgotten,0.0066,why_verify_identity,0.0045,True,verification|code|verification code|code card|card,Where can I find the verification code on a top-up card?
2371,verify_top_up,verify_top_up,True,0.9243,passcode_forgotten,0.0066,why_verify_identity,0.0041,True,verification|code|verification code,How do I get my top-up verification code?
2372,verify_top_up,verify_top_up,True,0.4046,unable_to_verify_identity,0.0632,why_verify_identity,0.038,False,,Is it possible to verify a top up?
2373,verify_top_up,verify_top_up,True,0.1649,unable_to_verify_identity,0.0519,why_verify_identity,0.0358,False,,Is it normal to have to verify my top-up or is something wrong?
2374,verify_top_up,verify_top_up,True,0.1777,why_verify_identity,0.0805,verify_my_identity,0.0448,False,,Why does the top-up need verification?
2375,verify_top_up,verify_top_up,True,0.3086,why_verify_identity,0.0581,unable_to_verify_identity,0.0325,False,,Why does top-up need verifying?
2376,verify_top_up,verify_top_up,True,0.2393,why_verify_identity,0.0352,unable_to_verify_identity,0.0336,False,,Is it necessary to verify my top up?
2377,verify_top_up,verify_top_up,True,0.6141,top_up_limits,0.074,top_up_by_card_charge,0.03,False,,Why am i to verify the top-ups?
2378,verify_top_up,verify_top_up,True,0.8464,passcode_forgotten,0.0066,why_verify_identity,0.0045,False,,Where's the verification code for the top-up card?
2379,verify_top_up,verify_top_up,True,0.8464,passcode_forgotten,0.0066,why_verify_identity,0.0045,False,,How do I find the verification code for my top-up card?
2380,verify_top_up,verify_top_up,True,0.5757,why_verify_identity,0.022,unable_to_verify_identity,0.0149,True,verify|verify card|card|important,Why is it important to verify a top-up card?
2381,verify_top_up,verify_top_up,True,0.7928,unable_to_verify_identity,0.0535,why_verify_identity,0.0185,False,,Why do I have to verify the top-up?
2382,verify_top_up,verify_top_up,True,0.9243,passcode_forgotten,0.0066,why_verify_identity,0.0041,False,,What is the verification code on a top-up?
2383,verify_top_up,verify_top_up,True,0.9243,passcode_forgotten,0.0066,why_verify_identity,0.0041,True,verification|code|verification code,I can't find the top-up verification code.
2384,verify_top_up,verify_top_up,True,0.1529,card_arrival,0.0279,getting_spare_card,0.025,False,,How do I go forth verifying my top-up card?
2385,verify_top_up,verify_top_up,True,0.9243,passcode_forgotten,0.0066,why_verify_identity,0.0041,False,,Where do I find the top-up verification code?
2386,verify_top_up,verify_top_up,True,0.3445,unable_to_verify_identity,0.0526,card_arrival,0.0291,False,,How is the top-up card verified?
2387,verify_top_up,verify_top_up,True,0.8464,passcode_forgotten,0.0066,why_verify_identity,0.0045,False,,Is there a verification code for the top-up card?
2388,verify_top_up,verify_top_up,True,0.4632,why_verify_identity,0.0482,unable_to_verify_identity,0.0364,False,,What is the importance of verifying the top-up?
2389,verify_top_up,verify_top_up,True,0.6304,passcode_forgotten,0.0157,card_not_working,0.0152,False,,help me find the top-up card's verification code?
2390,verify_top_up,verify_top_up,True,0.0986,why_verify_identity,0.0468,unable_to_verify_identity,0.0417,False,,I don't understand why it says I have to verify the top-up.
2391,verify_top_up,verify_top_up,True,0.5262,compromised_card,0.0661,card_payment_fee_charged,0.0146,False,,Can I verify a top-up and what card is used?
2392,verify_top_up,verify_top_up,True,0.8254,passcode_forgotten,0.0079,unable_to_verify_identity,0.0053,False,,Where do I go to get the code to verify the top up card?
2393,verify_top_up,verify_top_up,True,0.8038,passcode_forgotten,0.0123,why_verify_identity,0.0082,False,,The top-up verification code is missing
2394,verify_top_up,verify_top_up,True,0.7928,unable_to_verify_identity,0.0535,why_verify_identity,0.0185,False,,How do I verify a top-up?
2395,verify_top_up,verify_top_up,True,0.564,passcode_forgotten,0.0165,lost_or_stolen_card,0.0158,False,,I cannot locate the verification code for my top-up card. Please help me.
2396,verify_top_up,verify_top_up,True,0.9243,passcode_forgotten,0.0066,why_verify_identity,0.0041,False,,How can I find the top-up verification code?
2397,verify_top_up,verify_top_up,True,0.6374,passcode_forgotten,0.0134,lost_or_stolen_card,0.0124,False,,I need help finding the verification code for my top-up card.
2398,verify_top_up,verify_top_up,True,0.9118,top_up_limits,0.008,passcode_forgotten,0.0052,False,,Is there a verification code for top-ups?
2399,verify_top_up,verify_top_up,True,0.4632,why_verify_identity,0.0482,unable_to_verify_identity,0.0364,False,,What is the necessity of verifying the top up?
2400,getting_spare_card,getting_spare_card,True,0.1129,topping_up_by_card,0.0683,country_support,0.0674,False,,Would it be possible to get another card?
2401,getting_spare_card,getting_spare_card,True,0.4316,supported_cards_and_currencies,0.0391,terminate_account,0.0242,False,,How many cards can I have for one account?
2402,getting_spare_card,request_refund,False,0.3473,order_physical_card,0.0671,getting_spare_card,0.033,False,,I want to order another crad
2403,getting_spare_card,getting_spare_card,True,0.628,supported_cards_and_currencies,0.0225,order_physical_card,0.0165,False,,How can I get additional cards?
2404,getting_spare_card,getting_spare_card,True,0.2355,card_payment_fee_charged,0.2094,transfer_fee_charged,0.0989,False,,Is there a fee for extra cards?
2405,getting_spare_card,getting_spare_card,True,0.7576,order_physical_card,0.0669,supported_cards_and_currencies,0.0055,False,,I need some spare physical cards.
2406,getting_spare_card,getting_spare_card,True,0.3659,order_physical_card,0.1986,request_refund,0.0152,False,,I would like to receive a few more physical cards.
2407,getting_spare_card,getting_spare_card,True,0.1343,order_physical_card,0.1287,card_arrival,0.1051,False,,Can I have a card after my first one?
2408,getting_spare_card,getting_spare_card,True,0.6794,order_physical_card,0.0128,transaction_charged_twice,0.0115,False,,How would I go about getting a second card?
2409,getting_spare_card,getting_spare_card,True,0.1873,order_physical_card,0.064,country_support,0.0575,False,,I'd like to have another card
2410,getting_spare_card,getting_spare_card,True,0.1922,top_up_by_card_charge,0.0924,order_physical_card,0.0562,False,,"If I need more cards, are there any fees?"
2411,getting_spare_card,getting_spare_card,True,0.1878,transaction_charged_twice,0.0369,supported_cards_and_currencies,0.0353,False,,Do you offer multiple cards for the same account?
2412,getting_spare_card,getting_spare_card,True,0.1315,supported_cards_and_currencies,0.0418,card_not_working,0.0301,False,,Can I get a spare card for someone else to use?
2413,getting_spare_card,getting_spare_card,True,0.5375,order_physical_card,0.1375,supported_cards_and_currencies,0.0104,False,,I need to get some more physical cards.
2414,getting_spare_card,getting_spare_card,True,0.1758,age_limit,0.1618,topping_up_by_card,0.025,False,,"Would I be able to get another card for my account, so I could give one to my daughter?"
2415,getting_spare_card,order_physical_card,False,0.0905,getting_spare_card,0.0328,country_support,0.0318,False,,What is the procedure for getting another card?
2416,getting_spare_card,getting_spare_card,True,0.7972,transaction_charged_twice,0.0076,card_arrival,0.0074,False,,Can I have a second card?
2417,getting_spare_card,getting_spare_card,True,0.1221,age_limit,0.0332,country_support,0.0268,False,,"My daughter would like a card as well, how can we make this happen?"
2418,getting_spare_card,getting_spare_card,True,0.7654,age_limit,0.0105,transaction_charged_twice,0.0069,False,,Can I give a second card to my daughter?
2419,getting_spare_card,getting_spare_card,True,0.1343,order_physical_card,0.1287,card_arrival,0.1051,False,,May I have another card?
2420,getting_spare_card,card_payment_fee_charged,False,0.3023,getting_spare_card,0.1285,transfer_fee_charged,0.0621,False,,Is there a fee for sending out more than one card?
2421,getting_spare_card,getting_spare_card,True,0.4623,order_physical_card,0.0756,extra_charge_on_statement,0.0281,False,,Can I order extra cards?
2422,getting_spare_card,getting_spare_card,True,0.7972,transaction_charged_twice,0.0076,card_arrival,0.0074,False,,Where can I get a second card?
2423,getting_spare_card,card_not_working,False,0.058,getting_spare_card,0.0466,top_up_failed,0.0341,False,,I was looking to buy another card today.
2424,getting_spare_card,getting_spare_card,True,0.5375,order_physical_card,0.1375,supported_cards_and_currencies,0.0104,False,,I need a few more physical cards.
2425,getting_spare_card,getting_spare_card,True,0.3921,order_physical_card,0.2531,card_not_working,0.0241,False,,Can i have a second physical card for this account?
2426,getting_spare_card,getting_virtual_card,False,0.2301,getting_spare_card,0.0639,disposable_card_limits,0.0584,False,,Can I purchase extra non-virtual cards?
2427,getting_spare_card,getting_spare_card,True,0.2573,supported_cards_and_currencies,0.1059,age_limit,0.0463,False,,Am I allowed to give my daughter one of my cards to use?
2428,getting_spare_card,getting_spare_card,True,0.7972,transaction_charged_twice,0.0076,card_arrival,0.0074,False,,May I have a second card?
2429,getting_spare_card,getting_spare_card,True,0.2239,age_limit,0.0529,card_arrival,0.026,False,,Can i have a card to my daughter?
2430,getting_spare_card,getting_spare_card,True,0.2387,disposable_card_limits,0.0411,extra_charge_on_statement,0.0348,False,,Are there restrictions for ordering extra cards?
2431,getting_spare_card,getting_spare_card,True,0.7654,age_limit,0.0105,transaction_charged_twice,0.0069,False,,How can I get a second card for my daughter?
2432,getting_spare_card,order_physical_card,False,0.1301,getting_spare_card,0.0298,card_arrival,0.0285,False,,Where do I request another card?
2433,getting_spare_card,getting_spare_card,True,0.6641,card_not_working,0.0134,card_arrival,0.011,False,,Am I able to get a second card?
2434,getting_spare_card,getting_spare_card,True,0.2641,top_up_by_card_charge,0.0556,transaction_charged_twice,0.0383,False,,"If you send me more cards, are there any charges?"
2435,getting_spare_card,card_payment_fee_charged,False,0.0984,top_up_failed,0.0361,getting_spare_card,0.0343,False,,When trying to get more than one card is there a extra amount that needs to be paid?
2436,getting_spare_card,getting_spare_card,True,0.7863,age_limit,0.0287,topping_up_by_card,0.0066,False,,Is it possible to give a second card for this account to my daughter?
2437,getting_spare_card,getting_spare_card,True,0.133,age_limit,0.0772,card_linking,0.0402,False,,My daughter needs a card. Can I give her one of mine that's linked to my account?
2438,getting_spare_card,topping_up_by_card,False,0.0666,age_limit,0.0476,getting_spare_card,0.0334,False,,"My child needs a card, how can I add them to the account I currently have?"
2439,getting_spare_card,getting_spare_card,True,0.1127,age_limit,0.0563,card_linking,0.0352,False,,"my daughter needs a card, how do i add her?"
2440,top_up_by_cash_or_cheque,top_up_by_cash_or_cheque,True,0.8313,balance_not_updated_after_cheque_or_cash_deposit,0.1243,pending_top_up,0.001,False,,Can I top up by cheque?
2441,top_up_by_cash_or_cheque,top_up_by_cash_or_cheque,True,0.3421,declined_cash_withdrawal,0.0548,cash_withdrawal_charge,0.0462,False,,How do I top-up using cash?
2442,top_up_by_cash_or_cheque,top_up_by_cash_or_cheque,True,0.8313,balance_not_updated_after_cheque_or_cash_deposit,0.1243,pending_top_up,0.001,False,,Can I top up with a cheque?
2443,top_up_by_cash_or_cheque,top_up_by_cash_or_cheque,True,0.143,wrong_amount_of_cash_received,0.057,declined_cash_withdrawal,0.0535,False,,Is it possible to top up with cash? If so how do I do it?
2444,top_up_by_cash_or_cheque,balance_not_updated_after_cheque_or_cash_deposit,False,0.5667,top_up_by_cash_or_cheque,0.2483,cash_withdrawal_not_recognised,0.0262,False,,Can you help me find top up by cash deposit?
2445,top_up_by_cash_or_cheque,top_up_by_cash_or_cheque,True,0.5578,balance_not_updated_after_cheque_or_cash_deposit,0.0534,automatic_top_up,0.0215,False,,Is there an option to top up a with cheque?
2446,top_up_by_cash_or_cheque,top_up_by_cash_or_cheque,True,0.3486,balance_not_updated_after_cheque_or_cash_deposit,0.2768,transfer_into_account,0.0126,False,,Need to deposit a cheque into my account
2447,top_up_by_cash_or_cheque,balance_not_updated_after_cheque_or_cash_deposit,False,0.3198,top_up_by_cash_or_cheque,0.2599,cash_withdrawal_not_recognised,0.0334,False,,I'm looking for the cash deposit top up option but can't find it. Can you help me?
2448,top_up_by_cash_or_cheque,reverted_card_payment?,False,0.1196,top_up_by_cash_or_cheque,0.1098,card_payment_not_recognised,0.0926,False,,How do I top up my account with a cash payment?
2449,top_up_by_cash_or_cheque,top_up_by_cash_or_cheque,True,0.3979,wrong_amount_of_cash_received,0.0245,declined_cash_withdrawal,0.0229,False,,I'd like to use cash to top up. How do I find that option?
2450,top_up_by_cash_or_cheque,top_up_by_cash_or_cheque,True,0.1291,wrong_amount_of_cash_received,0.0606,declined_cash_withdrawal,0.0556,False,,Where do I locate topping up with cash.
2451,top_up_by_cash_or_cheque,top_up_by_cash_or_cheque,True,0.2693,apple_pay_or_google_pay,0.1525,balance_not_updated_after_cheque_or_cash_deposit,0.0504,False,,How do I pay by check?
2452,top_up_by_cash_or_cheque,balance_not_updated_after_cheque_or_cash_deposit,False,0.3151,top_up_by_cash_or_cheque,0.1983,balance_not_updated_after_bank_transfer,0.0431,False,,Can I add to my account balance with a cheque?
2453,top_up_by_cash_or_cheque,supported_cards_and_currencies,False,0.1266,top_up_by_cash_or_cheque,0.0337,balance_not_updated_after_cheque_or_cash_deposit,0.0291,False,,What type of deposits do you accept into my account?
2454,top_up_by_cash_or_cheque,top_up_by_cash_or_cheque,True,0.6793,balance_not_updated_after_cheque_or_cash_deposit,0.0549,compromised_card,0.0106,False,,Can I top up using a cheque?
2455,top_up_by_cash_or_cheque,top_up_by_cash_or_cheque,True,0.7004,balance_not_updated_after_cheque_or_cash_deposit,0.1107,getting_spare_card,0.0105,False,,Can you top-up a card with a cheque?
2456,top_up_by_cash_or_cheque,top_up_by_cash_or_cheque,True,0.2806,wrong_amount_of_cash_received,0.0547,declined_cash_withdrawal,0.0488,False,,"I need to top up cash, How do I do it?"
2457,top_up_by_cash_or_cheque,top_up_by_cash_or_cheque,True,0.4134,balance_not_updated_after_cheque_or_cash_deposit,0.0567,automatic_top_up,0.0243,False,,I'm looking for the option to top up by cheque.
2458,top_up_by_cash_or_cheque,top_up_by_cash_or_cheque,True,0.1675,declined_cash_withdrawal,0.0821,wrong_amount_of_cash_received,0.0806,False,,What locations can I top up with cash?
2459,top_up_by_cash_or_cheque,top_up_by_cash_or_cheque,True,0.3651,declined_cash_withdrawal,0.0389,cash_withdrawal_charge,0.0387,False,,"I want to top up using cash, where can I do that?"
2460,top_up_by_cash_or_cheque,balance_not_updated_after_cheque_or_cash_deposit,False,0.4787,top_up_by_cash_or_cheque,0.2821,declined_cash_withdrawal,0.0165,False,,is there a way to do top up with cash deposit
2461,top_up_by_cash_or_cheque,top_up_by_cash_or_cheque,True,0.5418,balance_not_updated_after_cheque_or_cash_deposit,0.0898,terminate_account,0.0134,False,,Where are the options to top up with a cheque on my account?
2462,top_up_by_cash_or_cheque,top_up_by_cash_or_cheque,True,0.5076,cash_withdrawal_not_recognised,0.0416,balance_not_updated_after_cheque_or_cash_deposit,0.0412,False,,Can I use cash to top up my account?
2463,top_up_by_cash_or_cheque,top_up_by_cash_or_cheque,True,0.2654,declined_cash_withdrawal,0.1896,wrong_amount_of_cash_received,0.1732,False,,How can I top up with cash?
2464,top_up_by_cash_or_cheque,top_up_by_cash_or_cheque,True,0.6986,balance_not_updated_after_cheque_or_cash_deposit,0.0674,supported_cards_and_currencies,0.0282,False,,Will you accept a cheque to top up my account?
2465,top_up_by_cash_or_cheque,top_up_by_cash_or_cheque,True,0.6444,balance_not_updated_after_cheque_or_cash_deposit,0.129,wrong_amount_of_cash_received,0.0145,False,,How can I top up with this cheque I got?
2466,top_up_by_cash_or_cheque,why_verify_identity,False,0.1363,supported_cards_and_currencies,0.1089,top_up_by_cash_or_cheque,0.0631,False,,What methods can I use to top up my account?
2467,top_up_by_cash_or_cheque,top_up_by_cash_or_cheque,True,0.1035,wrong_amount_of_cash_received,0.1005,declined_cash_withdrawal,0.0929,False,,Is cash good to top up with?
2468,top_up_by_cash_or_cheque,top_up_by_cash_or_cheque,True,0.2393,declined_cash_withdrawal,0.0755,cash_withdrawal_charge,0.0469,False,,how come i can't find anywhere to load using cash
2469,top_up_by_cash_or_cheque,apple_pay_or_google_pay,False,0.076,pending_cash_withdrawal,0.0732,declined_cash_withdrawal,0.069,False,,What can I pay with? Does cash work?
2470,top_up_by_cash_or_cheque,balance_not_updated_after_cheque_or_cash_deposit,False,0.3391,top_up_by_cash_or_cheque,0.2863,cash_withdrawal_not_recognised,0.0387,False,,How do I deposit cash into my account?
2471,top_up_by_cash_or_cheque,top_up_by_cash_or_cheque,True,0.8313,balance_not_updated_after_cheque_or_cash_deposit,0.1243,pending_top_up,0.001,False,,Why can't I top up with a cheque?
2472,top_up_by_cash_or_cheque,top_up_by_cash_or_cheque,True,0.5167,balance_not_updated_after_cheque_or_cash_deposit,0.0715,top_up_limits,0.0516,False,,Can I send a cheque to do my top ups?
2473,top_up_by_cash_or_cheque,top_up_by_cash_or_cheque,True,0.7178,balance_not_updated_after_cheque_or_cash_deposit,0.2279,terminate_account,0.0065,False,,Can I top up my account with a cheque?
2474,top_up_by_cash_or_cheque,top_up_by_cash_or_cheque,True,0.2948,wrong_amount_of_cash_received,0.0976,pending_cash_withdrawal,0.0831,False,,I want to do a cash top-up
2475,top_up_by_cash_or_cheque,top_up_by_cash_or_cheque,True,0.7105,balance_not_updated_after_cheque_or_cash_deposit,0.0686,why_verify_identity,0.0504,False,,"I have a cheque here, can I use it to top off my account?"
2476,top_up_by_cash_or_cheque,top_up_by_cash_or_cheque,True,0.3651,declined_cash_withdrawal,0.0389,cash_withdrawal_charge,0.0387,False,,I want to top-up using cash
2477,top_up_by_cash_or_cheque,getting_spare_card,False,0.1343,order_physical_card,0.1287,card_arrival,0.1051,False,,How can I top-up my card?
2478,top_up_by_cash_or_cheque,top_up_by_cash_or_cheque,True,0.1726,balance_not_updated_after_cheque_or_cash_deposit,0.0824,pending_card_payment,0.0491,False,,Can I submit a check or cash payment?
2479,top_up_by_cash_or_cheque,supported_cards_and_currencies,False,0.1522,verify_my_identity,0.0638,top_up_by_cash_or_cheque,0.0617,False,,Do you accept checks?
2480,order_physical_card,order_physical_card,True,0.7371,card_not_working,0.0199,getting_spare_card,0.0179,False,,How do I receive my physical card
2481,order_physical_card,getting_spare_card,False,0.0589,topping_up_by_card,0.0511,country_support,0.0467,False,,I want a card. What is the procedure?
2482,order_physical_card,getting_spare_card,False,0.3484,order_physical_card,0.2136,top_up_by_card_charge,0.0271,True,cards|physical cards|physical|charge|charge physical,What do you charge for physical cards?
2483,order_physical_card,getting_spare_card,False,0.1343,order_physical_card,0.1287,card_arrival,0.1051,False,,Where can I get my card at?
2484,order_physical_card,order_physical_card,True,0.6308,card_not_working,0.0372,getting_spare_card,0.0268,False,,price of physical card
2485,order_physical_card,order_physical_card,True,0.6107,getting_spare_card,0.0991,card_about_to_expire,0.0211,False,,"Please, how do I order a card?"
2486,order_physical_card,order_physical_card,True,0.7075,getting_spare_card,0.0499,card_not_working,0.0309,False,,Send me a physical card
2487,order_physical_card,order_physical_card,True,0.4139,getting_spare_card,0.0787,card_delivery_estimate,0.0624,False,,I want to order a card. Where do you deliver to?
2488,order_physical_card,order_physical_card,True,0.5597,card_not_working,0.0321,getting_spare_card,0.0275,False,,Can I request a physical card?
2489,order_physical_card,getting_spare_card,False,0.3484,order_physical_card,0.2136,top_up_by_card_charge,0.0271,False,,Is there a charge for physical cards
2490,order_physical_card,getting_spare_card,False,0.3484,order_physical_card,0.2136,top_up_by_card_charge,0.0271,True,cards|physical cards|physical|charge|charge physical,Do you charge for physical cards
2491,order_physical_card,country_support,False,0.1975,order_physical_card,0.0507,getting_spare_card,0.044,False,,Do you ship cards to where I live?
2492,order_physical_card,getting_spare_card,False,0.4068,order_physical_card,0.148,top_up_by_card_charge,0.0414,False,,"For physical cards, do you charge?"
2493,order_physical_card,order_physical_card,True,0.218,card_not_working,0.0784,compromised_card,0.0437,False,,I need to get an actual card so that I can use it for in person transactions. How would I do this?
2494,order_physical_card,order_physical_card,True,0.3769,card_arrival,0.0203,getting_spare_card,0.0181,False,,Will I get a real card?
2495,order_physical_card,order_physical_card,True,0.1393,getting_spare_card,0.0643,card_delivery_estimate,0.0609,False,,Where can you deliver cards?
2496,order_physical_card,order_physical_card,True,0.5086,card_delivery_estimate,0.0924,getting_spare_card,0.0351,True,cards delivered|cards|delivered,Where are cards delivered to?
2497,order_physical_card,order_physical_card,True,0.8194,card_not_working,0.0282,getting_spare_card,0.0108,False,,Please tell me how to get a physical card.
2498,order_physical_card,order_physical_card,True,0.6238,card_not_working,0.0253,getting_spare_card,0.0206,False,,What is the charge for a physical card?
2499,order_physical_card,country_support,False,0.1041,order_physical_card,0.0378,card_not_working,0.0302,False,,Is a non-electronic card available as well
2500,order_physical_card,top_up_by_card_charge,False,0.4227,card_payment_fee_charged,0.0587,top_up_by_bank_transfer_charge,0.0582,False,,How much does it cost in fees to use your card?
2501,order_physical_card,order_physical_card,True,0.8808,card_not_working,0.0229,getting_spare_card,0.01,False,,How can I get a physical card
2502,order_physical_card,card_linking,False,0.413,order_physical_card,0.3493,card_not_working,0.0232,False,,Can I get a physical card through this app?
2503,order_physical_card,getting_virtual_card,False,0.5855,virtual_card_not_working,0.0963,get_disposable_virtual_card,0.0438,False,,can I have a non virtual card?
2504,order_physical_card,order_physical_card,True,0.8808,card_not_working,0.0229,getting_spare_card,0.01,False,,How do I get a physical card?
2505,order_physical_card,order_physical_card,True,0.8045,card_not_working,0.021,card_payment_fee_charged,0.0208,False,,What are the fees to get a physical card?
2506,order_physical_card,card_delivery_estimate,False,0.4881,card_arrival,0.1058,order_physical_card,0.0615,False,,Where can my card be delivered?
2507,order_physical_card,order_physical_card,True,0.7744,card_not_working,0.0258,card_payment_fee_charged,0.021,True,physical|physical card|card|charged,What will I be charged for a physical card?
2508,order_physical_card,order_physical_card,True,0.6107,getting_spare_card,0.0991,card_about_to_expire,0.0211,False,,Where do I order my card?
2509,order_physical_card,card_delivery_estimate,False,0.2908,card_arrival,0.0879,order_physical_card,0.0791,False,,What locations can a card be delivered to?
2510,order_physical_card,card_delivery_estimate,False,0.2182,order_physical_card,0.1578,receiving_money,0.0281,False,,Where can I receive my card?
2511,order_physical_card,order_physical_card,True,0.1694,card_delivery_estimate,0.0646,getting_spare_card,0.043,False,,Where do you deliver cards by mail?
2512,order_physical_card,order_physical_card,True,0.2378,card_arrival,0.032,getting_spare_card,0.0297,False,,How can I get a real-life card of my own?
2513,order_physical_card,getting_spare_card,False,0.1343,order_physical_card,0.1287,card_arrival,0.1051,False,,Where will I find my card?
2514,order_physical_card,order_physical_card,True,0.3459,getting_spare_card,0.0397,card_not_working,0.0291,False,,"If I want a physical card, do I have to pay anything?"
2515,order_physical_card,order_physical_card,True,0.5086,card_delivery_estimate,0.0924,getting_spare_card,0.0351,False,,Where can cards be delivered?
2516,order_physical_card,order_physical_card,True,0.5881,getting_spare_card,0.0402,card_not_working,0.0337,False,,I need a physical card.
2517,order_physical_card,order_physical_card,True,0.8045,card_not_working,0.021,card_payment_fee_charged,0.0208,False,,What are the fees for a physical card?
2518,order_physical_card,order_physical_card,True,0.5164,card_not_working,0.0353,card_arrival,0.0156,False,,How do I get an actual card?
2519,order_physical_card,order_physical_card,True,0.3769,card_arrival,0.0203,getting_spare_card,0.0181,False,,Can I get a real card?
2520,virtual_card_not_working,get_disposable_virtual_card,False,0.7489,virtual_card_not_working,0.0812,disposable_card_limits,0.0543,False,,Why is my disposable virtual card being denied?
2521,virtual_card_not_working,get_disposable_virtual_card,False,0.38,virtual_card_not_working,0.2131,disposable_card_limits,0.0589,False,,My disposable virtual card doesn't seem to work
2522,virtual_card_not_working,get_disposable_virtual_card,False,0.5905,virtual_card_not_working,0.0873,disposable_card_limits,0.0683,False,,My disposable virtual card is broken.
2523,virtual_card_not_working,card_not_working,False,0.3801,order_physical_card,0.1945,declined_card_payment,0.0191,False,,My non-physical card will not work
2524,virtual_card_not_working,get_disposable_virtual_card,False,0.3397,virtual_card_not_working,0.0929,disposable_card_limits,0.0542,False,,Why did the disposable virtual card which I used to pay a gym subscription get denied?
2525,virtual_card_not_working,getting_virtual_card,False,0.525,declined_card_payment,0.1509,virtual_card_not_working,0.0773,False,,Why is my virtual card is being declined?
2526,virtual_card_not_working,disposable_card_limits,False,0.4294,get_disposable_virtual_card,0.0323,top_up_failed,0.022,False,,Are there restrictions for my disposable card since it does not seem to be working?
2527,virtual_card_not_working,virtual_card_not_working,True,0.5815,getting_virtual_card,0.1765,card_not_working,0.0478,False,,I cannot get my virtual card to work.
2528,virtual_card_not_working,top_up_failed,False,0.1234,declined_card_payment,0.0824,getting_virtual_card,0.0577,False,,I was at the store earlier and my virtual card didn't work. What's the solution for this problem?
2529,virtual_card_not_working,get_disposable_virtual_card,False,0.5377,virtual_card_not_working,0.3388,disposable_card_limits,0.0358,False,,My disposable virtual card will not work
2530,virtual_card_not_working,get_disposable_virtual_card,False,0.8861,virtual_card_not_working,0.0364,disposable_card_limits,0.0306,False,,I cannot use my disposable virtual card.
2531,virtual_card_not_working,getting_virtual_card,False,0.1875,virtual_card_not_working,0.1005,disposable_card_limits,0.055,False,,Can I make multiple online transactions with my virtual card?
2532,virtual_card_not_working,getting_virtual_card,False,0.1106,declined_card_payment,0.0868,automatic_top_up,0.052,False,,Why was my virtual card declined when attempting to setup automatic billing?
2533,virtual_card_not_working,get_disposable_virtual_card,False,0.4626,virtual_card_not_working,0.3449,disposable_card_limits,0.0416,False,,Why doesn't my disposable virtual card work?
2534,virtual_card_not_working,getting_virtual_card,False,0.1712,virtual_card_not_working,0.1637,get_disposable_virtual_card,0.0378,False,,Why can't I use my virtual card for subscription services?
2535,virtual_card_not_working,virtual_card_not_working,True,0.3672,getting_virtual_card,0.2561,card_not_working,0.1187,False,,Why isn't my virtual card working?
2536,virtual_card_not_working,getting_virtual_card,False,0.3605,virtual_card_not_working,0.1034,compromised_card,0.0685,False,,I cannot make transactions with my virtual card.
2537,virtual_card_not_working,virtual_card_not_working,True,0.4294,card_not_working,0.1383,getting_virtual_card,0.0784,False,,"For some reason, the virtual card won't work for me."
2538,virtual_card_not_working,get_disposable_virtual_card,False,0.2302,virtual_card_not_working,0.2033,disposable_card_limits,0.06,False,,My disposable virtual card has been rejected by the merchant earlier today. What should I do?
2539,virtual_card_not_working,virtual_card_not_working,True,0.1591,getting_virtual_card,0.1226,top_up_failed,0.077,True,virtual|virtual card|rejected|card rejected|card,How can I fix a problem where my virtual card is rejected?
2540,virtual_card_not_working,virtual_card_not_working,True,0.2594,getting_virtual_card,0.1984,card_not_working,0.1068,False,,My virtual card isn't working. What do I do?
2541,virtual_card_not_working,virtual_card_not_working,True,0.5041,getting_virtual_card,0.0939,card_not_working,0.0899,False,,What do I do if my virtual card won't work.
2542,virtual_card_not_working,get_disposable_virtual_card,False,0.5377,virtual_card_not_working,0.3388,disposable_card_limits,0.0358,False,,Is there a trick to get the disposable virtual card to work?
2543,virtual_card_not_working,virtual_card_not_working,True,0.5815,getting_virtual_card,0.1765,card_not_working,0.0478,False,,Why can't I get my virtual card to work?
2544,virtual_card_not_working,declined_card_payment,False,0.0607,card_not_working,0.0481,top_up_failed,0.0423,False,,My card is just not working at this time.
2545,virtual_card_not_working,card_not_working,False,0.1387,disposable_card_limits,0.12,get_disposable_virtual_card,0.0524,False,,My disposable card seems not to be working am I doing something wrong?
2546,virtual_card_not_working,getting_virtual_card,False,0.1925,virtual_card_not_working,0.1103,top_up_failed,0.0519,False,,My payments from my virtual card keep getting rejected.
2547,virtual_card_not_working,get_disposable_virtual_card,False,0.2114,virtual_card_not_working,0.1304,card_not_working,0.1113,False,,My disposable virtual card is not working when I try to use it at a point of sale transaction. What do I do now?
2548,virtual_card_not_working,get_disposable_virtual_card,False,0.3709,disposable_card_limits,0.166,virtual_card_not_working,0.0968,False,,My transaction was just declined when I was using my disposable virtual card. What can I do?
2549,virtual_card_not_working,get_disposable_virtual_card,False,0.4691,virtual_card_not_working,0.3304,disposable_card_limits,0.0478,False,,My disposable virtual card is not working
2550,virtual_card_not_working,get_disposable_virtual_card,False,0.5377,virtual_card_not_working,0.3388,disposable_card_limits,0.0358,False,,How do I get my disposable virtual card to work?
2551,virtual_card_not_working,virtual_card_not_working,True,0.1835,get_disposable_virtual_card,0.1806,disposable_card_limits,0.0471,False,,How come my disposable virtual card used to pay for a gym subscription got rejected?
2552,virtual_card_not_working,get_disposable_virtual_card,False,0.5343,virtual_card_not_working,0.1758,disposable_card_limits,0.0581,False,,Payments from my disposable virtual card don't work
2553,virtual_card_not_working,get_disposable_virtual_card,False,0.3314,virtual_card_not_working,0.2728,disposable_card_limits,0.0626,False,,"My disposable virtual card was rejected by the merchant, please help?"
2554,virtual_card_not_working,virtual_card_not_working,True,0.5041,getting_virtual_card,0.0939,card_not_working,0.0899,False,,My virtual card won't work.
2555,virtual_card_not_working,virtual_card_not_working,True,0.1969,get_disposable_virtual_card,0.1686,disposable_card_limits,0.0893,False,,Tell me why my virtual disposable card won't work.
2556,virtual_card_not_working,getting_virtual_card,False,0.1516,virtual_card_not_working,0.1149,card_not_working,0.0652,False,,I need help getting the virtual card to work.
2557,virtual_card_not_working,virtual_card_not_working,True,0.1409,getting_virtual_card,0.0924,top_up_failed,0.0736,False,,I was trying to use my virtual card at a merchant and it was rejected. How can I fix this?
2558,virtual_card_not_working,virtual_card_not_working,True,0.555,getting_virtual_card,0.1441,card_not_working,0.0569,False,,How do I make my virtual card work?
2559,virtual_card_not_working,virtual_card_not_working,True,0.3728,getting_virtual_card,0.3539,card_not_working,0.0829,False,,virtual card is not working for me
2560,wrong_exchange_rate_for_cash_withdrawal,wrong_exchange_rate_for_cash_withdrawal,True,0.0748,fiat_currency_support,0.0643,wrong_amount_of_cash_received,0.053,False,,I did not get the right amount of money when I used a different country's currency.
2561,wrong_exchange_rate_for_cash_withdrawal,wrong_exchange_rate_for_cash_withdrawal,True,0.0836,transfer_not_received_by_recipient,0.0812,wrong_amount_of_cash_received,0.0442,False,,I took out money from a transaction machine and it exchanged the wrong dollar value amount from another currency!
2562,wrong_exchange_rate_for_cash_withdrawal,wrong_exchange_rate_for_cash_withdrawal,True,0.2007,declined_cash_withdrawal,0.1281,cash_withdrawal_charge,0.0628,False,,I made a withdraw from the ATM this past holiday and it seems like a was charged too much. If I would have   known about these charges I wouldn't have made a withdraw.
2563,wrong_exchange_rate_for_cash_withdrawal,card_payment_wrong_exchange_rate,False,0.3161,wrong_exchange_rate_for_cash_withdrawal,0.1585,exchange_rate,0.1435,False,,Can you look to make sure the exchange rate is correct
2564,wrong_exchange_rate_for_cash_withdrawal,wrong_exchange_rate_for_cash_withdrawal,True,0.8367,card_payment_wrong_exchange_rate,0.0376,exchange_rate,0.0202,False,,Exchange rate for my cash withdrawal is wrong
2565,wrong_exchange_rate_for_cash_withdrawal,wrong_exchange_rate_for_cash_withdrawal,True,0.3108,cash_withdrawal_not_recognised,0.0826,cash_withdrawal_charge,0.0579,False,,Hello. I'm on holiday and didn't bring any cash with me. I need to withdrawal my home currency from one of your machines. Do you have any that will do this and is there a charge?
2566,wrong_exchange_rate_for_cash_withdrawal,wrong_exchange_rate_for_cash_withdrawal,True,0.8868,card_payment_wrong_exchange_rate,0.0662,exchange_rate,0.0135,False,,Why was the exchange rate wrong when I got cash
2567,wrong_exchange_rate_for_cash_withdrawal,wrong_exchange_rate_for_cash_withdrawal,True,0.355,declined_cash_withdrawal,0.0552,card_payment_wrong_exchange_rate,0.0493,False,,I attempted to get money using a foreign currency at an ATM but the rate was highly inaccurate!
2568,wrong_exchange_rate_for_cash_withdrawal,wrong_exchange_rate_for_cash_withdrawal,True,0.5697,card_payment_wrong_exchange_rate,0.3237,exchange_rate,0.0449,False,,Why is the exchange rate wrong for my international withdrawal?
2569,wrong_exchange_rate_for_cash_withdrawal,wrong_exchange_rate_for_cash_withdrawal,True,0.4819,card_payment_wrong_exchange_rate,0.4323,exchange_rate,0.0245,False,,A wrong exchange rate was applied to a transaction made abroad.
2570,wrong_exchange_rate_for_cash_withdrawal,wrong_exchange_rate_for_cash_withdrawal,True,0.7087,card_payment_wrong_exchange_rate,0.0665,wrong_amount_of_cash_received,0.0501,False,,The exchange rate you gave me for my cash withdrawal is wrong
2571,wrong_exchange_rate_for_cash_withdrawal,cash_withdrawal_charge,False,0.3203,exchange_charge,0.2106,card_payment_fee_charged,0.0715,False,,Is there a fee for exchanging cash?
2572,wrong_exchange_rate_for_cash_withdrawal,wrong_exchange_rate_for_cash_withdrawal,True,0.4813,exchange_rate,0.1053,card_payment_wrong_exchange_rate,0.076,False,,Why is the exchange rate so exorbitant? This should have been a much higher amount of cash for that to apply.
2573,wrong_exchange_rate_for_cash_withdrawal,wrong_exchange_rate_for_cash_withdrawal,True,0.6164,card_payment_wrong_exchange_rate,0.0984,exchange_rate,0.0895,False,,Why was the exchange rate different when I withdrew my cash?
2574,wrong_exchange_rate_for_cash_withdrawal,wrong_exchange_rate_for_cash_withdrawal,True,0.8959,card_payment_wrong_exchange_rate,0.045,exchange_rate,0.0114,False,,"When I got cash, my exchange rate was wrong."
2575,wrong_exchange_rate_for_cash_withdrawal,wrong_amount_of_cash_received,False,0.0825,declined_cash_withdrawal,0.0742,wrong_exchange_rate_for_cash_withdrawal,0.0574,False,,Will there be additional costs of I make a withdrawal from a local ATM of British pounds? I need some cash to feel comfortable on the journey home
2576,wrong_exchange_rate_for_cash_withdrawal,wrong_exchange_rate_for_cash_withdrawal,True,0.124,cash_withdrawal_charge,0.0555,pending_top_up,0.0384,False,,It seems I was overcharged when I used an ATM while on vacation. If I knew about your fees in advance I sure would have gone somewhere else.
2577,wrong_exchange_rate_for_cash_withdrawal,wrong_exchange_rate_for_cash_withdrawal,True,0.5772,card_payment_wrong_exchange_rate,0.2221,exchange_rate,0.0553,False,,I checked the exchange rate when I withdrew cash. But the actual rate that you applied was different.
2578,wrong_exchange_rate_for_cash_withdrawal,wrong_exchange_rate_for_cash_withdrawal,True,0.51,card_payment_wrong_exchange_rate,0.1759,exchange_rate,0.04,False,,"In receiving cash, the wrong exchange rate was used for my transaction."
2579,wrong_exchange_rate_for_cash_withdrawal,declined_cash_withdrawal,False,0.1219,wrong_exchange_rate_for_cash_withdrawal,0.1122,atm_support,0.0851,False,,Can I make a withdraw if I am out of country from with out any fees at an ATM?
2580,wrong_exchange_rate_for_cash_withdrawal,card_payment_wrong_exchange_rate,False,0.5259,wrong_exchange_rate_for_cash_withdrawal,0.3443,exchange_charge,0.0493,True,rate|exchange|exchange rate|wrong|currency,I took out a foreign currency and the exchange rate is wrong.
2581,wrong_exchange_rate_for_cash_withdrawal,exchange_via_app,False,0.1127,exchange_charge,0.1073,card_payment_wrong_exchange_rate,0.056,False,,I feel like too much money was taken during my currency exchange.
2582,wrong_exchange_rate_for_cash_withdrawal,wrong_exchange_rate_for_cash_withdrawal,True,0.6213,card_payment_wrong_exchange_rate,0.0721,exchange_rate,0.05,False,,There was an error in exchange rate for my cash withdrawal
2583,wrong_exchange_rate_for_cash_withdrawal,wrong_exchange_rate_for_cash_withdrawal,True,0.3079,atm_support,0.0931,card_payment_wrong_exchange_rate,0.0469,False,,"I need the right foreign money, at the right rate, at ATMs, when I go abroad."
2584,wrong_exchange_rate_for_cash_withdrawal,wrong_exchange_rate_for_cash_withdrawal,True,0.3819,card_payment_wrong_exchange_rate,0.1232,exchange_charge,0.0413,False,,The conversion rate on the ATM that I used with foreign currency was wrong.
2585,wrong_exchange_rate_for_cash_withdrawal,wrong_exchange_rate_for_cash_withdrawal,True,0.5396,exchange_rate,0.1564,card_payment_wrong_exchange_rate,0.1547,False,,why is the exchange rate for a Foreign ATM different
2586,wrong_exchange_rate_for_cash_withdrawal,wrong_exchange_rate_for_cash_withdrawal,True,0.4948,card_payment_wrong_exchange_rate,0.2387,cash_withdrawal_charge,0.0533,False,,My cash withdrawal charged me the wrong exchange rate
2587,wrong_exchange_rate_for_cash_withdrawal,cash_withdrawal_charge,False,0.3008,wrong_exchange_rate_for_cash_withdrawal,0.1903,declined_cash_withdrawal,0.0547,False,,I withdrew some cash out of the ATM over the holiday. It seems that I was charged some outrageous fees. I would not have done that had I been aware of these outrageous charges!
2588,wrong_exchange_rate_for_cash_withdrawal,wrong_exchange_rate_for_cash_withdrawal,True,0.3696,card_payment_wrong_exchange_rate,0.294,exchange_rate,0.1942,False,,The exchange rate for my withdrawal isn't correct and doesn't match the actual exchange rate.
2589,wrong_exchange_rate_for_cash_withdrawal,wrong_exchange_rate_for_cash_withdrawal,True,0.2662,wrong_amount_of_cash_received,0.1326,declined_cash_withdrawal,0.0576,False,,Can you explain your exchange rate policy? I don't think I received the correct amount of cash in my ATM transaction.
2590,wrong_exchange_rate_for_cash_withdrawal,wrong_exchange_rate_for_cash_withdrawal,True,0.3898,wrong_amount_of_cash_received,0.0782,card_payment_wrong_exchange_rate,0.0531,False,,My ecchange rate was wrong for a cash transaction.
2591,wrong_exchange_rate_for_cash_withdrawal,exchange_rate,False,0.7062,wrong_exchange_rate_for_cash_withdrawal,0.1274,card_payment_wrong_exchange_rate,0.031,False,,I expected a higher exchange rate when I withdrew money. Can you tell me current exchange rates?
2592,wrong_exchange_rate_for_cash_withdrawal,wrong_exchange_rate_for_cash_withdrawal,True,0.2728,card_payment_wrong_exchange_rate,0.1274,cancel_transfer,0.0642,False,,The see the rate applied to my transaction was wrong at the atm.
2593,wrong_exchange_rate_for_cash_withdrawal,wrong_exchange_rate_for_cash_withdrawal,True,0.3942,cash_withdrawal_not_recognised,0.0799,pending_cash_withdrawal,0.0726,False,,The rate of exchange isn't right for my cash withdrawal.
2594,wrong_exchange_rate_for_cash_withdrawal,wrong_exchange_rate_for_cash_withdrawal,True,0.4673,card_payment_wrong_exchange_rate,0.1184,exchange_rate,0.0702,False,,I took out cash abroad and the exchange rate isn't correct.
2595,wrong_exchange_rate_for_cash_withdrawal,wrong_exchange_rate_for_cash_withdrawal,True,0.5744,card_payment_wrong_exchange_rate,0.1566,exchange_charge,0.0191,False,,I used an ATM in a foreign currency but the rate applied is wrong!
2596,wrong_exchange_rate_for_cash_withdrawal,exchange_rate,False,0.3897,wrong_exchange_rate_for_cash_withdrawal,0.1316,wrong_amount_of_cash_received,0.0402,False,,how do you determine your exchange rates because one of yours was off when i got cash
2597,wrong_exchange_rate_for_cash_withdrawal,wrong_exchange_rate_for_cash_withdrawal,True,0.196,cash_withdrawal_charge,0.0841,declined_cash_withdrawal,0.0633,False,,I used the ATM machine to get money out for Holiday shopping and saw the outrageous charges. Why is that? I would not have used the ATM if I had known!
2598,wrong_exchange_rate_for_cash_withdrawal,wrong_exchange_rate_for_cash_withdrawal,True,0.6063,card_payment_wrong_exchange_rate,0.1022,exchange_rate,0.0678,False,,The cash withdrawal exchange rate is not correct.
2599,wrong_exchange_rate_for_cash_withdrawal,cash_withdrawal_charge,False,0.0667,wrong_amount_of_cash_received,0.056,declined_cash_withdrawal,0.052,False,,"Is there a local ATM that will provide British pounds, I have no money for my homeward journey and do not feel comfortable waiting until  I arrive in Britain. Will a withdrawal involve extra charges?"
2600,get_disposable_virtual_card,get_disposable_virtual_card,True,0.8861,virtual_card_not_working,0.0364,disposable_card_limits,0.0306,False,,can i get a description of how to use a disposable virtual card
2601,get_disposable_virtual_card,get_disposable_virtual_card,True,0.6927,disposable_card_limits,0.0586,virtual_card_not_working,0.0578,False,,Can I create a disposable virtual card?
2602,get_disposable_virtual_card,get_disposable_virtual_card,True,0.3633,disposable_card_limits,0.1287,getting_virtual_card,0.0431,False,,What can you tell me about getting a virtual disposable card?
2603,get_disposable_virtual_card,get_disposable_virtual_card,True,0.5479,getting_virtual_card,0.0768,virtual_card_not_working,0.0517,False,,I would like to order a disposable virtual card. How can I do this?
2604,get_disposable_virtual_card,getting_spare_card,False,0.0784,top_up_failed,0.0522,country_support,0.0519,False,,how do VR cards work
2605,get_disposable_virtual_card,get_disposable_virtual_card,True,0.8668,virtual_card_not_working,0.0605,disposable_card_limits,0.0325,False,,What is a disposable virtual card?
2606,get_disposable_virtual_card,getting_virtual_card,False,0.8624,virtual_card_not_working,0.0614,get_disposable_virtual_card,0.0228,False,,I would like a temporary virtual card
2607,get_disposable_virtual_card,get_disposable_virtual_card,True,0.409,disposable_card_limits,0.3194,getting_spare_card,0.0135,False,,How do the disposable cards work?
2608,get_disposable_virtual_card,get_disposable_virtual_card,True,0.8861,virtual_card_not_working,0.0364,disposable_card_limits,0.0306,False,,How do I use a disposable virtual card?
2609,get_disposable_virtual_card,get_disposable_virtual_card,True,0.6299,virtual_card_not_working,0.077,getting_virtual_card,0.064,False,,Where's the best place to get a disposable virtual card?
2610,get_disposable_virtual_card,disposable_card_limits,False,0.5261,get_disposable_virtual_card,0.3523,getting_spare_card,0.0101,False,,Can you explain the disposable cards to me?
2611,get_disposable_virtual_card,get_disposable_virtual_card,True,0.8668,virtual_card_not_working,0.0605,disposable_card_limits,0.0325,False,,"Is there anyway, I can get a disposable virtual card?"
2612,get_disposable_virtual_card,get_disposable_virtual_card,True,0.3337,virtual_card_not_working,0.064,disposable_card_limits,0.0615,False,,I just purchased a disposable virtual card. Am I able to use it for online purchases immediately?
2613,get_disposable_virtual_card,get_disposable_virtual_card,True,0.6939,virtual_card_not_working,0.0864,disposable_card_limits,0.0625,False,,how secure is a disposable virtual card
2614,get_disposable_virtual_card,get_disposable_virtual_card,True,0.8668,virtual_card_not_working,0.0605,disposable_card_limits,0.0325,False,,What do I do to get a disposable virtual card?
2615,get_disposable_virtual_card,get_disposable_virtual_card,True,0.8343,virtual_card_not_working,0.0604,disposable_card_limits,0.0386,False,,I want to get a disposable virtual card.
2616,get_disposable_virtual_card,disposable_card_limits,False,0.5261,get_disposable_virtual_card,0.3523,getting_spare_card,0.0101,False,,Can you explain disposable cards?
2617,get_disposable_virtual_card,getting_virtual_card,False,0.3725,virtual_card_not_working,0.099,get_disposable_virtual_card,0.0882,False,,how do i get a virtual card for one time use
2618,get_disposable_virtual_card,get_disposable_virtual_card,True,0.8668,virtual_card_not_working,0.0605,disposable_card_limits,0.0325,False,,May I get a disposable virtual card as well?
2619,get_disposable_virtual_card,getting_virtual_card,False,0.2449,virtual_card_not_working,0.1711,get_disposable_virtual_card,0.0596,False,,Can i get a single use virtual card
2620,get_disposable_virtual_card,get_disposable_virtual_card,True,0.5616,disposable_card_limits,0.0622,virtual_card_not_working,0.0569,False,,I would like to create a disposable virtual card. How do I go about doing that?
2621,get_disposable_virtual_card,get_disposable_virtual_card,True,0.7601,virtual_card_not_working,0.0556,disposable_card_limits,0.0425,False,,"I have a disposable virtual card here, so would you tell me what to do with it?"
2622,get_disposable_virtual_card,virtual_card_not_working,False,0.5209,getting_virtual_card,0.1628,card_not_working,0.047,False,,how does a virtual card work
2623,get_disposable_virtual_card,get_disposable_virtual_card,True,0.5932,virtual_card_not_working,0.0975,disposable_card_limits,0.0677,False,,What is the process of obtaining a disposable virtual card
2624,get_disposable_virtual_card,get_disposable_virtual_card,True,0.827,virtual_card_not_working,0.0723,disposable_card_limits,0.038,False,,What does a disposable virtual card do?
2625,get_disposable_virtual_card,get_disposable_virtual_card,True,0.7573,getting_virtual_card,0.05,virtual_card_not_working,0.0491,False,,When can I order a disposable virtual card?
2626,get_disposable_virtual_card,get_disposable_virtual_card,True,0.6297,disposable_card_limits,0.0846,virtual_card_not_working,0.0781,False,,Is it possible to also get a disposable virtual card?
2627,get_disposable_virtual_card,get_disposable_virtual_card,True,0.7277,virtual_card_not_working,0.0751,disposable_card_limits,0.0555,False,,How do I obtain a disposable virtual card?
2628,get_disposable_virtual_card,get_disposable_virtual_card,True,0.4245,disposable_card_limits,0.3299,card_not_working,0.0099,False,,How would you use a disposable card?
2629,get_disposable_virtual_card,get_disposable_virtual_card,True,0.852,virtual_card_not_working,0.0369,disposable_card_limits,0.0327,False,,"I need a disposable virtual card, how do I get one?"
2630,get_disposable_virtual_card,get_disposable_virtual_card,True,0.409,disposable_card_limits,0.3194,getting_spare_card,0.0135,False,,How do disposable cards work?
2631,get_disposable_virtual_card,get_disposable_virtual_card,True,0.8154,virtual_card_not_working,0.0559,getting_virtual_card,0.0549,False,,Is there a disposable virtual card I can order?
2632,get_disposable_virtual_card,get_disposable_virtual_card,True,0.8668,virtual_card_not_working,0.0605,disposable_card_limits,0.0325,False,,Where can I get a disposable virtual card?
2633,get_disposable_virtual_card,get_disposable_virtual_card,True,0.8036,virtual_card_not_working,0.0713,disposable_card_limits,0.051,False,,Will I be able to get a disposable virtual card as well?
2634,get_disposable_virtual_card,get_disposable_virtual_card,True,0.5567,getting_virtual_card,0.0759,disposable_card_limits,0.0483,False,,Hello! I need to order a disposable virtual card. Where can I do that at?
2635,get_disposable_virtual_card,get_disposable_virtual_card,True,0.5926,disposable_card_limits,0.0866,virtual_card_not_working,0.0788,False,,where do I request a disposable virtual card?
2636,get_disposable_virtual_card,card_delivery_estimate,False,0.0515,card_arrival,0.0434,getting_spare_card,0.0397,False,,Can i get a throw away card
2637,get_disposable_virtual_card,disposable_card_limits,False,0.6458,get_disposable_virtual_card,0.0299,compromised_card,0.0215,False,,how many transactions can i make with a disposable card
2638,get_disposable_virtual_card,disposable_card_limits,False,0.6818,get_disposable_virtual_card,0.2801,getting_spare_card,0.0049,False,,What are disposable cards?
2639,get_disposable_virtual_card,get_disposable_virtual_card,True,0.534,virtual_card_not_working,0.0863,getting_virtual_card,0.0798,False,,what's the process for getting a disposable virtual card?
2640,top_up_failed,top_up_failed,True,0.2879,top_up_reverted,0.1146,pending_top_up,0.0349,False,,The app denied my topped up.
2641,top_up_failed,top_up_failed,True,0.4626,transfer_not_received_by_recipient,0.0214,failed_transfer,0.0202,False,,"Heyy I tried to top up with my card today but it failed! I just got the couple days before but it has worked last time. What's going on, can you double check please?"
2642,top_up_failed,top_up_failed,True,0.2729,card_payment_not_recognised,0.1006,cash_withdrawal_not_recognised,0.0982,False,,I have a top up that didn't go through.  Why?
2643,top_up_failed,top_up_failed,True,0.2948,top_up_by_card_charge,0.0289,card_not_working,0.0266,False,,"So, I tried topping up my card for the today. Unfortunately, it failed. A couple of days back I used it and it works fine. Can you double check and tell me what's going on?"
2644,top_up_failed,top_up_failed,True,0.1756,cash_withdrawal_not_recognised,0.0637,top_up_reverted,0.049,False,,Why did the app deny my top up?
2645,top_up_failed,top_up_failed,True,0.575,failed_transfer,0.1018,declined_card_payment,0.0114,False,,please tell me why my top-up failed.
2646,top_up_failed,card_not_working,False,0.1659,top_up_failed,0.1349,declined_cash_withdrawal,0.0338,False,,My top-up isn't working.
2647,top_up_failed,top_up_failed,True,0.2355,cash_withdrawal_not_recognised,0.0429,card_linking,0.0421,True,denied|app|attempted,I attempted to top up but the app denied it.
2648,top_up_failed,top_up_failed,True,0.2028,top_up_reverted,0.0482,failed_transfer,0.0378,False,,What reason did my top-up fail for?
2649,top_up_failed,top_up_failed,True,0.3306,top_up_reverted,0.086,wrong_amount_of_cash_received,0.0326,False,,Why didn`t my topup go through?
2650,top_up_failed,top_up_failed,True,0.2798,top_up_by_cash_or_cheque,0.1481,balance_not_updated_after_cheque_or_cash_deposit,0.0515,False,,How can I check to see if my top-up worked?
2651,top_up_failed,top_up_failed,True,0.5625,declined_card_payment,0.0559,failed_transfer,0.0248,False,,My top up didn't work.
2652,top_up_failed,top_up_failed,True,0.6088,failed_transfer,0.1231,declined_card_payment,0.0099,False,,My top up failed.
2653,top_up_failed,top_up_reverted,False,0.1238,top_up_failed,0.1223,pending_top_up,0.0325,False,,Why would my topup not go through?
2654,top_up_failed,top_up_failed,True,0.0847,card_not_working,0.0483,top_up_reverted,0.0458,False,,Why caused my top up to not work?
2655,top_up_failed,top_up_failed,True,0.3315,declined_card_payment,0.0602,failed_transfer,0.0436,False,,Why did my top up not work?
2656,top_up_failed,top_up_reverted,False,0.0442,beneficiary_not_allowed,0.0313,top_up_failed,0.0309,False,,Why was my top-up unsuccessful?
2657,top_up_failed,top_up_failed,True,0.118,declined_card_payment,0.0777,card_payment_not_recognised,0.0624,False,,My funding to my card didn't go through.
2658,top_up_failed,top_up_failed,True,0.3329,declined_card_payment,0.1417,topping_up_by_card,0.0388,False,,I need to know why my credit card was declined for top up? What is the deal here and why did it not go through?
2659,top_up_failed,top_up_reverted,False,0.2309,cash_withdrawal_not_recognised,0.0852,top_up_failed,0.0745,False,,I topped up but the app did not accept it.
2660,top_up_failed,top_up_failed,True,0.3095,card_linking,0.0589,cash_withdrawal_not_recognised,0.0568,False,,The app denied my top-up
2661,top_up_failed,top_up_failed,True,0.2901,top_up_reverted,0.051,failed_transfer,0.0447,False,,I think my top up did not work
2662,top_up_failed,top_up_failed,True,0.3095,card_linking,0.0589,cash_withdrawal_not_recognised,0.0568,False,,My top up was denied in the app.
2663,top_up_failed,pending_top_up,False,0.0991,top_up_failed,0.0776,top_up_reverted,0.0427,True,went|pop|pop went|tell,Can you tell me if my pop-up went through?
2664,top_up_failed,top_up_by_cash_or_cheque,False,0.0975,declined_cash_withdrawal,0.0409,balance_not_updated_after_cheque_or_cash_deposit,0.0371,False,,can you check why I wasn't able to top up?
2665,top_up_failed,top_up_failed,True,0.2787,top_up_reverted,0.0347,failed_transfer,0.0311,False,,How did my top-up fail?
2666,top_up_failed,top_up_failed,True,0.6088,failed_transfer,0.1231,declined_card_payment,0.0099,False,,"My top-up failed, WHY?"
2667,top_up_failed,top_up_failed,True,0.2778,declined_cash_withdrawal,0.0764,beneficiary_not_allowed,0.0498,False,,I tried to top up. Why was it denied?
2668,top_up_failed,top_up_failed,True,0.165,declined_card_payment,0.0349,card_linking,0.0302,False,,What's the deal? My card was just denied for top up. Why is it not going through?
2669,top_up_failed,top_up_failed,True,0.1363,card_not_working,0.0412,card_payment_not_recognised,0.0371,False,,I don't think my top up is working correctly
2670,top_up_failed,beneficiary_not_allowed,False,0.0798,unable_to_verify_identity,0.0778,cash_withdrawal_not_recognised,0.0478,False,,The app won't let me top up my account
2671,top_up_failed,top_up_failed,True,0.1312,beneficiary_not_allowed,0.027,wrong_amount_of_cash_received,0.0236,False,,I'm not sure why my top up request was denied
2672,top_up_failed,pending_top_up,False,0.0265,top_up_failed,0.0258,top_up_reverted,0.0243,False,,Why can't I top up?
2673,top_up_failed,top_up_failed,True,0.6088,failed_transfer,0.1231,declined_card_payment,0.0099,False,,My top-up has failed.
2674,top_up_failed,top_up_failed,True,0.1942,top_up_reverted,0.0277,beneficiary_not_allowed,0.0212,False,,Problems with top up
2675,top_up_failed,top_up_failed,True,0.1149,declined_transfer,0.0807,declined_card_payment,0.0805,False,,"I really need money from my card today, but my card is getting declined. Please help!!"
2676,top_up_failed,top_up_reverted,False,0.0561,beneficiary_not_allowed,0.0302,top_up_failed,0.0291,False,,How do I know if my top up was unsuccessful?
2677,top_up_failed,top_up_failed,True,0.1983,failed_transfer,0.0416,pending_top_up,0.0391,False,,I'm pretty sure my top up failed. How do I fix this?
2678,top_up_failed,top_up_failed,True,0.1498,card_not_working,0.0561,pending_top_up,0.0293,False,,why isnt top up working
2679,top_up_failed,top_up_failed,True,0.5846,declined_card_payment,0.0474,failed_transfer,0.0263,False,,Can you tell me why my top up didn't work?
2680,balance_not_updated_after_bank_transfer,balance_not_updated_after_bank_transfer,True,0.4542,transfer_not_received_by_recipient,0.0448,beneficiary_not_allowed,0.041,False,,I made a transfer a few hours ago from a UK banking account.  I do not yet see the transfer.  Please check on this for me.
2681,balance_not_updated_after_bank_transfer,balance_not_updated_after_bank_transfer,True,0.5483,balance_not_updated_after_cheque_or_cash_deposit,0.0314,transfer_not_received_by_recipient,0.0297,False,,the balance on my account didnt change when i transferred money
2682,balance_not_updated_after_bank_transfer,balance_not_updated_after_bank_transfer,True,0.5523,transfer_not_received_by_recipient,0.1823,transfer_timing,0.0486,False,,How long will it take for my transferred money to show up?
2683,balance_not_updated_after_bank_transfer,balance_not_updated_after_bank_transfer,True,0.6746,transfer_not_received_by_recipient,0.0298,transfer_fee_charged,0.0193,False,,Why didn't my balance change after I transferred some money?
2684,balance_not_updated_after_bank_transfer,balance_not_updated_after_bank_transfer,True,0.773,balance_not_updated_after_cheque_or_cash_deposit,0.0261,failed_transfer,0.0201,False,,When will my balance update after a transfer?
2685,balance_not_updated_after_bank_transfer,balance_not_updated_after_bank_transfer,True,0.4275,transfer_timing,0.2005,pending_transfer,0.0467,False,,How long does it take for an international transfer into my account?
2686,balance_not_updated_after_bank_transfer,balance_not_updated_after_bank_transfer,True,0.5622,pending_transfer,0.0204,transfer_fee_charged,0.0198,False,,The amount of time that transfers usually take from a UK account is what?I just completed a transfer and it is not showing up at all. I'm wondering at this point if everything is actually okay.
2687,balance_not_updated_after_bank_transfer,transfer_timing,False,0.2167,balance_not_updated_after_bank_transfer,0.0884,beneficiary_not_allowed,0.0394,False,,When will my transfer be available in my account.
2688,balance_not_updated_after_bank_transfer,balance_not_updated_after_bank_transfer,True,0.1845,wrong_amount_of_cash_received,0.0641,transfer_not_received_by_recipient,0.0561,False,,I didn't get the money I transferred
2689,balance_not_updated_after_bank_transfer,balance_not_updated_after_bank_transfer,True,0.5899,transfer_into_account,0.0278,failed_transfer,0.0191,False,,I just completed a bank transfer and the balance didn't update
2690,balance_not_updated_after_bank_transfer,balance_not_updated_after_bank_transfer,True,0.1795,transfer_not_received_by_recipient,0.1202,transfer_fee_charged,0.0832,False,,I transferred some money but I think it has gotten lost somewhere.
2691,balance_not_updated_after_bank_transfer,balance_not_updated_after_bank_transfer,True,0.4757,transfer_timing,0.1918,pending_transfer,0.091,True,uk|transfer|long|long does|does,How long does a UK transfer take?
2692,balance_not_updated_after_bank_transfer,balance_not_updated_after_bank_transfer,True,0.7459,transfer_into_account,0.0183,transfer_not_received_by_recipient,0.013,False,,Hello I made a bank transfer couple hours ago from my UK account but it doesn't show up yet. Can you please check if everything is alright with it?
2693,balance_not_updated_after_bank_transfer,pending_transfer,False,0.34,transfer_not_received_by_recipient,0.097,balance_not_updated_after_bank_transfer,0.0939,False,,I made a transfer and am still waiting.
2694,balance_not_updated_after_bank_transfer,transfer_not_received_by_recipient,False,0.2056,pending_transfer,0.0844,failed_transfer,0.0599,False,,I made an out of country transfer and it hasn't went through yet.
2695,balance_not_updated_after_bank_transfer,balance_not_updated_after_bank_transfer,True,0.5278,balance_not_updated_after_cheque_or_cash_deposit,0.0334,failed_transfer,0.0262,False,,"After the transfer, the balance did not update."
2696,balance_not_updated_after_bank_transfer,balance_not_updated_after_bank_transfer,True,0.7672,transfer_into_account,0.0247,balance_not_updated_after_cheque_or_cash_deposit,0.0149,False,,"Could you please check one of my transfer which i made few hours ago from my UK bank account, as its not showing yet."
2697,balance_not_updated_after_bank_transfer,balance_not_updated_after_bank_transfer,True,0.4414,balance_not_updated_after_cheque_or_cash_deposit,0.0778,wrong_amount_of_cash_received,0.0348,False,,I had cash transferred but the balance did not change.
2698,balance_not_updated_after_bank_transfer,balance_not_updated_after_bank_transfer,True,0.3769,transfer_into_account,0.2267,top_up_by_bank_transfer_charge,0.0441,False,,I can't see my latest bank transfer
2699,balance_not_updated_after_bank_transfer,balance_not_updated_after_bank_transfer,True,0.6012,transfer_into_account,0.1445,top_up_by_bank_transfer_charge,0.0176,False,,My bank transfer is still not showing up in my account.
2700,balance_not_updated_after_bank_transfer,transfer_timing,False,0.2279,balance_not_updated_after_bank_transfer,0.2016,transfer_into_account,0.1884,False,,I made a transfer and it doesnt' show up in my account.
2701,balance_not_updated_after_bank_transfer,transfer_not_received_by_recipient,False,0.3598,balance_not_updated_after_bank_transfer,0.2495,transfer_fee_charged,0.0503,False,,I transferred some money but it is yet to arrive.
2702,balance_not_updated_after_bank_transfer,balance_not_updated_after_bank_transfer,True,0.5664,balance_not_updated_after_cheque_or_cash_deposit,0.0611,pending_transfer,0.0393,False,,Why is my balance the same?  I processed a transfer.
2703,balance_not_updated_after_bank_transfer,failed_transfer,False,0.224,balance_not_updated_after_bank_transfer,0.1355,pending_transfer,0.1062,False,,Why don't I have my transfer?
2704,balance_not_updated_after_bank_transfer,balance_not_updated_after_bank_transfer,True,0.6157,beneficiary_not_allowed,0.083,transfer_timing,0.0242,False,,Why isn't the transfer on my account showing up?
2705,balance_not_updated_after_bank_transfer,balance_not_updated_after_bank_transfer,True,0.8124,transfer_timing,0.0161,balance_not_updated_after_cheque_or_cash_deposit,0.0156,False,,The  money I transferred does not show in the balance.
2706,balance_not_updated_after_bank_transfer,balance_not_updated_after_bank_transfer,True,0.2273,transfer_not_received_by_recipient,0.0772,pending_transfer,0.063,False,,I have completed a transfer but it is not showing up.
2707,balance_not_updated_after_bank_transfer,balance_not_updated_after_bank_transfer,True,0.2339,beneficiary_not_allowed,0.1152,transfer_timing,0.0465,False,,I did a transfer to my account but it doesn't show up
2708,balance_not_updated_after_bank_transfer,transfer_timing,False,0.3745,pending_transfer,0.1076,balance_not_updated_after_bank_transfer,0.0731,False,,How long until my transfer will be available to me
2709,balance_not_updated_after_bank_transfer,balance_not_updated_after_bank_transfer,True,0.6538,failed_transfer,0.0244,balance_not_updated_after_cheque_or_cash_deposit,0.0226,False,,Why doesn't it show that I did a balance transfer?
2710,balance_not_updated_after_bank_transfer,balance_not_updated_after_bank_transfer,True,0.7073,transfer_not_received_by_recipient,0.0213,transfer_into_account,0.0125,False,,"I made a bank transfer a couple of hours ago from my UK account.  It hasn't appeared, can you check to make sure it went through?"
2711,balance_not_updated_after_bank_transfer,pending_transfer,False,0.9553,pending_top_up,0.007,pending_card_payment,0.0045,False,,My transfer is pending.
2712,balance_not_updated_after_bank_transfer,balance_not_updated_after_bank_transfer,True,0.6451,transfer_into_account,0.0195,balance_not_updated_after_cheque_or_cash_deposit,0.0159,False,,"Hey, I try to make a bank transfer from my UK account a few hours ago, but it haven't show up yet. Please check my account to make sure everything alright with it?"
2713,balance_not_updated_after_bank_transfer,transfer_not_received_by_recipient,False,0.1254,pending_transfer,0.1076,failed_transfer,0.0661,False,,Where is my transfer from [country]?
2714,balance_not_updated_after_bank_transfer,balance_not_updated_after_bank_transfer,True,0.7853,transfer_into_account,0.0486,balance_not_updated_after_cheque_or_cash_deposit,0.0186,False,,I made a bank transfer and my account balance did not show it.
2715,balance_not_updated_after_bank_transfer,balance_not_updated_after_bank_transfer,True,0.0757,balance_not_updated_after_cheque_or_cash_deposit,0.0554,transfer_not_received_by_recipient,0.0397,False,,Where is my money? I transfered it and it isn't in my account.
2716,balance_not_updated_after_bank_transfer,balance_not_updated_after_bank_transfer,True,0.5036,transfer_timing,0.0279,failed_transfer,0.0209,False,,I need to know the time frame that is typical for a transfer from a UK account. I just made a transfer and it doesn't appear. I want to make sure everything is okay.
2717,balance_not_updated_after_bank_transfer,balance_not_updated_after_bank_transfer,True,0.7328,balance_not_updated_after_cheque_or_cash_deposit,0.0246,failed_transfer,0.018,False,,Why doesn't my balance reflect my transfer
2718,balance_not_updated_after_bank_transfer,balance_not_updated_after_bank_transfer,True,0.606,balance_not_updated_after_cheque_or_cash_deposit,0.0448,transfer_not_received_by_recipient,0.0336,False,,My account balance has not gone up even though I just transferred money into it
2719,balance_not_updated_after_bank_transfer,balance_not_updated_after_bank_transfer,True,0.6927,transfer_into_account,0.0556,top_up_by_bank_transfer_charge,0.0169,False,,When will I see my new balance after making my bank transfer?
2720,cash_withdrawal_not_recognised,compromised_card,False,0.054,cash_withdrawal_charge,0.0359,topping_up_by_card,0.0325,False,,Think someone has took money out with my card. What shall I do?
2721,cash_withdrawal_not_recognised,cash_withdrawal_not_recognised,True,0.3465,unable_to_verify_identity,0.0434,pending_cash_withdrawal,0.0396,False,,There is a withdrawal that isn't mind in the app.
2722,cash_withdrawal_not_recognised,cash_withdrawal_not_recognised,True,0.1425,cash_withdrawal_charge,0.0855,topping_up_by_card,0.0702,False,,I just lost my wallet and I see that they are already withdrawing money from my account. How can I stop this?
2723,cash_withdrawal_not_recognised,wrong_amount_of_cash_received,False,0.3661,cash_withdrawal_not_recognised,0.3039,declined_cash_withdrawal,0.0568,False,,"I didn't get cash from an ATM, but the app says I did"
2724,cash_withdrawal_not_recognised,cash_withdrawal_not_recognised,True,0.4264,wrong_amount_of_cash_received,0.0733,card_payment_not_recognised,0.0306,False,,My app shows some cash I didn't get.
2725,cash_withdrawal_not_recognised,cash_withdrawal_not_recognised,True,0.4817,pending_cash_withdrawal,0.0278,card_linking,0.0205,False,,Why is there a random withdrawal in my app?
2726,cash_withdrawal_not_recognised,cash_withdrawal_not_recognised,True,0.2106,pending_cash_withdrawal,0.086,declined_cash_withdrawal,0.0839,False,,There is a suspicious cash withdraw on the account.
2727,cash_withdrawal_not_recognised,cash_withdrawal_not_recognised,True,0.2172,wrong_amount_of_cash_received,0.1946,card_payment_not_recognised,0.081,False,,"I didn't get cash from an ATM, but according to the app a transaction was made when i didn't make it."
2728,cash_withdrawal_not_recognised,wrong_amount_of_cash_received,False,0.288,cash_withdrawal_not_recognised,0.1913,declined_cash_withdrawal,0.0888,False,,The app said I withdrew cash at an ATM and I didn't
2729,cash_withdrawal_not_recognised,wrong_amount_of_cash_received,False,0.383,cash_withdrawal_not_recognised,0.1854,declined_cash_withdrawal,0.0518,False,,My app says that I received cash from an ATM and I didn't.
2730,cash_withdrawal_not_recognised,cash_withdrawal_not_recognised,True,0.1845,top_up_by_card_charge,0.0546,card_payment_not_recognised,0.0404,False,,"How do I freeze my bank card, as there has been a strange withdrawal?"
2731,cash_withdrawal_not_recognised,cash_withdrawal_not_recognised,True,0.4025,pending_cash_withdrawal,0.1435,cash_withdrawal_charge,0.0838,False,,I see a cash withdrawal that I did not perform.
2732,cash_withdrawal_not_recognised,cash_withdrawal_not_recognised,True,0.5677,pending_cash_withdrawal,0.0459,cash_withdrawal_charge,0.0427,False,,I checked the app and saw an extra cash withdrawal that I didn't authorize
2733,cash_withdrawal_not_recognised,cash_withdrawal_not_recognised,True,0.5981,pending_cash_withdrawal,0.0683,cash_withdrawal_charge,0.0433,False,,I have a strange cash withdrawal in my statement
2734,cash_withdrawal_not_recognised,cash_withdrawal_not_recognised,True,0.4487,card_payment_not_recognised,0.1157,wrong_amount_of_cash_received,0.0517,False,,There's a cash withdraw on my statement that I didn't make.
2735,cash_withdrawal_not_recognised,cash_withdrawal_not_recognised,True,0.1986,compromised_card,0.1576,topping_up_by_card,0.0609,False,,i think someone is using my card to withdraw money. Someone stole my wallet. What can I do? it is urgent.
2736,cash_withdrawal_not_recognised,cash_withdrawal_not_recognised,True,0.7116,pending_cash_withdrawal,0.0679,cash_withdrawal_charge,0.0243,True,withdrawal|app|cash|app cash|cash withdrawal,I am seeing in the App a some cash withdrawal that its not mine
2737,cash_withdrawal_not_recognised,cash_withdrawal_not_recognised,True,0.2301,pending_cash_withdrawal,0.0937,cash_withdrawal_charge,0.0429,False,,My account has a weird withdrawal.
2738,cash_withdrawal_not_recognised,extra_charge_on_statement,False,0.1374,cash_withdrawal_not_recognised,0.0519,Refund_not_showing_up,0.0486,False,,I'm unsure of a withdrawl in my statement.
2739,cash_withdrawal_not_recognised,cash_withdrawal_not_recognised,True,0.1272,cash_withdrawal_charge,0.053,top_up_by_cash_or_cheque,0.0503,False,,"It looks like someone else withdrew cash from my account, can you help?"
2740,cash_withdrawal_not_recognised,cash_withdrawal_not_recognised,True,0.1962,direct_debit_payment_not_recognised,0.0735,card_payment_not_recognised,0.0668,False,,I think I see a withdraw I did not make.
2741,cash_withdrawal_not_recognised,cash_withdrawal_not_recognised,True,0.4951,wrong_amount_of_cash_received,0.0689,direct_debit_payment_not_recognised,0.029,False,,Some cash is showing up in my app that I did not get.
2742,cash_withdrawal_not_recognised,cash_withdrawal_not_recognised,True,0.7955,pending_cash_withdrawal,0.0268,cash_withdrawal_charge,0.0161,False,,There is an unauthorized cash withdrawal from my account for 500£.  I definitely didn't make this withdrawal.  I need your help.
2743,cash_withdrawal_not_recognised,cash_withdrawal_not_recognised,True,0.2729,card_payment_not_recognised,0.1208,wrong_amount_of_cash_received,0.0828,False,,The app is showing an ATM withdrawl that I didn't make.
2744,cash_withdrawal_not_recognised,cash_withdrawal_not_recognised,True,0.5817,pending_cash_withdrawal,0.0459,cash_withdrawal_charge,0.0203,False,,There is a odd withdrawal on my account.
2745,cash_withdrawal_not_recognised,request_refund,False,0.0723,cancel_transfer,0.0554,cash_withdrawal_not_recognised,0.0432,False,,I need to cancel my card that got stolen a little while ago. Someone has already taken some money out and I don't want them to take anymore. Can you please do that?
2746,cash_withdrawal_not_recognised,card_payment_not_recognised,False,0.1579,cash_withdrawal_not_recognised,0.1246,cancel_transfer,0.0434,False,,How do I cancel my card? There are charges on my account that I didn't make.
2747,cash_withdrawal_not_recognised,cash_withdrawal_not_recognised,True,0.4886,pending_cash_withdrawal,0.0746,wrong_amount_of_cash_received,0.0451,False,,"There is an error, the app says I made an ATM withdrawal and I didn't."
2748,cash_withdrawal_not_recognised,cash_withdrawal_not_recognised,True,0.0991,lost_or_stolen_card,0.0977,topping_up_by_card,0.0456,False,,"Can anyone help me, I lost my wallet and they've started withdrawing from my account."
2749,cash_withdrawal_not_recognised,extra_charge_on_statement,False,0.1435,cash_withdrawal_not_recognised,0.0554,card_payment_not_recognised,0.0553,False,,What do I do if I notice a strange withdrawl in my statement?
2750,cash_withdrawal_not_recognised,cash_withdrawal_not_recognised,True,0.3608,pending_cash_withdrawal,0.1701,cash_withdrawal_charge,0.0683,True,withdrawal|cash|cash withdrawal|recognise|don,I don't recognise a cash withdrawal
2751,cash_withdrawal_not_recognised,cash_withdrawal_not_recognised,True,0.1071,lost_or_stolen_card,0.066,topping_up_by_card,0.0467,False,,Help!  My wallet was stolen and someone is taking money out.  I need this money!  What can I do?
2752,cash_withdrawal_not_recognised,pending_cash_withdrawal,False,0.408,cash_withdrawal_not_recognised,0.2027,cash_withdrawal_charge,0.086,False,,There is a cash withdrawal transaction that I am unsure of.
2753,cash_withdrawal_not_recognised,wrong_amount_of_cash_received,False,0.252,cash_withdrawal_not_recognised,0.1254,top_up_failed,0.0578,False,,I didn't take out money from an ATM but my app statement shows that I did. How can I fix this?
2754,cash_withdrawal_not_recognised,cash_withdrawal_not_recognised,True,0.4904,lost_or_stolen_card,0.0415,pending_cash_withdrawal,0.0272,False,,"Someone has stolen my card. Even though I have my card with me, someone just made a 500£ cash withdrawal. Please help as soon as possible."
2755,cash_withdrawal_not_recognised,cash_withdrawal_not_recognised,True,0.3752,wrong_amount_of_cash_received,0.0571,card_payment_not_recognised,0.05,False,,Cash I didn't get shows in my app.
2756,cash_withdrawal_not_recognised,cash_withdrawal_not_recognised,True,0.0991,topping_up_by_card,0.0389,transfer_into_account,0.0346,False,,There is a problem with my card. Somebody has removed money from my account in a town I haven't been to. Can you please freeze my account immediately?
2757,cash_withdrawal_not_recognised,card_payment_not_recognised,False,0.1727,cash_withdrawal_not_recognised,0.1198,declined_cash_withdrawal,0.049,False,,There is an ATM withdrawl in the app I don't recognize.
2758,cash_withdrawal_not_recognised,cash_withdrawal_not_recognised,True,0.4307,pending_cash_withdrawal,0.3158,wrong_amount_of_cash_received,0.0565,False,,A cash withdrawal is showing up that I didn't do.
2759,cash_withdrawal_not_recognised,cash_withdrawal_not_recognised,True,0.6008,pending_cash_withdrawal,0.1243,cash_withdrawal_charge,0.0422,False,,The app made a mistake and said I made a cash withdrawal.
2760,exchange_charge,exchange_charge,True,0.7669,card_payment_fee_charged,0.0299,transfer_fee_charged,0.0221,False,,Is there an exchange fee?
2761,exchange_charge,exchange_rate,False,0.4361,card_payment_wrong_exchange_rate,0.2696,wrong_exchange_rate_for_cash_withdrawal,0.2324,False,,whats your exchange rate
2762,exchange_charge,exchange_charge,True,0.6483,exchange_via_app,0.0668,card_payment_wrong_exchange_rate,0.038,False,,What are your currency exchange fees?
2763,exchange_charge,exchange_rate,False,0.5846,card_payment_wrong_exchange_rate,0.2811,wrong_exchange_rate_for_cash_withdrawal,0.1291,False,,Where do I find the exchange rate?
2764,exchange_charge,exchange_charge,True,0.4482,fiat_currency_support,0.0596,exchange_via_app,0.0309,True,exchanges|currency|currency exchanges|cross,What is the base amount for cross-currency exchanges?
2765,exchange_charge,exchange_charge,True,0.1381,exchange_rate,0.0335,top_up_failed,0.0331,False,,"My work sends me all over the world, can I get a discount for all the money I have to exchange?"
2766,exchange_charge,exchange_charge,True,0.4339,exchange_via_app,0.3579,fiat_currency_support,0.0593,False,,How much more do I have to pay to exchange currencies?
2767,exchange_charge,exchange_charge,True,0.6986,exchange_via_app,0.0467,fiat_currency_support,0.0325,False,,Is there a fee for exchanging currencies?
2768,exchange_charge,exchange_charge,True,0.4084,exchange_via_app,0.1397,fiat_currency_support,0.0435,False,,How much does it cost to exchange currencies?
2769,exchange_charge,exchange_charge,True,0.1225,exchange_rate,0.059,extra_charge_on_statement,0.0576,False,,whats the exchange charge
2770,exchange_charge,exchange_charge,True,0.6607,fiat_currency_support,0.0706,supported_cards_and_currencies,0.0133,False,,Is there any discount for someone that exchanges currencies frequently?
2771,exchange_charge,exchange_charge,True,0.4022,wrong_exchange_rate_for_cash_withdrawal,0.042,transfer_fee_charged,0.0402,False,,Is there a fee to exchange foreign money?
2772,exchange_charge,exchange_charge,True,0.6327,exchange_via_app,0.0595,fiat_currency_support,0.0416,False,,Do I have to pay for exchanging currencies?
2773,exchange_charge,exchange_charge,True,0.4464,exchange_via_app,0.089,fiat_currency_support,0.0321,False,,Does it cost extra to exchange currencies?
2774,exchange_charge,exchange_charge,True,0.82,fiat_currency_support,0.0143,card_payment_fee_charged,0.0113,False,,Is there a fee for exchanging foreign currencies?
2775,exchange_charge,exchange_charge,True,0.6616,card_payment_fee_charged,0.0705,transfer_fee_charged,0.0463,False,,Will I be charged a fee for exchanging foreign currencies?
2776,exchange_charge,exchange_charge,True,0.3465,exchange_via_app,0.1014,card_payment_wrong_exchange_rate,0.0501,False,,"How much is a cross currency exchange, and can I check to see if I have any discounts available?"
2777,exchange_charge,exchange_charge,True,0.6054,fiat_currency_support,0.0494,transaction_charged_twice,0.0129,False,,Do you offer a discount on multiple currency exchanges?
2778,exchange_charge,exchange_charge,True,0.7686,card_payment_fee_charged,0.0539,transfer_fee_charged,0.018,False,,How much do I have to pay for the exchange fee?
2779,exchange_charge,exchange_charge,True,0.2385,exchange_via_app,0.2248,card_payment_wrong_exchange_rate,0.0389,False,,"If I want to exchange currency, will there be extras?"
2780,exchange_charge,exchange_charge,True,0.5034,exchange_via_app,0.1425,card_payment_fee_charged,0.0428,False,,If I need to exchange currency is there an extra fee?
2781,exchange_charge,exchange_charge,True,0.4967,fiat_currency_support,0.0264,exchange_via_app,0.0168,False,,I was wondering if there were any discounts offered for frequent currency exchanges?
2782,exchange_charge,exchange_charge,True,0.4296,exchange_via_app,0.0613,fiat_currency_support,0.0462,False,,Would I be charged for exchanging currencies?
2783,exchange_charge,exchange_charge,True,0.7669,card_payment_fee_charged,0.0299,transfer_fee_charged,0.0221,False,,What is the exchange fee?
2784,exchange_charge,exchange_charge,True,0.3511,exchange_via_app,0.1214,top_up_by_card_charge,0.0521,False,,Does it cost to exchange currencies with this card?
2785,exchange_charge,extra_charge_on_statement,False,0.2994,transaction_charged_twice,0.1294,top_up_by_card_charge,0.111,False,,how much you charge for exhcange
2786,exchange_charge,exchange_charge,True,0.5088,card_payment_fee_charged,0.0522,exchange_via_app,0.0394,False,,Are there any extra hidden fees for exchanging currencies?
2787,exchange_charge,exchange_charge,True,0.1344,exchange_via_app,0.0695,top_up_by_bank_transfer_charge,0.0352,False,,"When I travel, what will it cost to switch for my currency?"
2788,exchange_charge,exchange_charge,True,0.7477,wrong_exchange_rate_for_cash_withdrawal,0.046,card_payment_wrong_exchange_rate,0.0318,False,,How much will I pay to exchange foreign currency?
2789,exchange_charge,exchange_charge,True,0.1886,exchange_via_app,0.1027,top_up_by_card_charge,0.0474,False,,Does it cost money for currency exchange services?
2790,exchange_charge,exchange_charge,True,0.489,exchange_via_app,0.0246,extra_charge_on_statement,0.024,False,,Are there extra charges for exchanging currency?
2791,exchange_charge,exchange_charge,True,0.5898,exchange_via_app,0.118,fiat_currency_support,0.0247,False,,"I will need to exchange currencies frequently, will I be able to get a discount?"
2792,exchange_charge,exchange_charge,True,0.7514,card_payment_wrong_exchange_rate,0.0637,wrong_exchange_rate_for_cash_withdrawal,0.0357,False,,Is there a charge for a foreign currency exchange?
2793,exchange_charge,exchange_charge,True,0.8027,exchange_via_app,0.0186,fiat_currency_support,0.016,False,,Is there a discount for frequently exchanging currencies?
2794,exchange_charge,exchange_charge,True,0.6981,top_up_by_bank_transfer_charge,0.0245,card_payment_fee_charged,0.0206,False,,What is the cost for an exchange fee?
2795,exchange_charge,exchange_via_app,False,0.0823,exchange_charge,0.0692,wrong_exchange_rate_for_cash_withdrawal,0.0375,False,,Will it cost more money if my currency needs to be exchanged?
2796,exchange_charge,exchange_charge,True,0.236,exchange_via_app,0.2179,extra_charge_on_statement,0.079,False,,"I would like to exchange currencies, but is there an extra charge to do so?"
2797,exchange_charge,exchange_charge,True,0.1875,top_up_by_card_charge,0.116,top_up_by_bank_transfer_charge,0.1013,False,,Does it cost anything for exchanges?
2798,exchange_charge,wrong_exchange_rate_for_cash_withdrawal,False,0.0875,transfer_fee_charged,0.082,exchange_charge,0.0555,False,,Can I exchange money from abroad without additional costs?
2799,exchange_charge,exchange_charge,True,0.4084,exchange_via_app,0.1397,fiat_currency_support,0.0435,False,,does it cost to exchange currencies?
2800,top_up_by_card_charge,top_up_by_card_charge,True,0.6122,card_payment_fee_charged,0.0512,cash_withdrawal_charge,0.0159,False,,Is there a fee for using a European bank card to top up?
2801,top_up_by_card_charge,top_up_by_card_charge,True,0.7169,supported_cards_and_currencies,0.0126,card_payment_fee_charged,0.0102,True,international card|fees|international|money international|adding,Are there any fees for adding money with an international card?
2802,top_up_by_card_charge,supported_cards_and_currencies,False,0.2331,top_up_by_card_charge,0.1952,getting_spare_card,0.0451,False,,i was charged when i used a us issued card. why and what cards are free to use to add money
2803,top_up_by_card_charge,top_up_by_card_charge,True,0.1746,card_payment_fee_charged,0.0466,topping_up_by_card,0.0441,False,,Any hidden fees associated with the international card if money is added?
2804,top_up_by_card_charge,top_up_by_card_charge,True,0.482,top_up_by_bank_transfer_charge,0.0407,topping_up_by_card,0.0284,True,topping|topping card|charged topping|card|charged,Will I get charged for topping off my card?
2805,top_up_by_card_charge,top_up_by_card_charge,True,0.4403,getting_spare_card,0.0354,top_up_by_bank_transfer_charge,0.0327,False,,Are there charges for topping up US cards?
2806,top_up_by_card_charge,top_up_by_card_charge,True,0.4124,top_up_limits,0.0499,card_payment_fee_charged,0.0334,False,,Are there fees for top ups?
2807,top_up_by_card_charge,top_up_by_card_charge,True,0.2807,getting_spare_card,0.0575,transaction_charged_twice,0.0449,False,,What are the charges for US cards with top up.
2808,top_up_by_card_charge,top_up_by_card_charge,True,0.4863,top_up_by_bank_transfer_charge,0.0314,card_payment_fee_charged,0.0285,False,,Is there an additional charge for topping up using a European card?
2809,top_up_by_card_charge,top_up_by_card_charge,True,0.3317,exchange_charge,0.1027,top_up_limits,0.0645,False,,In exchange for top ups will you take fees?
2810,top_up_by_card_charge,card_payment_fee_charged,False,0.0917,top_up_reverted,0.048,transaction_charged_twice,0.0435,False,,I just topped off my card will I be charged for it?
2811,top_up_by_card_charge,top_up_by_card_charge,True,0.2839,top_up_by_bank_transfer_charge,0.0914,order_physical_card,0.063,False,,How much does it cost to top up by card?
2812,top_up_by_card_charge,top_up_by_card_charge,True,0.697,card_payment_fee_charged,0.0148,country_support,0.0127,False,,Are there any fees if I use a European bank card for a top up?
2813,top_up_by_card_charge,card_payment_fee_charged,False,0.2898,top_up_by_card_charge,0.2113,transfer_fee_charged,0.0613,False,,What are the top-up fees?
2814,top_up_by_card_charge,top_up_by_card_charge,True,0.2439,transaction_charged_twice,0.05,extra_charge_on_statement,0.048,False,,How much is the charge to top up my card?
2815,top_up_by_card_charge,card_delivery_estimate,False,0.105,card_acceptance,0.1049,card_payment_fee_charged,0.0685,False,,How much can I expect to pay to top up a US card?
2816,top_up_by_card_charge,card_payment_fee_charged,False,0.8633,transfer_fee_charged,0.0408,cash_withdrawal_charge,0.018,False,,What fee is included if I top up by card?
2817,top_up_by_card_charge,top_up_by_card_charge,True,0.4031,card_payment_fee_charged,0.0404,transaction_charged_twice,0.0227,False,,"If I use a European bank card for top up, Do I get charged?"
2818,top_up_by_card_charge,top_up_by_card_charge,True,0.6213,card_payment_fee_charged,0.0382,transfer_fee_charged,0.0186,False,,Will there be any extra fees for European bank card for top up?
2819,top_up_by_card_charge,top_up_by_card_charge,True,0.4982,card_payment_fee_charged,0.0213,country_support,0.0203,False,,Will I be charged if I use European bank card for top up?
2820,top_up_by_card_charge,top_up_by_card_charge,True,0.2454,supported_cards_and_currencies,0.0323,country_support,0.0257,False,,I want to use a European bank card for a top up. Must I pay?
2821,top_up_by_card_charge,top_up_by_card_charge,True,0.482,top_up_by_bank_transfer_charge,0.0407,topping_up_by_card,0.0284,False,,Will I be charged for topping up by card?
2822,top_up_by_card_charge,top_up_by_card_charge,True,0.3179,top_up_by_bank_transfer_charge,0.0858,card_payment_fee_charged,0.0703,False,,Is there a fee for topping up
2823,top_up_by_card_charge,top_up_by_card_charge,True,0.4185,top_up_limits,0.0992,extra_charge_on_statement,0.0552,False,,What do you charge for top ups?
2824,top_up_by_card_charge,top_up_by_card_charge,True,0.1274,order_physical_card,0.1004,getting_spare_card,0.0903,False,,Will it cost anything to top up a US card?
2825,top_up_by_card_charge,top_up_by_card_charge,True,0.4061,card_payment_fee_charged,0.0627,top_up_by_bank_transfer_charge,0.0322,False,,Does topping up my card have a fee?
2826,top_up_by_card_charge,top_up_by_card_charge,True,0.7108,card_payment_fee_charged,0.0132,topping_up_by_card,0.0124,False,,Are there fees for adding money using an international card
2827,top_up_by_card_charge,compromised_card,False,0.1459,card_payment_fee_charged,0.0921,top_up_by_card_charge,0.0829,False,,"When using a US card, what is the cost for a top up/off?"
2828,top_up_by_card_charge,top_up_by_card_charge,True,0.3308,country_support,0.0231,card_payment_not_recognised,0.0176,False,,"I need to use a European card for a top up, what will the charge be?"
2829,top_up_by_card_charge,top_up_by_card_charge,True,0.0717,transfer_into_account,0.0697,supported_cards_and_currencies,0.0417,False,,Is it okay to use a bank card to top up
2830,top_up_by_card_charge,top_up_by_card_charge,True,0.3179,top_up_by_bank_transfer_charge,0.0858,card_payment_fee_charged,0.0703,False,,Any fee for topping up?
2831,top_up_by_card_charge,top_up_by_card_charge,True,0.4124,top_up_limits,0.0499,card_payment_fee_charged,0.0334,False,,Are there any fees for top ups?
2832,top_up_by_card_charge,top_up_by_card_charge,True,0.711,supported_cards_and_currencies,0.0167,card_payment_fee_charged,0.0165,False,,What are the fees of using an international card to add money?
2833,top_up_by_card_charge,top_up_by_card_charge,True,0.3974,exchange_charge,0.0296,extra_charge_on_statement,0.0204,False,,Is there a charge or discount if I use a European bank in a top up?
2834,top_up_by_card_charge,card_payment_fee_charged,False,0.1802,top_up_by_card_charge,0.1752,transfer_fee_charged,0.1217,False,,Is their a fee for top ups?
2835,top_up_by_card_charge,top_up_by_card_charge,True,0.5817,compromised_card,0.0216,topping_up_by_card,0.0143,False,,Can I top up using an international card
2836,top_up_by_card_charge,top_up_by_card_charge,True,0.6097,supported_cards_and_currencies,0.0274,topping_up_by_card,0.0229,False,,What will happen if I want to add money using an international card? Will I run into any fees?
2837,top_up_by_card_charge,top_up_by_card_charge,True,0.6211,transfer_fee_charged,0.0236,card_payment_fee_charged,0.0225,False,,Are there any extra fees for adding money into the international card?
2838,top_up_by_card_charge,top_up_by_card_charge,True,0.4124,top_up_limits,0.0499,card_payment_fee_charged,0.0334,False,,What are the fees for top ups?
2839,top_up_by_card_charge,top_up_by_card_charge,True,0.2807,getting_spare_card,0.0575,transaction_charged_twice,0.0449,False,,What are the top up charges for US cards?
2840,activate_my_card,activate_my_card,True,0.9812,card_linking,0.0011,getting_spare_card,0.0007,False,,Could you please activate my card
2841,activate_my_card,activate_my_card,True,0.9196,card_delivery_estimate,0.003,getting_spare_card,0.003,False,,I need to activate my card can you do that now?
2842,activate_my_card,activate_my_card,True,0.8638,card_arrival,0.0146,card_about_to_expire,0.0113,False,,What do I need to do to activate my new card?
2843,activate_my_card,activate_my_card,True,0.6523,card_arrival,0.0529,card_about_to_expire,0.0302,True,activating|new card|new|activating new|card,Tell me how to go about activating my new card?
2844,activate_my_card,activate_my_card,True,0.7687,compromised_card,0.0082,card_payment_fee_charged,0.007,False,,How can I activate my card so I can start using it?
2845,activate_my_card,activate_my_card,True,0.8449,card_arrival,0.0301,card_about_to_expire,0.0145,False,,How long will it take to activate my new card?
2846,activate_my_card,activate_my_card,True,0.8506,card_arrival,0.008,card_linking,0.0072,False,,What's the right way to activate my card?
2847,activate_my_card,activate_my_card,True,0.4925,card_arrival,0.1412,card_linking,0.0329,False,,"I received my new card, how is it activated?"
2848,activate_my_card,card_arrival,False,0.5791,card_about_to_expire,0.0824,card_linking,0.0736,False,,Is there a way my new card can be renewed?
2849,activate_my_card,activate_my_card,True,0.7128,card_linking,0.024,card_arrival,0.011,False,,How do I activate a card I received?
2850,activate_my_card,activate_my_card,True,0.9812,card_linking,0.0011,getting_spare_card,0.0007,False,,Why can't I activate my card?
2851,activate_my_card,activate_my_card,True,0.497,verify_top_up,0.0143,pending_top_up,0.0139,False,,What is the process of card activation?
2852,activate_my_card,lost_or_stolen_card,False,0.2499,card_linking,0.027,card_arrival,0.0247,False,,WHAT CAN I DO AFTER THE CARD MISSING
2853,activate_my_card,activate_my_card,True,0.7651,card_arrival,0.0382,card_linking,0.025,False,,I got my new card where do I go to activate it?
2854,activate_my_card,activate_my_card,True,0.354,card_not_working,0.04,card_acceptance,0.0273,False,,Would like to use my card and need to activate it first.  Can you help me do this?
2855,activate_my_card,activate_my_card,True,0.6149,card_arrival,0.038,card_about_to_expire,0.0273,False,,I need help activating my new card.
2856,activate_my_card,activate_my_card,True,0.9812,card_linking,0.0011,getting_spare_card,0.0007,False,,how to activate card?
2857,activate_my_card,activate_my_card,True,0.9812,card_linking,0.0011,getting_spare_card,0.0007,True,activate|activate card|card,"Please, activate my card"
2858,activate_my_card,activate_my_card,True,0.233,top_up_failed,0.0614,wrong_amount_of_cash_received,0.0418,False,,I tried activating my bill of fare and it didn't workplace
2859,activate_my_card,activate_my_card,True,0.6833,card_linking,0.0479,supported_cards_and_currencies,0.0118,False,,"I just got my card and want to use it, how do I activate my card?"
2860,activate_my_card,activate_my_card,True,0.5884,card_linking,0.0506,card_arrival,0.0447,False,,I have a new card and I want to activate it
2861,activate_my_card,activate_my_card,True,0.623,getting_spare_card,0.0109,card_arrival,0.0106,False,,Assist me please with card activation.
2862,activate_my_card,activate_my_card,True,0.6473,lost_or_stolen_card,0.0156,card_not_working,0.0127,False,,I need help with activating my card
2863,activate_my_card,compromised_card,False,0.1413,card_payment_fee_charged,0.0921,activate_my_card,0.0656,False,,How can I start using my card?
2864,activate_my_card,activate_my_card,True,0.817,card_arrival,0.006,getting_spare_card,0.006,False,,Activating my card
2865,activate_my_card,activate_my_card,True,0.598,card_arrival,0.013,getting_spare_card,0.0121,False,,When will my card be activated?
2866,activate_my_card,activate_my_card,True,0.9812,card_linking,0.0011,getting_spare_card,0.0007,False,,How can I activate my card>
2867,activate_my_card,activate_my_card,True,0.7014,card_about_to_expire,0.0355,card_arrival,0.0246,False,,What are the steps in order to activate my new card?
2868,activate_my_card,activate_my_card,True,0.7056,card_arrival,0.0539,card_about_to_expire,0.0289,False,,How do I go about activating my new card?
2869,activate_my_card,activate_my_card,True,0.7761,card_arrival,0.0489,card_about_to_expire,0.029,True,activation|new card|new|card|process,What is the activation process on my new card?
2870,activate_my_card,activate_my_card,True,0.5359,getting_spare_card,0.0181,lost_or_stolen_card,0.013,False,,I would like to get help from someone with activating my card.
2871,activate_my_card,activate_my_card,True,0.675,pending_top_up,0.0092,topping_up_by_card,0.0089,False,,What is the process for activating my card?
2872,activate_my_card,activate_my_card,True,0.1567,card_arrival,0.1482,card_about_to_expire,0.0796,False,,How do I use my new card?
2873,activate_my_card,activate_my_card,True,0.2544,card_arrival,0.0678,card_linking,0.0383,False,,I got my new card but I am not sure if it need s activated and how?
2874,activate_my_card,activate_my_card,True,0.6648,card_arrival,0.0527,card_about_to_expire,0.0312,False,,What are the steps to activating a new card?
2875,activate_my_card,activate_my_card,True,0.6457,card_linking,0.0194,supported_cards_and_currencies,0.013,False,,"I would like to activate my card to use now, can you help me?"
2876,activate_my_card,activate_my_card,True,0.9047,card_arrival,0.0188,card_about_to_expire,0.0105,False,,How do I activate a new card?
2877,activate_my_card,activate_my_card,True,0.2861,card_linking,0.0502,card_payment_not_recognised,0.0429,False,,I just got this card & I don't know how to activate it.
2878,activate_my_card,activate_my_card,True,0.7651,card_arrival,0.0382,card_linking,0.025,False,,I got my new card. How do I activate it?
2879,activate_my_card,activate_my_card,True,0.9196,card_delivery_estimate,0.003,getting_spare_card,0.003,False,,What do I need to do to activate my card?
2880,cash_withdrawal_charge,cash_withdrawal_charge,True,0.1766,cash_withdrawal_not_recognised,0.1199,declined_cash_withdrawal,0.0871,False,,I see some fees for cash withdraw.
2881,cash_withdrawal_charge,cash_withdrawal_charge,True,0.4066,extra_charge_on_statement,0.0776,card_payment_fee_charged,0.0393,False,,How come I was charged extra when I withdrew cash?
2882,cash_withdrawal_charge,cash_withdrawal_charge,True,0.3384,declined_cash_withdrawal,0.097,cash_withdrawal_not_recognised,0.0487,False,,Why am I being charged when I withdraw cash?
2883,cash_withdrawal_charge,cash_withdrawal_charge,True,0.1036,cash_withdrawal_not_recognised,0.0786,extra_charge_on_statement,0.0613,False,,What is this charge on my account for a cash withdrawl?
2884,cash_withdrawal_charge,cash_withdrawal_charge,True,0.6103,card_payment_fee_charged,0.0324,transfer_fee_charged,0.0238,False,,Why are fees charged on cash withdrawals? I went to withdraw some money earlier today after shopping. There's a fee that wasn't there before.
2885,cash_withdrawal_charge,cash_withdrawal_charge,True,0.6869,pending_cash_withdrawal,0.0222,wrong_amount_of_cash_received,0.0147,False,,"How come you charge for cash withdrawals? I withdrew cash after buying groceries today, and there seems to be a new fee"
2886,cash_withdrawal_charge,cash_withdrawal_charge,True,0.4383,transfer_fee_charged,0.0656,card_payment_fee_charged,0.043,False,,It looks like I was charged a withdrawal fee for going to my ATM. Why is that because I haven't been charged previously for doing so?
2887,cash_withdrawal_charge,cash_withdrawal_charge,True,0.5381,declined_cash_withdrawal,0.0902,wrong_amount_of_cash_received,0.0284,False,,"Do ATM cash withdrawals carry a charge now? They've been free in the past, but all of a sudden I have to pay to make ATM withdrawals?"
2888,cash_withdrawal_charge,extra_charge_on_statement,False,0.218,cash_withdrawal_charge,0.1392,transfer_fee_charged,0.1043,False,,Why is there an extra charge for money that was withdrawn?
2889,cash_withdrawal_charge,cash_withdrawal_charge,True,0.8422,card_payment_fee_charged,0.0363,transfer_fee_charged,0.0241,False,,Why was I charged a fee for withdrawing cash?
2890,cash_withdrawal_charge,cash_withdrawal_charge,True,0.1469,card_payment_fee_charged,0.1304,transfer_fee_charged,0.1223,False,,Why did I get a fee?
2891,cash_withdrawal_charge,cash_withdrawal_charge,True,0.5435,card_payment_fee_charged,0.1138,transfer_fee_charged,0.0882,False,,Why did my cash get charged a fee that should not be there.
2892,cash_withdrawal_charge,cash_withdrawal_charge,True,0.1586,card_payment_fee_charged,0.1181,wrong_amount_of_cash_received,0.076,False,,Why did I have to pay a fee when I got cash?
2893,cash_withdrawal_charge,cash_withdrawal_charge,True,0.1596,card_payment_fee_charged,0.0567,cash_withdrawal_not_recognised,0.0552,False,,"Hi, I am calling about a recent transaction that has happened on my account.  I recently went to the ATM, and tried to make a withdrawal on my account.  I just happened to check my transaction slip and noticed a fee for my withdrawal.  How can I resolve this, I didn't know fees were charged for this type of action."
2894,cash_withdrawal_charge,cash_withdrawal_charge,True,0.363,card_payment_fee_charged,0.1223,transfer_fee_charged,0.0679,False,,A fee was charged for my recent withdrawal.
2895,cash_withdrawal_charge,cash_withdrawal_charge,True,0.5398,declined_cash_withdrawal,0.0564,pending_cash_withdrawal,0.0543,False,,I got a fee for an ATM withdrawal.
2896,cash_withdrawal_charge,cash_withdrawal_charge,True,0.3875,cash_withdrawal_not_recognised,0.1089,pending_cash_withdrawal,0.0983,False,,What is the reason for this fee I got after a simple cash withdrawal?
2897,cash_withdrawal_charge,cash_withdrawal_charge,True,0.4637,transfer_fee_charged,0.0511,card_payment_fee_charged,0.0334,False,,Did you start charging for cash withdrawals? I thought it was free so far but noticed suddendly there is a fee. How much do I need to pay?
2898,cash_withdrawal_charge,cash_withdrawal_charge,True,0.7067,declined_cash_withdrawal,0.0256,wrong_amount_of_cash_received,0.0172,False,,Is there a fee for withdrawing cash?
2899,cash_withdrawal_charge,cash_withdrawal_charge,True,0.5836,wrong_amount_of_cash_received,0.0224,declined_cash_withdrawal,0.0218,False,,"I've notice I was charged for withdrawing cash, can you explain why?"
2900,cash_withdrawal_charge,cash_withdrawal_charge,True,0.2818,card_payment_fee_charged,0.0681,declined_cash_withdrawal,0.0523,False,,Why was my account charged for using an ATM?
2901,cash_withdrawal_charge,cash_withdrawal_charge,True,0.1921,extra_charge_on_statement,0.0725,transaction_charged_twice,0.0541,False,,Why is there a charge on my account for taking out cash?
2902,cash_withdrawal_charge,cash_withdrawal_charge,True,0.44,declined_cash_withdrawal,0.082,pending_cash_withdrawal,0.0654,False,,An ATM fee was attached to my recent withdrawal.
2903,cash_withdrawal_charge,cash_withdrawal_charge,True,0.6903,transfer_fee_charged,0.0273,cash_withdrawal_not_recognised,0.0251,False,,I thought cash withdrawals didn't have a fee
2904,cash_withdrawal_charge,cash_withdrawal_charge,True,0.3593,card_payment_fee_charged,0.184,transfer_fee_charged,0.116,False,,Why did I get charged a fee when I tried to obtain cash?
2905,cash_withdrawal_charge,cash_withdrawal_charge,True,0.2011,card_payment_fee_charged,0.122,transfer_fee_charged,0.1035,False,,"While I was checking out in the grocery store, I realized I needed cash so I requested some.  However, I noticed there was a fee for this transaction.  Why did I get charged a fee?"
2906,cash_withdrawal_charge,cash_withdrawal_charge,True,0.2254,card_payment_fee_charged,0.1257,transfer_fee_charged,0.0541,False,,Using an ATM caused me to incur an additional fee. Why?
2907,cash_withdrawal_charge,cash_withdrawal_charge,True,0.5853,extra_charge_on_statement,0.1719,card_payment_fee_charged,0.0795,False,,I was charged extra for a withdrawal
2908,cash_withdrawal_charge,top_up_limits,False,0.1226,cash_withdrawal_charge,0.0652,extra_charge_on_statement,0.0613,False,,Is there a limit on how much I can withdraw from my account without being charged?
2909,cash_withdrawal_charge,cash_withdrawal_charge,True,0.7978,transfer_fee_charged,0.0843,card_payment_fee_charged,0.0491,True,fee|charged|withdrawals|free|cash,"I thought cash withdrawals were free? Why have I been charged a fee? Also, how much is this fee?"
2910,cash_withdrawal_charge,cash_withdrawal_charge,True,0.5052,declined_cash_withdrawal,0.0714,wrong_amount_of_cash_received,0.0313,False,,"More fees, this time for withdrawing my own cash. Why are you robbing me?"
2911,cash_withdrawal_charge,cash_withdrawal_charge,True,0.6535,cash_withdrawal_not_recognised,0.0512,card_payment_fee_charged,0.0457,True,fee|charged|withdrawal|cash|fee cash,I have never been charged a fee for cash withdrawal before. When did that change?
2912,cash_withdrawal_charge,cash_withdrawal_charge,True,0.6717,pending_cash_withdrawal,0.1072,cash_withdrawal_not_recognised,0.0795,False,,I was charged for a cash withdrawal.
2913,cash_withdrawal_charge,cash_withdrawal_charge,True,0.4276,cash_withdrawal_not_recognised,0.1653,pending_cash_withdrawal,0.1063,False,,Why did you charge me for a cash withdrawal?
2914,cash_withdrawal_charge,cash_withdrawal_charge,True,0.4063,card_payment_fee_charged,0.1472,transfer_fee_charged,0.0685,False,,I took cash and got charged a fee
2915,cash_withdrawal_charge,cash_withdrawal_charge,True,0.3266,transfer_fee_charged,0.0649,card_payment_fee_charged,0.0402,False,,Was charged an ATM fee despite it being a small withdrawal on the 1st day of the month. I thought I was allowed 200 per month?
2916,cash_withdrawal_charge,cash_withdrawal_charge,True,0.4305,card_payment_fee_charged,0.0866,transfer_fee_charged,0.0773,False,,I had a wrong fee charged at this ATM.
2917,cash_withdrawal_charge,wrong_exchange_rate_for_cash_withdrawal,False,0.1109,wrong_amount_of_cash_received,0.0651,cash_withdrawal_not_recognised,0.058,False,,"When I got cash, I'm pretty sure there was a glitch that overcharged me."
2918,cash_withdrawal_charge,cash_withdrawal_charge,True,0.1788,cash_withdrawal_not_recognised,0.0809,wrong_amount_of_cash_received,0.0607,False,,"My account got charged for taking out cash, why did this happen?"
2919,cash_withdrawal_charge,cash_withdrawal_charge,True,0.4486,card_payment_fee_charged,0.0653,transfer_fee_charged,0.0535,False,,Why is there a fee for withdrawing?
2920,card_about_to_expire,card_about_to_expire,True,0.7486,card_arrival,0.0608,order_physical_card,0.0157,False,,Am I able to order a new card and have it sent to me in China?
2921,card_about_to_expire,card_about_to_expire,True,0.5381,card_arrival,0.0643,activate_my_card,0.0251,False,,Will you be able to send the new card to China?
2922,card_about_to_expire,card_about_to_expire,True,0.68,topping_up_by_card,0.0141,getting_spare_card,0.0099,False,,When my card expires what happens to my account?
2923,card_about_to_expire,card_about_to_expire,True,0.8681,getting_spare_card,0.0045,card_arrival,0.0043,False,,What do I do when my card expires?
2924,card_about_to_expire,card_about_to_expire,True,0.2727,card_arrival,0.0515,card_delivery_estimate,0.0311,False,,The expiration date on my card is coming up
2925,card_about_to_expire,card_about_to_expire,True,0.2807,card_arrival,0.0199,getting_spare_card,0.0192,False,,"My card's expiring, what happens now?"
2926,card_about_to_expire,card_about_to_expire,True,0.7868,getting_spare_card,0.0093,card_delivery_estimate,0.0092,False,,My card is about to expire. What do I need to do?
2927,card_about_to_expire,card_arrival,False,0.1406,card_about_to_expire,0.1158,card_delivery_estimate,0.0926,False,,how long and how much does it cost for new card
2928,card_about_to_expire,card_about_to_expire,True,0.3587,card_delivery_estimate,0.0524,getting_spare_card,0.0177,False,,What do I do if my card is expiring soon?
2929,card_about_to_expire,card_about_to_expire,True,0.3937,card_arrival,0.0575,top_up_by_card_charge,0.0396,False,,How much does it cost to get a new card?  Mine is almost expired.  How fast does it come?
2930,card_about_to_expire,card_about_to_expire,True,0.7883,card_arrival,0.0128,activate_my_card,0.0079,False,,"Since my card is about to expire, what do I do to get a new one?"
2931,card_about_to_expire,card_about_to_expire,True,0.3284,card_delivery_estimate,0.0484,pending_top_up,0.0247,False,,My card is about to expire and I need to know how much it costs and how long it takes to get a new one.
2932,card_about_to_expire,card_about_to_expire,True,0.7997,card_arrival,0.0436,activate_my_card,0.0133,False,,When my card expires do you send a new card?
2933,card_about_to_expire,card_about_to_expire,True,0.5401,lost_or_stolen_card,0.0128,card_arrival,0.0125,False,,What is the next step if my card is about to expire.
2934,card_about_to_expire,card_about_to_expire,True,0.8681,getting_spare_card,0.0045,card_arrival,0.0043,False,,"Once my card expires, what should I do?"
2935,card_about_to_expire,card_about_to_expire,True,0.3396,card_arrival,0.0645,activate_my_card,0.0461,False,,"I need a new card, my current card is nearly expired."
2936,card_about_to_expire,card_about_to_expire,True,0.8856,order_physical_card,0.0078,card_arrival,0.0047,False,,"It appears my card expires next month, can I order a new one?"
2937,card_about_to_expire,card_about_to_expire,True,0.8496,order_physical_card,0.0157,top_up_by_card_charge,0.0099,False,,My card is about to expire. How much does it cost to order a new one and how fast will I get it?
2938,card_about_to_expire,card_about_to_expire,True,0.8374,getting_spare_card,0.0055,card_arrival,0.0052,False,,What do I do when my card is about to expire?
2939,card_about_to_expire,card_about_to_expire,True,0.3008,card_delivery_estimate,0.0891,order_physical_card,0.055,False,,"I will need to get a new card soon, how do I order?"
2940,card_about_to_expire,card_about_to_expire,True,0.1131,card_arrival,0.0614,activate_my_card,0.0463,False,,going to need a new card what are the fees and time it takes
2941,card_about_to_expire,card_about_to_expire,True,0.889,order_physical_card,0.0125,activate_my_card,0.0082,False,,Will I need to order a new card since mine expires next month?
2942,card_about_to_expire,card_about_to_expire,True,0.7718,card_arrival,0.022,activate_my_card,0.0083,False,,"When my card expires, will I get a new one mailed to me?"
2943,card_about_to_expire,card_about_to_expire,True,0.8862,order_physical_card,0.0113,card_arrival,0.0099,False,,Do you have to order a new card before your current card expires?
2944,card_about_to_expire,card_about_to_expire,True,0.8662,getting_spare_card,0.0075,card_arrival,0.0065,False,,"Since my card is about to expire, I need a new one."
2945,card_about_to_expire,card_about_to_expire,True,0.5566,order_physical_card,0.0424,card_arrival,0.0179,False,,My card is very close to expiring. When can I order a new one and how do I do so?
2946,card_about_to_expire,card_about_to_expire,True,0.657,order_physical_card,0.0338,card_delivery_estimate,0.02,False,,"I need to order a  new card, mine is about to expire and I need to know how much it will cost and how long until I receive it."
2947,card_about_to_expire,card_about_to_expire,True,0.9568,order_physical_card,0.0051,card_arrival,0.0043,False,,How do I order a new card before It expires?
2948,card_about_to_expire,card_about_to_expire,True,0.5261,card_arrival,0.065,activate_my_card,0.0267,False,,Can I receive a new card while I am in China?
2949,card_about_to_expire,card_about_to_expire,True,0.8534,order_physical_card,0.0138,activate_my_card,0.0059,False,,"Next month my card will expire, do I need to order a new one?"
2950,card_about_to_expire,card_about_to_expire,True,0.3822,card_delivery_estimate,0.0356,card_arrival,0.0323,False,,The expiration date of my card is approaching .
2951,card_about_to_expire,card_about_to_expire,True,0.5661,card_delivery_estimate,0.043,card_arrival,0.0333,False,,"How can I get a new card ASAP to replace an old, soon to expire one?"
2952,card_about_to_expire,card_about_to_expire,True,0.5299,card_arrival,0.0357,activate_my_card,0.0273,False,,I need a new card since my old one is about to expire.
2953,card_about_to_expire,card_about_to_expire,True,0.8374,getting_spare_card,0.0055,card_arrival,0.0052,False,,My card is about to expire.
2954,card_about_to_expire,card_about_to_expire,True,0.4297,card_delivery_estimate,0.0289,top_up_by_card_charge,0.02,False,,"My card is expiring shortly.  How much will it cost for a replacement, and how soon can I get it?"
2955,card_about_to_expire,card_about_to_expire,True,0.2216,card_delivery_estimate,0.0517,pending_top_up,0.028,False,,What would the price be for an expired card replacement and how long will it take me to get it?
2956,card_about_to_expire,card_about_to_expire,True,0.5056,card_arrival,0.0514,activate_my_card,0.0418,False,,"in china, need new card"
2957,card_about_to_expire,card_about_to_expire,True,0.8706,order_physical_card,0.015,activate_my_card,0.0058,False,,"If my card is about to expire, do I need to order a new one?"
2958,card_about_to_expire,card_about_to_expire,True,0.7883,card_arrival,0.0128,activate_my_card,0.0079,False,,My card is about to expire. How do I get a new one?
2959,card_about_to_expire,card_about_to_expire,True,0.1749,card_arrival,0.0646,order_physical_card,0.0411,False,,I need to know the cost and when I will receive a new card to replace an old one.
2960,apple_pay_or_google_pay,apple_pay_or_google_pay,True,0.5629,country_support,0.0161,automatic_top_up,0.0133,False,,Is the top up feature available on the Apple Watch?
2961,apple_pay_or_google_pay,apple_pay_or_google_pay,True,0.8097,top_up_limits,0.0124,supported_cards_and_currencies,0.0082,False,,Can I use the system Google Pay for top-ups?
2962,apple_pay_or_google_pay,apple_pay_or_google_pay,True,0.7914,top_up_failed,0.0133,card_not_working,0.0126,False,,My top-up for Google Pay isn't working
2963,apple_pay_or_google_pay,apple_pay_or_google_pay,True,0.7553,supported_cards_and_currencies,0.0292,top_up_by_card_charge,0.0146,True,apple|pay|apple pay|money|add,Can I add money with Apple Pay?
2964,apple_pay_or_google_pay,apple_pay_or_google_pay,True,0.8209,supported_cards_and_currencies,0.0049,top_up_by_cash_or_cheque,0.0047,False,,Can I use my Apple Watch to to top up?
2965,apple_pay_or_google_pay,apple_pay_or_google_pay,True,0.8459,automatic_top_up,0.0082,pending_top_up,0.0045,False,,Does Apple Pay give the option to top up?
2966,apple_pay_or_google_pay,apple_pay_or_google_pay,True,0.7914,top_up_failed,0.0133,card_not_working,0.0126,True,google|pay|google pay|working|pay isn,Top up on my Google Pay isn't working.
2967,apple_pay_or_google_pay,apple_pay_or_google_pay,True,0.9305,getting_spare_card,0.0022,card_payment_fee_charged,0.0021,False,,Is it possible to top up with Apple Pay?
2968,apple_pay_or_google_pay,apple_pay_or_google_pay,True,0.816,supported_cards_and_currencies,0.0058,card_acceptance,0.0058,False,,do i have to setup apple pay to use it
2969,apple_pay_or_google_pay,apple_pay_or_google_pay,True,0.9101,card_acceptance,0.003,supported_cards_and_currencies,0.003,False,,Can I use Apple Pay to top up?
2970,apple_pay_or_google_pay,apple_pay_or_google_pay,True,0.9663,card_payment_fee_charged,0.0013,exchange_charge,0.0009,False,,How can I top up my Google Pay?
2971,apple_pay_or_google_pay,apple_pay_or_google_pay,True,0.3213,unable_to_verify_identity,0.0283,cash_withdrawal_not_recognised,0.0233,False,,Does Google Play have an app to Top up?
2972,apple_pay_or_google_pay,apple_pay_or_google_pay,True,0.4639,supported_cards_and_currencies,0.04,top_up_failed,0.0367,False,,"I received my American Express card, but I am having problems making it work with Apple pay.  Can you help me with this problem?"
2973,apple_pay_or_google_pay,apple_pay_or_google_pay,True,0.7904,card_payment_fee_charged,0.0063,pending_top_up,0.0047,False,,is apple pay eligible for top up
2974,apple_pay_or_google_pay,apple_pay_or_google_pay,True,0.7558,supported_cards_and_currencies,0.0814,top_up_by_cash_or_cheque,0.0045,False,,Why can't I use my American Express with Apple Pay to top up my account?
2975,apple_pay_or_google_pay,apple_pay_or_google_pay,True,0.603,supported_cards_and_currencies,0.0356,top_up_by_card_charge,0.0225,False,,how do i add money with my apple watch
2976,apple_pay_or_google_pay,apple_pay_or_google_pay,True,0.7458,supported_cards_and_currencies,0.0128,top_up_by_cash_or_cheque,0.0101,False,,"If I want to top up, can I use Apple Pay?"
2977,apple_pay_or_google_pay,apple_pay_or_google_pay,True,0.9644,card_payment_fee_charged,0.0014,exchange_charge,0.001,False,,can i top up with apple pay
2978,apple_pay_or_google_pay,apple_pay_or_google_pay,True,0.3988,supported_cards_and_currencies,0.0909,top_up_failed,0.03,False,,"My American express is experiencing a problem with apple play with top up, can you fix it?"
2979,apple_pay_or_google_pay,apple_pay_or_google_pay,True,0.9536,top_up_failed,0.0027,card_not_working,0.002,False,,My top up is not working in Apple Pay.
2980,apple_pay_or_google_pay,apple_pay_or_google_pay,True,0.6613,automatic_top_up,0.0141,getting_spare_card,0.008,False,,Is Apple Pay a possible top up option?
2981,apple_pay_or_google_pay,apple_pay_or_google_pay,True,0.7538,card_payment_not_recognised,0.0127,card_payment_fee_charged,0.0115,False,,I don't know how to top up my Google pay.
2982,apple_pay_or_google_pay,apple_pay_or_google_pay,True,0.8803,pending_top_up,0.003,top_up_failed,0.0029,False,,Can I top up from my Apple Watch?
2983,apple_pay_or_google_pay,apple_pay_or_google_pay,True,0.8337,supported_cards_and_currencies,0.0879,card_payment_fee_charged,0.0021,False,,Can I use my American Express stored in Apple Pay to top up?
2984,apple_pay_or_google_pay,apple_pay_or_google_pay,True,0.9644,card_payment_fee_charged,0.0014,exchange_charge,0.001,False,,is apple pay costly?
2985,apple_pay_or_google_pay,apple_pay_or_google_pay,True,0.9663,card_payment_fee_charged,0.0013,exchange_charge,0.0009,True,google|pay|google pay,How can I top up with Google Pay?
2986,apple_pay_or_google_pay,apple_pay_or_google_pay,True,0.826,supported_cards_and_currencies,0.0348,top_up_by_cash_or_cheque,0.0043,False,,I can't top up my account using my American Express with Apple Pay.
2987,apple_pay_or_google_pay,apple_pay_or_google_pay,True,0.8719,supported_cards_and_currencies,0.0147,top_up_failed,0.0044,False,,"I got my American Express in Apple Pay, why is top up not working?"
2988,apple_pay_or_google_pay,apple_pay_or_google_pay,True,0.476,supported_cards_and_currencies,0.0603,top_up_failed,0.021,False,,I got my American Express in Apple Bay but top up is not working
2989,apple_pay_or_google_pay,apple_pay_or_google_pay,True,0.8209,supported_cards_and_currencies,0.0049,top_up_by_cash_or_cheque,0.0047,False,,How do I top up? Can I use my apple watch?
2990,apple_pay_or_google_pay,apple_pay_or_google_pay,True,0.4466,transfer_into_account,0.0243,top_up_by_cash_or_cheque,0.0187,False,,Is it possible to use Apple Pay to put money in my account?
2991,apple_pay_or_google_pay,apple_pay_or_google_pay,True,0.8711,supported_cards_and_currencies,0.0248,top_up_failed,0.0046,False,,"My American Express is in my Apple Pay and the top up is failing, why?"
2992,apple_pay_or_google_pay,apple_pay_or_google_pay,True,0.5609,top_up_by_cash_or_cheque,0.0145,transfer_into_account,0.0144,False,,How can I top-ff my account using my Apple Watch?
2993,apple_pay_or_google_pay,apple_pay_or_google_pay,True,0.8597,card_payment_fee_charged,0.0081,compromised_card,0.0061,False,,can google pay be used to make a top-up
2994,apple_pay_or_google_pay,apple_pay_or_google_pay,True,0.7036,top_up_failed,0.0166,card_not_working,0.0109,False,,How do I get the Top Up feature on my apple watch working?
2995,apple_pay_or_google_pay,apple_pay_or_google_pay,True,0.9663,card_payment_fee_charged,0.0013,exchange_charge,0.0009,False,,How do I troubleshoot Google pay top up?
2996,apple_pay_or_google_pay,apple_pay_or_google_pay,True,0.9644,card_payment_fee_charged,0.0014,exchange_charge,0.001,False,,How do I top up with Apple Pay?
2997,apple_pay_or_google_pay,supported_cards_and_currencies,False,0.1985,apple_pay_or_google_pay,0.1228,card_not_working,0.0505,False,,Why isn't my top up working using my saved American Express in ApplePay?
2998,apple_pay_or_google_pay,apple_pay_or_google_pay,True,0.6715,lost_or_stolen_phone,0.0328,exchange_via_app,0.0143,False,,How do I use the top up app with my apple watch?
2999,apple_pay_or_google_pay,apple_pay_or_google_pay,True,0.9305,request_refund,0.0034,card_payment_fee_charged,0.0022,False,,"Google pay and top up, I want it, can I get it?"
3000,verify_my_identity,why_verify_identity,False,0.1493,verify_top_up,0.0755,unable_to_verify_identity,0.0644,False,,What can I use to verify my identify?
3001,verify_my_identity,verify_my_identity,True,0.4435,why_verify_identity,0.4302,unable_to_verify_identity,0.0351,False,,What do you need to verify my identity?
3002,verify_my_identity,verify_my_identity,True,0.4435,why_verify_identity,0.4302,unable_to_verify_identity,0.0351,False,,"I need to verify my identity, but how do I do that?"
3003,verify_my_identity,verify_top_up,False,0.7928,unable_to_verify_identity,0.0535,why_verify_identity,0.0185,False,,How can I verify my indentity?
3004,verify_my_identity,unable_to_verify_identity,False,0.4355,verify_my_identity,0.2399,why_verify_identity,0.0794,False,,What is needed to prove my identity?
3005,verify_my_identity,verify_my_identity,True,0.4627,why_verify_identity,0.3841,unable_to_verify_identity,0.0121,False,,What do you need for my identity check?
3006,verify_my_identity,verify_my_identity,True,0.6114,why_verify_identity,0.249,unable_to_verify_identity,0.0909,False,,How do you verify an identity?
3007,verify_my_identity,verify_my_identity,True,0.4804,why_verify_identity,0.2085,unable_to_verify_identity,0.0472,False,,Is there a specific type you need for identity verification?
3008,verify_my_identity,why_verify_identity,False,0.3125,verify_my_identity,0.3049,unable_to_verify_identity,0.0507,False,,I got a message that I need to verify my identity; what do I do?
3009,verify_my_identity,verify_my_identity,True,0.6125,why_verify_identity,0.1005,unable_to_verify_identity,0.0153,False,,Are there any documents needed for the identity check?
3010,verify_my_identity,verify_my_identity,True,0.5546,why_verify_identity,0.2185,unable_to_verify_identity,0.0353,False,,What are the steps I need to take to verify my identity?
3011,verify_my_identity,verify_my_identity,True,0.4435,why_verify_identity,0.4302,unable_to_verify_identity,0.0351,False,,What do I need to verify my identity
3012,verify_my_identity,verify_my_identity,True,0.4435,why_verify_identity,0.4302,unable_to_verify_identity,0.0351,False,,I need to verify my identity
3013,verify_my_identity,why_verify_identity,False,0.3412,verify_my_identity,0.3021,unable_to_verify_identity,0.1472,False,,I need some help with identity verification.
3014,verify_my_identity,unable_to_verify_identity,False,0.1323,verify_my_identity,0.1269,why_verify_identity,0.0801,False,,What's the process for ID verification?
3015,verify_my_identity,verify_my_identity,True,0.298,why_verify_identity,0.1942,unable_to_verify_identity,0.0939,False,,I would like to know how I can verify my Identity.
3016,verify_my_identity,verify_my_identity,True,0.7339,why_verify_identity,0.0774,top_up_by_cash_or_cheque,0.0088,False,,What kind of documents do I need for the identity check?
3017,verify_my_identity,verify_my_identity,True,0.5225,unable_to_verify_identity,0.0283,why_verify_identity,0.0272,False,,Let me know the steps for the identity checks
3018,verify_my_identity,verify_my_identity,True,0.6114,why_verify_identity,0.249,unable_to_verify_identity,0.0909,False,,What should I do to verify my identity?
3019,verify_my_identity,verify_my_identity,True,0.6217,why_verify_identity,0.1082,unable_to_verify_identity,0.0636,False,,What are the steps to verify my identity?
3020,verify_my_identity,unable_to_verify_identity,False,0.3239,why_verify_identity,0.2029,verify_my_identity,0.0428,False,,How does my identity get verified?
3021,verify_my_identity,why_verify_identity,False,0.391,verify_my_identity,0.3896,unable_to_verify_identity,0.0457,False,,What things do I need to verify my identity?
3022,verify_my_identity,verify_my_identity,True,0.6217,why_verify_identity,0.1082,unable_to_verify_identity,0.0636,False,,What steps do I take to verify my identity?
3023,verify_my_identity,verify_my_identity,True,0.5541,why_verify_identity,0.2223,unable_to_verify_identity,0.0997,False,,Can I verify my identity online?
3024,verify_my_identity,edit_personal_details,False,0.1554,verify_my_identity,0.0317,why_verify_identity,0.0232,False,,do the details of my profile have to match my documents
3025,verify_my_identity,verify_my_identity,True,0.6114,why_verify_identity,0.249,unable_to_verify_identity,0.0909,False,,Where do I verify my identity?
3026,verify_my_identity,verify_my_identity,True,0.0857,unable_to_verify_identity,0.0487,declined_transfer,0.034,False,,"When getting my ID checked, what are the steps involved?"
3027,verify_my_identity,verify_my_identity,True,0.4627,why_verify_identity,0.3841,unable_to_verify_identity,0.0121,False,,do I need anything for the identity check?
3028,verify_my_identity,verify_my_identity,True,0.5433,why_verify_identity,0.1589,unable_to_verify_identity,0.0153,False,,which kind of documentation do I need for identity check?
3029,verify_my_identity,why_verify_identity,False,0.2417,verify_my_identity,0.1502,unable_to_verify_identity,0.1443,False,,How do I go forth on verifying my identity?
3030,verify_my_identity,verify_my_identity,True,0.6114,why_verify_identity,0.249,unable_to_verify_identity,0.0909,False,,What can I do to verify my identity?
3031,verify_my_identity,verify_my_identity,True,0.4435,why_verify_identity,0.4302,unable_to_verify_identity,0.0351,False,,What do you need so I can verify my identity?
3032,verify_my_identity,why_verify_identity,False,0.1315,cancel_transfer,0.0838,verify_my_identity,0.0526,False,,What do I need to show who I am?
3033,verify_my_identity,verify_my_identity,True,0.4032,why_verify_identity,0.1685,unable_to_verify_identity,0.0228,False,,Do I need any kind of documentation for the identity check?
3034,verify_my_identity,verify_my_identity,True,0.5995,why_verify_identity,0.2633,unable_to_verify_identity,0.0387,False,,What will I need for identity verification?
3035,verify_my_identity,verify_top_up,False,0.4488,unable_to_verify_identity,0.0742,verify_source_of_funds,0.0297,False,,Is there any way to verify who I am?
3036,verify_my_identity,verify_my_identity,True,0.4719,why_verify_identity,0.1149,unable_to_verify_identity,0.0217,False,,Is there any documentation needed for the identity check?
3037,verify_my_identity,why_verify_identity,False,0.7454,verify_my_identity,0.1013,unable_to_verify_identity,0.0135,False,,What all am I required to show for the identity check?
3038,verify_my_identity,why_verify_identity,False,0.582,verify_my_identity,0.2703,unable_to_verify_identity,0.0224,False,,What do I do for the identity check?
3039,verify_my_identity,verify_my_identity,True,0.4435,why_verify_identity,0.4302,unable_to_verify_identity,0.0351,False,,What do I need to do to verify my identity?
3040,country_support,country_support,True,0.3845,getting_spare_card,0.0306,topping_up_by_card,0.0292,False,,I live in the US but want to get a card
3041,country_support,country_support,True,0.234,transfer_timing,0.0718,order_physical_card,0.0478,False,,Are your cards available in Europe?
3042,country_support,country_support,True,0.1896,lost_or_stolen_phone,0.1434,exchange_via_app,0.0464,False,,Can I use your app if I am from the EU?
3043,country_support,country_support,True,0.8539,supported_cards_and_currencies,0.0071,fiat_currency_support,0.0067,False,,What countries are supported?
3044,country_support,country_support,True,0.6327,order_physical_card,0.0225,card_arrival,0.0168,False,,i live in the US can i still get a card?
3045,country_support,country_support,True,0.4011,balance_not_updated_after_bank_transfer,0.0226,card_arrival,0.016,False,,Can I get a card outside the UK?
3046,country_support,country_support,True,0.5432,balance_not_updated_after_bank_transfer,0.0262,card_arrival,0.0155,False,,"I'm not in the UK, can I still get a card?"
3047,country_support,country_support,True,0.3324,getting_spare_card,0.0571,topping_up_by_card,0.0374,False,,"I'm not in the UK, is it possible for me to still get a card?"
3048,country_support,country_support,True,0.6327,order_physical_card,0.0225,card_arrival,0.0168,False,,Now that I live in the US how can I get a card?
3049,country_support,country_support,True,0.6133,getting_spare_card,0.0695,supported_cards_and_currencies,0.0276,False,,Can I get one of your cards in the EU
3050,country_support,country_support,True,0.1336,balance_not_updated_after_bank_transfer,0.037,card_arrival,0.025,False,,Can I get a card despite the fact I'm not in the UK?
3051,country_support,country_support,True,0.5265,supported_cards_and_currencies,0.0262,fiat_currency_support,0.017,False,,Where do I need to live to get support?
3052,country_support,country_support,True,0.7057,supported_cards_and_currencies,0.0248,pending_transfer,0.0134,False,,Do you support the EU?
3053,country_support,country_support,True,0.0666,supported_cards_and_currencies,0.0502,card_arrival,0.0379,False,,how do i get a card if i am in the usa
3054,country_support,card_arrival,False,0.0848,country_support,0.0845,activate_my_card,0.0531,False,,"Please help me get a new card, I reside in the United States."
3055,country_support,country_support,True,0.4043,getting_spare_card,0.0363,topping_up_by_card,0.026,False,,Is it possible to get a card if I'm not in the UK?
3056,country_support,country_support,True,0.1494,fiat_currency_support,0.0661,supported_cards_and_currencies,0.0387,False,,Is my country supported
3057,country_support,country_support,True,0.5505,request_refund,0.0282,supported_cards_and_currencies,0.013,False,,From what countries can I use this product?
3058,country_support,atm_support,False,0.0746,country_support,0.0386,top_up_by_cash_or_cheque,0.0251,False,,Where can I find your locations?
3059,country_support,country_support,True,0.8505,balance_not_updated_after_bank_transfer,0.0054,card_delivery_estimate,0.0044,False,,Can I get a card even if I live outside the UK?
3060,country_support,country_support,True,0.3417,pending_transfer,0.0274,pending_top_up,0.0165,False,,"I am from the EU, can I sign up?"
3061,country_support,country_support,True,0.0787,card_acceptance,0.0545,card_not_working,0.0536,False,,"I would like to receive and use the card in Europe, is that possible?"
3062,country_support,country_support,True,0.7473,supported_cards_and_currencies,0.0133,fiat_currency_support,0.008,False,,What countries do you support?
3063,country_support,country_support,True,0.585,pending_top_up,0.0101,topping_up_by_card,0.0101,False,,What countries are you currently in?
3064,country_support,atm_support,False,0.0746,country_support,0.0386,top_up_by_cash_or_cheque,0.0251,False,,What locations are you in?
3065,country_support,country_support,True,0.5296,top_up_failed,0.0157,top_up_reverted,0.0129,False,,Can you tell me what countries you operate in?
3066,country_support,card_delivery_estimate,False,0.1744,getting_spare_card,0.1148,order_physical_card,0.0845,False,,"I need a card, but I'm in the US at the moment."
3067,country_support,country_support,True,0.8954,supported_cards_and_currencies,0.0065,card_arrival,0.0039,False,,What countries will my card be supported in?
3068,country_support,country_support,True,0.5236,pending_top_up,0.012,top_up_failed,0.0115,False,,Do you have a list of countries you operate in?
3069,country_support,country_support,True,0.6465,pending_top_up,0.0088,top_up_failed,0.0082,False,,In what countries do you do business?
3070,country_support,country_support,True,0.6348,balance_not_updated_after_bank_transfer,0.0132,card_payment_not_recognised,0.0111,False,,I don't live in the UK.  Can I still get a card?
3071,country_support,supported_cards_and_currencies,False,0.1662,country_support,0.1625,fiat_currency_support,0.0545,True,support,Where do you support?
3072,country_support,country_support,True,0.3281,card_linking,0.0226,card_not_working,0.0206,False,,Am I able to get a card in EU?
3073,country_support,country_support,True,0.4302,pending_top_up,0.0139,top_up_failed,0.0129,False,,What countries do you currently do business in?
3074,country_support,country_support,True,0.5432,balance_not_updated_after_bank_transfer,0.0262,card_arrival,0.0155,False,,"I'm not in the UK, can I get a card?"
3075,country_support,country_support,True,0.5432,balance_not_updated_after_bank_transfer,0.0262,card_arrival,0.0155,False,,"If i'm not in the UK, can I still get a card?"
3076,country_support,country_support,True,0.7473,supported_cards_and_currencies,0.0133,fiat_currency_support,0.008,False,,How many countries do you support?
3077,country_support,country_support,True,0.6465,pending_top_up,0.0088,top_up_failed,0.0082,False,,What countries do you do business in?
3078,country_support,country_support,True,0.6548,pending_top_up,0.0088,top_up_failed,0.0084,False,,What are the countries you operate in.
3079,country_support,country_support,True,0.0664,card_arrival,0.0526,compromised_card,0.042,False,,Can the card be mailed and used in Europe?
