driver_field,outcome_field,reference_category,category,n_rows,n_outcome_positive,n_outcome_negative,odds_ratio_vs_reference,log_odds_ratio,ci_95_low,ci_95_high,std_error_log_odds,z_statistic,p_value,continuity_correction_applied
Issue,outcome_1_intervention_required,Incorrect information on your report,Fees or interest,2555,925,1630,740.6135624770594,6.607478981135301,636.5231919280758,861.725787655103,0.07727455466892216,85.5065294060201,0.0,False
Issue,outcome_1_intervention_required,Incorrect information on your report,Problem with a purchase shown on your statement,7090,2039,5051,526.8383606868066,6.266893785530087,458.87785308502873,604.8639227740871,0.07046414600390734,88.93734105828202,0.0,False
Issue,outcome_1_intervention_required,Incorrect information on your report,"Loan modification,collection,foreclosure",1,0,1,434.1002132196162,6.073275413481691,17.63787726026764,10683.995150698578,1.6342993402365364,3.7161340422512135,0.00020229429065454774,True
Issue,outcome_1_intervention_required,Incorrect information on your report,Disclosure verification of debt,1,0,1,434.1002132196162,6.073275413481691,17.63787726026764,10683.995150698578,1.6342993402365364,3.7161340422512135,0.00020229429065454774,True
Issue,outcome_1_intervention_required,Incorrect information on your report,Cont'd attempts collect debt not owed,1,0,1,434.1002132196162,6.073275413481691,17.63787726026764,10683.995150698578,1.6342993402365364,3.7161340422512135,0.00020229429065454774,True
Issue,outcome_1_intervention_required,Incorrect information on your report,Property was damaged or destroyed property,1,0,1,434.1002132196162,6.073275413481691,17.63787726026764,10683.995150698578,1.6342993402365364,3.7161340422512135,0.00020229429065454774,True
Issue,outcome_1_intervention_required,Incorrect information on your report,Problem caused by your funds being low,1325,273,1052,338.67601394169833,5.825043939310989,281.5297571706075,407.4220912637958,0.09428866735134614,61.77883411593075,0.0,False
Issue,outcome_1_intervention_required,Incorrect information on your report,Issues with repayment,10,2,8,326.27029914529913,5.787726176303793,68.91801511723337,1544.6223737477292,0.7932696759524366,7.296038600435317,2.964295475749168e-13,False
Issue,outcome_1_intervention_required,Incorrect information on your report,Incorrect exchange rate,10,2,8,326.27029914529913,5.787726176303793,68.91801511723337,1544.6223737477292,0.7932696759524366,7.296038600435317,2.964295475749168e-13,False
Issue,outcome_1_intervention_required,Incorrect information on your report,Problem with a purchase or transfer,810,152,658,301.47772322240405,5.708696126944643,242.4160916088948,374.92897850197625,0.11124514817739535,51.31636049278625,0.0,False
Issue,outcome_1_intervention_required,Incorrect information on your report,Problem with a lender or other company charging your account,3284,597,2687,289.96407679902285,5.669757042200795,248.11467365621962,338.87220209477476,0.07952347404683274,71.29664680974295,0.0,False
Issue,outcome_1_intervention_required,Incorrect information on your report,"Other features, terms, or problems",2999,504,2495,263.63163249576075,5.574552797309433,224.65794532046135,309.3664795751595,0.0816192830954623,68.29945799437382,0.0,False
Issue,outcome_1_intervention_required,Incorrect information on your report,Wrong amount charged or received,84,14,70,261.0162393162393,5.564582624989583,144.98232160384123,469.9157554736467,0.2999851071302866,18.549529602390656,0.0,False
Issue,outcome_1_intervention_required,Incorrect information on your report,Property was sold,2,0,2,260.4601279317697,5.562449789715701,12.470082475788542,5440.178793841057,1.5505701102597431,3.587357806596639,0.00033404579155105196,True
Issue,outcome_1_intervention_required,Incorrect information on your report,Problem when making payments,2603,415,2188,247.53596735886498,5.511555894112511,209.74630298825804,292.1341366370558,0.08451896669461567,65.2108764418156,0.0,False
Issue,outcome_1_intervention_required,Incorrect information on your report,"Overdraft, savings, or rewards features",13,2,11,237.2874902874903,5.469272445185259,52.30887000266192,1076.4016321528352,0.7714829030476144,7.089298315723927,1.348032796499865e-12,False
Issue,outcome_1_intervention_required,Incorrect information on your report,Managing an account,15288,2277,13011,228.3967323507328,5.431084170983948,199.41600342426426,261.589172647841,0.06923013203147797,78.4497156312588,0.0,False
Issue,outcome_1_intervention_required,Incorrect information on your report,Trouble using the card,704,104,600,226.21407407407406,5.42148178134891,177.15075691156574,288.86586883022056,0.1247350394545779,43.46398417842435,0.0,False
Issue,outcome_1_intervention_required,Incorrect information on your report,Unexpected or other fees,620,90,530,221.61756168359943,5.400953201207781,171.2876242892838,286.73608995613057,0.13143318587641828,41.092766375503494,0.0,False
Issue,outcome_1_intervention_required,Incorrect information on your report,"Advertising and marketing, including promotional offers",1205,171,1034,215.83064276149383,5.37449403885797,175.57583337143316,265.31479566605765,0.1053178521925541,51.03117778201275,0.0,False
Issue,outcome_1_intervention_required,Incorrect information on your report,Unexpected fees,3,0,3,186.04294852269265,5.225977553094488,9.582811590922436,3611.8813739178977,1.5132686319834947,3.4534367809135214,0.0005534920196452742,True
Issue,outcome_1_intervention_required,Incorrect information on your report,Problems receiving the advance,3,0,3,186.04294852269265,5.225977553094488,9.582811590922436,3611.8813739178977,1.5132686319834947,3.4534367809135214,0.0005534920196452742,True
Issue,outcome_1_intervention_required,Incorrect information on your report,Issue where my lender is my school,3,0,3,186.04294852269265,5.225977553094488,9.582811590922436,3611.8813739178977,1.5132686319834947,3.4534367809135214,0.0005534920196452742,True
Issue,outcome_1_intervention_required,Incorrect information on your report,Problem getting a card or closing an account,385,46,339,177.09066384287624,5.176661826532329,126.85985141154822,247.2106255159602,0.1701933069419625,30.416365481972914,0.0,False
Issue,outcome_1_intervention_required,Incorrect information on your report,Unauthorized transactions or other transaction problem,992,113,879,167.7749433602676,5.122623458450848,132.75918123691307,212.02625202477878,0.11943195860223733,42.89156368532405,0.0,False
Issue,outcome_1_intervention_required,Incorrect information on your report,Lost or stolen check,71,8,63,165.72459639126305,5.1103273527119875,78.53906744168955,349.69401526747004,0.3809852945438967,13.413450403197075,0.0,False
Issue,outcome_1_intervention_required,Incorrect information on your report,Closing an account,3598,388,3210,157.74813217243124,5.060999660922896,133.63144947754722,186.21719139604122,0.08465001389877894,59.7873458942917,0.0,False
Issue,outcome_1_intervention_required,Incorrect information on your report,Money was not available when promised,611,63,548,150.03670690623247,5.010879976867201,112.2055869002496,200.62292833314018,0.14823836270327553,33.80285565415571,0.0,False
Issue,outcome_1_intervention_required,Incorrect information on your report,Problem with overdraft,10,1,9,145.00902184235517,4.976795960087465,18.29819117067188,1149.163664295925,1.056119259315346,4.712342773972127,2.4488500796060464e-06,False
Issue,outcome_1_intervention_required,Incorrect information on your report,Other transaction problem,1203,115,1088,137.94516324157868,4.926856238371046,109.49138902876541,173.79328393346586,0.11786241388439186,41.80175915286844,0.0,False
Issue,outcome_1_intervention_required,Incorrect information on your report,Advertising,21,2,19,137.3769680611786,4.922728738817189,31.81867558349681,593.1243525255504,0.7462629280173658,6.596507147816721,4.2095660290897285e-11,False
Issue,outcome_1_intervention_required,Incorrect information on your report,Closing your account,1719,163,1556,136.7148040120405,4.9178970334921095,111.25474975318454,168.00125547462878,0.10514000966657791,46.774743973182446,0.0,False
Issue,outcome_1_intervention_required,Incorrect information on your report,Money was taken from your bank account on the wrong day or for the wrong amount,45,4,41,127.32499478840943,4.846742831839267,45.244448231396156,358.31256500148544,0.5278892144078366,9.18136362622247,0.0,False
Issue,outcome_1_intervention_required,Incorrect information on your report,Opening an account,2788,243,2545,124.61089617651504,4.825196051779609,103.69866379253068,149.74036191035916,0.09372797038013957,51.48085499141504,0.0,False
Issue,outcome_1_intervention_required,Incorrect information on your report,Lost or stolen money order,46,4,42,124.29344729344729,4.822645280260207,44.214865680678464,349.4042286967751,0.5273388878085966,9.145248703923839,0.0,False
Issue,outcome_1_intervention_required,Incorrect information on your report,Issue with income share agreement,5,0,5,118.39096724171351,4.773992429351431,6.527672873577575,2147.230934497888,1.478541798073052,3.228851856317664,0.0012428826045367547,True
Issue,outcome_1_intervention_required,Incorrect information on your report,Struggling to pay your bill,393,32,361,115.6858678409925,4.750878481890529,78.83165544293755,169.7696178384969,0.19569584024239475,24.276849605009225,0.0,False
Issue,outcome_1_intervention_required,Incorrect information on your report,Didn't provide services promised,64,5,59,110.60010140518615,4.705921005952065,43.99348940746084,278.0498340912001,0.4703466076502059,10.00521940503041,0.0,False
Issue,outcome_1_intervention_required,Incorrect information on your report,Excessive fees,42,3,39,100.39086127547667,4.6090711799621475,30.807954618176957,327.13385723068126,0.6027031920937891,7.647331622635427,2.042810365310288e-14,False
Issue,outcome_1_intervention_required,Incorrect information on your report,Credit reporting company's investigation,6,0,6,100.17697228144989,4.606938344688264,5.627112294866207,1783.4059904285216,1.4690520142857657,3.1359940287261363,0.0017127269088399455,True
Issue,outcome_1_intervention_required,Incorrect information on your report,Charged fees or interest you didn't expect,1026,71,955,97.02697901284289,4.574989073984269,73.84243186406384,127.49085341188743,0.13931405617088863,32.83939323661921,0.0,False
Issue,outcome_1_intervention_required,Incorrect information on your report,Other service problem,178,12,166,94.34321902996602,4.546939398855141,51.789381419575676,171.86231487931641,0.30599707270586646,14.859421231214833,0.0,False
Issue,outcome_1_intervention_required,Incorrect information on your report,Fraud or scam,3451,214,3237,86.27969603595183,4.457594298519291,71.45014145467918,104.18714080192676,0.09622163998663137,46.32631806253365,0.0,False
Issue,outcome_1_intervention_required,Incorrect information on your report,Problem with the payoff process at the end of the loan,371,23,348,86.25536644071127,4.45731227357836,55.49520282001765,134.0654301949449,0.22500800624342202,19.809571881439073,0.0,False
Issue,outcome_1_intervention_required,Incorrect information on your report,Closing on a mortgage,856,49,807,79.24284836738369,4.372517167264362,57.797082681683065,108.64612409522573,0.1610096252525802,27.156868171111352,0.0,False
Issue,outcome_1_intervention_required,Incorrect information on your report,Problem with customer service,350,20,330,79.0958300958301,4.3706601565171495,49.47451871583572,126.45196963878635,0.23938897597004513,18.257566534993877,0.0,False
Issue,outcome_1_intervention_required,Incorrect information on your report,Confusing or misleading advertising or marketing,196,11,185,77.5994224994225,4.35155998514373,41.67593583174332,144.48794615086624,0.3171612761674731,13.72033823841074,0.0,False
Issue,outcome_1_intervention_required,Incorrect information on your report,Trouble accessing funds in your mobile or digital wallet,170,9,161,72.95484949832776,4.289840749775441,36.832035964751654,144.50491062772684,0.34871058203188865,12.30200908954104,0.0,False
Issue,outcome_1_intervention_required,Incorrect information on your report,"Was approved for a loan, but didn't receive money",9,0,9,68.54213892941308,4.22744872298336,3.9776882992177356,1181.0942576729533,1.4524223988653056,2.910619339309297,0.003607131850035694,True
Issue,outcome_1_intervention_required,Incorrect information on your report,Problem with additional add-on products or services,229,11,218,65.852720928409,4.187420747432966,35.45690893601923,122.30566577306917,0.3158686841997438,13.256840443179211,0.0,False
Issue,outcome_1_intervention_required,Incorrect information on your report,Unauthorized withdrawals or charges,21,1,20,65.25405982905983,4.178288263869693,8.721574955136258,488.22515957016134,1.0267798102736945,4.069312838120517,4.7151999988503945e-05,False
Issue,outcome_1_intervention_required,Incorrect information on your report,Can't stop withdrawals from your bank account,65,3,62,63.149090157154674,4.145498441046702,19.68327631426948,202.5987708553108,0.5947597366811926,6.970038799497287,3.1685765122801968e-12,False
Issue,outcome_1_intervention_required,Incorrect information on your report,Trouble using your card,1094,49,1045,61.19519486361592,4.114068671135399,44.71067385775409,83.75744651735906,0.16013082104964366,25.69192266777898,0.0,False
Issue,outcome_1_intervention_required,Incorrect information on your report,Vehicle was damaged or destroyed the vehicle,11,0,11,56.62176694168907,4.036393486220652,3.326845723017886,963.6829473086203,1.4461065619690834,2.791214418337552,0.005251067348711169,True
Issue,outcome_1_intervention_required,Incorrect information on your report,Problems at the end of the loan or lease,1138,43,1095,51.24976388401046,3.936711010866645,36.8236207548697,71.32754042986059,0.16865893023585976,23.34125447944786,0.0,False
Issue,outcome_1_intervention_required,Incorrect information on your report,Problem with cash advance,29,1,28,46.61004273504273,3.84181602724848,6.315512854870676,343.99361282069555,1.0197995217198181,3.7672267395944012,0.0001650710669718336,False
Issue,outcome_1_intervention_required,Incorrect information on your report,Managing the loan or lease,2302,77,2225,45.16460770191107,3.8103137646770273,34.7943594584681,58.62564566829745,0.13309105895943574,28.629374463376664,0.0,False
Issue,outcome_1_intervention_required,Incorrect information on your report,Incorrect information on credit report,15,0,15,42.009698053511244,3.7379004976646546,2.506231166866885,704.170769990637,1.43832673473838,2.5987839948928912,0.009355462234509782,True
Issue,outcome_1_intervention_required,Incorrect information on your report,Dealing with your lender or servicer,2477,76,2401,41.3103585756647,3.721113281488762,31.792839627385796,53.67704633026882,0.1336082581668862,27.850922783835916,0.0,False
Issue,outcome_1_intervention_required,Incorrect information on your report,Charged upfront or unexpected fees,33,1,32,40.78378739316239,3.7082846346239573,5.54985746110301,299.7045105731587,1.0176083621834502,3.6441176904906794,0.0002683106330125806,False
Issue,outcome_1_intervention_required,Incorrect information on your report,Getting the loan,312,9,303,38.764788017263264,3.657512309250534,19.732551599603333,76.15380010224146,0.3445115671930309,10.616515256804771,0.0,False
Issue,outcome_1_intervention_required,Incorrect information on your report,Confusing or missing disclosures,347,10,337,38.72644500240939,3.656522700065368,20.382138327284476,73.58097165482494,0.32748150762467326,11.165585277126887,0.0,False
Issue,outcome_1_intervention_required,Incorrect information on your report,"Was approved for a loan, but didn't receive the money",37,1,36,36.25225546058879,3.590501598967574,4.949744277450969,265.51392401560446,1.0159008596135066,3.534303140892664,0.0004088518697105137,False
Issue,outcome_1_intervention_required,Incorrect information on your report,Problem adding money,37,1,36,36.25225546058879,3.590501598967574,4.949744277450969,265.51392401560446,1.0159008596135066,3.534303140892664,0.0004088518697105137,False
Issue,outcome_1_intervention_required,Incorrect information on your report,Getting a credit card,3766,101,3665,35.9654026888679,3.5825574399441917,28.4157737429964,45.520850576565294,0.12021073238582893,29.80230940150667,0.0,False
Issue,outcome_1_intervention_required,Incorrect information on your report,"Managing, opening, or closing your mobile wallet account",805,21,784,34.95753205128205,3.5541339547966992,22.24638010851206,54.93159071973381,0.23058910774104893,15.41327771122643,0.0,False
Issue,outcome_1_intervention_required,Incorrect information on your report,Trouble during payment process,5706,148,5558,34.752072165170404,3.5482392008853503,28.238540455603832,42.76802201133405,0.10589360876499229,33.50758598434294,0.0,False
Issue,outcome_1_intervention_required,Incorrect information on your report,Credit limit changed,19,0,19,33.39232409381663,3.5083260560201546,2.0102058415493045,554.6930992535061,1.4337188420722393,2.4470111942934096,0.01440463650609658,True
Issue,outcome_1_intervention_required,Incorrect information on your report,Identity theft protection or other monitoring services,127,3,124,31.574545078577337,3.452351260486757,9.974051652982364,99.95455524044847,0.5879410074557221,5.871934797381443,4.307381562540513e-09,False
Issue,outcome_1_intervention_required,Incorrect information on your report,Loan payment wasn't credited to your account,46,1,45,29.001804368471035,3.367358047653364,3.9811026258074453,211.27429651640125,1.0131628699315358,3.323609804098834,0.0008886043257492204,False
Issue,outcome_1_intervention_required,Incorrect information on your report,Applying for a mortgage or refinancing an existing mortgage,1276,26,1250,27.145688888888888,3.3012182451488195,18.033801015012486,40.861514698920814,0.20865837449578267,15.82116343581284,0.0,False
Issue,outcome_1_intervention_required,Incorrect information on your report,Struggling to pay your loan,1644,33,1611,26.733506820099,3.28591771571319,18.50768944487293,38.615321973552085,0.18761807363103908,17.5138655467443,0.0,False
Issue,outcome_1_intervention_required,Incorrect information on your report,Can't contact lender or servicer,53,1,52,25.097715318869167,3.2227768188422568,3.4551754646464956,182.30487009187118,1.011685498569814,3.185552054861109,0.0014447810928590599,False
Issue,outcome_1_intervention_required,Incorrect information on your report,Received a loan you didn't apply for,109,2,107,24.39404105759246,3.1943388835217235,5.9873957016229085,99.38699040021874,0.7166746634130491,4.457167312583917,8.304978309059408e-06,False
Issue,outcome_1_intervention_required,Incorrect information on your report,Credit monitoring or identity theft protection services,1802,32,1770,23.594688299773047,3.1610216146555357,16.259285597282418,34.239469663814475,0.18997828964672844,16.63885710590179,0.0,False
Issue,outcome_1_intervention_required,Incorrect information on your report,Repossession,318,5,313,20.847942437399308,3.0372552593176314,8.537717716341895,50.9078325512197,0.4554905783488804,6.668096781117749,2.591415970698563e-11,False
Issue,outcome_1_intervention_required,Incorrect information on your report,Getting a loan,91,1,90,14.500902184235517,2.674210867093419,2.0121188191693573,104.50484442244445,1.0076645721155404,2.653870088415483,0.007957445633835603,False
Issue,outcome_1_intervention_required,Incorrect information on your report,False statements or representation,4145,36,4109,11.434150176909972,2.4366045069963844,8.039450123614966,16.26228016317897,0.17971623404571044,13.558065691364527,0.0,False
Issue,outcome_1_intervention_required,Incorrect information on your report,Getting a line of credit,260,2,258,10.116908500629432,2.314208133062012,2.5018373395135707,40.91066832906417,0.7128483343446429,3.2464242694620014,0.0011686453544361708,False
Issue,outcome_1_intervention_required,Incorrect information on your report,Vehicle was repossessed or sold the vehicle,67,0,67,9.64667140488036,2.2666129237113717,0.5954500628962596,156.28223925462788,1.4209442218629578,1.595145600254233,0.11067968033106723,True
Issue,outcome_1_intervention_required,Incorrect information on your report,Getting a loan or lease,1162,8,1154,9.047356648743131,2.2024726320354753,4.46109884829229,18.348542615434436,0.36075383561675445,6.105195328748394,1.0267504624295043e-09,False
Issue,outcome_1_intervention_required,Incorrect information on your report,Communication tactics,2824,18,2806,8.37186797521794,2.124877034657443,5.175948598704223,13.541126241482777,0.24533388173812198,8.661164204484448,0.0,False
Issue,outcome_1_intervention_required,Incorrect information on your report,Took or threatened to take negative or legal action,4489,26,4463,7.602982547862673,2.028540610815896,5.064645687496422,11.413501988068777,0.20727368809814498,9.786773369205326,0.0,False
Issue,outcome_1_intervention_required,Incorrect information on your report,Problem with a company's investigation into an existing issue,528,3,525,7.457606837606837,2.00923456350017,2.3801978813739715,23.366082366318167,0.5826790488972288,3.448269793298425,0.000564190179052737,False
Issue,outcome_1_intervention_required,Incorrect information on your report,Attempts to collect debt not owed,22132,123,22009,7.2936065781947015,1.9869981532014296,5.860776097803047,9.076732506028712,0.11158985636926864,17.806261409873454,0.0,False
Issue,outcome_1_intervention_required,Incorrect information on your report,Problem with fraud alerts or security freezes,1997,10,1987,6.568098623961734,1.8822243878659128,3.4825937716028834,12.387295895907098,0.3236974668558509,5.814764033059628,6.0719476113746396e-09,False
Issue,outcome_1_intervention_required,Incorrect information on your report,Struggling to pay mortgage,3232,16,3216,6.492941276523366,1.8707156293646083,3.908095565192476,10.787424646383887,0.2590129804842137,7.222478293819042,5.10480546722647e-13,False
Issue,outcome_1_intervention_required,Incorrect information on your report,Threatened to contact someone or share information improperly,790,3,787,4.97489655621803,1.6044045776743905,1.5895018222822894,15.570662076708572,0.5821346580899583,2.7560712205979994,0.005850025745481657,False
Issue,outcome_1_intervention_required,Incorrect information on your report,Written notification about debt,7182,24,7158,4.375796132711472,1.4760884764456585,2.872939002897254,6.6648097212446995,0.21466986113619993,6.876086231355672,6.1519678240529174e-12,False
Issue,outcome_1_intervention_required,Incorrect information on your report,Electronic communications,242,0,242,2.6851559580594815,0.9877388112123177,0.1669720889126142,43.181244039390066,1.4171772571457384,0.6969761942141733,0.4858176920195536,True
Issue,outcome_1_intervention_required,Incorrect information on your report,Struggling to repay your loan,492,1,491,2.6580065103486694,0.9775764096291636,0.372096881160853,18.986986902483064,1.0031517525596434,0.9745050109664647,0.32980585230660364,False
Issue,outcome_1_intervention_required,Incorrect information on your report,Unable to get your credit report or credit score,2480,5,2475,2.636527669861003,0.9694627748549938,1.0862443040139174,6.399369026153832,0.4524166433606574,2.1428539137145703,0.032124830580263275,False
Issue,outcome_1_intervention_required,Incorrect information on your report,Problem with a credit reporting company's investigation into an existing problem,139929,97,139832,0.9053212145172498,-0.0994654650878555,0.7144529902738033,1.1471804479968464,0.12080235335070583,-0.823373571200998,0.41029558753530826,False
Issue,outcome_1_intervention_required,Incorrect information on your report,Improper use of your report,194285,70,194215,0.4703842842246158,-0.7542052923422718,0.36013330037077895,0.6143874354793134,0.13626313516238267,-5.534918093903366,3.113738267224164e-08,False
Issue,outcome_1_intervention_required,Incorrect information on your report,Problem with a company's investigation into an existing problem,42464,12,42452,0.3689101658101941,-0.9972021176700286,0.2065070739865259,0.659031711654511,0.2960298433185811,-3.3685864455120513,0.0007555469996800568,False
Product,outcome_1_intervention_required,"Credit reporting, credit repair services, or other personal consumer reports",Credit card,5011,790,4221,258.5821959903725,5.555213616289273,227.04584698804922,294.4988995404216,0.06635798474006967,83.71582768900467,0.0,False
Product,outcome_1_intervention_required,"Credit reporting, credit repair services, or other personal consumer reports",Credit card or prepaid card,25476,3988,21488,256.4165393289952,5.546803228929415,229.51413191253027,286.4723016991207,0.05655031855289898,98.08615355085502,0.0,False
Product,outcome_1_intervention_required,"Credit reporting, credit repair services, or other personal consumer reports",Checking or savings account,26423,3781,22642,230.71656201313706,5.441189952863582,206.46991346832897,257.81059861453764,0.05665063702415182,96.04816889426758,0.0,False
Product,outcome_1_intervention_required,"Credit reporting, credit repair services, or other personal consumer reports",Prepaid card,347,42,305,190.2551104775481,5.248365858286661,135.4966518825863,267.14318442488377,0.1731729222580577,30.30708144120641,0.0,False
Product,outcome_1_intervention_required,"Credit reporting, credit repair services, or other personal consumer reports","Money transfer, virtual currency, or money service",7750,618,7132,119.71925918700774,4.785149495085364,104.72797277108504,136.8564734048126,0.06825675622658899,70.10514064278577,0.0,False
Product,outcome_1_intervention_required,"Credit reporting, credit repair services, or other personal consumer reports","Payday loan, title loan, or personal loan",3290,147,3143,64.61894064103805,4.168507566591873,53.10635582109643,78.62726457143276,0.10010762765017439,41.64025923337932,0.0,False
Product,outcome_1_intervention_required,"Credit reporting, credit repair services, or other personal consumer reports",Debt or credit management,202,7,195,49.5964176885916,3.903918607102271,23.163442722196017,106.19339607856185,0.3884404673236676,10.050236614120163,0.0,False
Product,outcome_1_intervention_required,"Credit reporting, credit repair services, or other personal consumer reports","Payday loan, title loan, personal loan, or advance loan",973,33,940,48.503487511563364,3.881635702813135,33.74426885360028,69.71815898548884,0.1851148528874592,20.968796626886444,0.0,False
Product,outcome_1_intervention_required,"Credit reporting, credit repair services, or other personal consumer reports",Vehicle loan or lease,6886,159,6727,32.65596913153353,3.48602766080533,27.021156605517735,39.46582803572178,0.09663649166112911,36.0736156795678,0.0,False
Product,outcome_1_intervention_required,"Credit reporting, credit repair services, or other personal consumer reports",Credit reporting,21,0,21,32.08410460067984,3.468360723712549,1.9395829385866294,530.7273783184955,1.4315753846218537,2.4227580056000377,0.015403183593682312,True
Product,outcome_1_intervention_required,"Credit reporting, credit repair services, or other personal consumer reports",Student loan,3492,78,3414,31.5658847202058,3.4520769399459104,24.63197420532525,40.45169379699605,0.12654672271737755,27.279070258149538,0.0,False
Product,outcome_1_intervention_required,"Credit reporting, credit repair services, or other personal consumer reports",Mortgage,11520,246,11274,30.146989996220622,3.406085083901547,25.571127428504173,35.54168694256085,0.08399041006346558,40.55326175128578,0.0,False
Product,outcome_1_intervention_required,"Credit reporting, credit repair services, or other personal consumer reports",Debt collection,41806,230,41576,7.643143480212943,2.033808968845622,6.466673975256159,9.03364580967723,0.08527911288307986,23.84885231667493,0.0,False
Product,outcome_1_intervention_required,"Credit reporting, credit repair services, or other personal consumer reports",Credit reporting or other personal consumer reports,205254,47,205207,0.31644086780382874,-1.15061888643658,0.23330453633557716,0.4292022109351949,0.15550600484248778,-7.3991926395514005,1.3700152123874432e-13,False
Sub-issue,outcome_1_intervention_required,Information belongs to someone else,Problem with a check written from your prepaid card account,4,2,2,2853.2432432432433,7.956211606339516,396.6317203476495,20525.330142474737,1.0067364350749943,7.902973736861761,2.6645352591003757e-15,False
Sub-issue,outcome_1_intervention_required,Information belongs to someone else,Problem with fees,1656,690,966,2038.030888030888,7.619739369718303,1590.4872821524018,2611.5077732322106,0.1265018646392118,60.23420596565983,0.0,False
Sub-issue,outcome_1_intervention_required,Information belongs to someone else,Add-on products and services,88,30,58,1475.8154706430569,7.296965977455252,898.5306826404039,2423.9921301174363,0.25316587912115285,28.82286508271235,0.0,False
Sub-issue,outcome_1_intervention_required,Information belongs to someone else,Charged too much interest,657,201,456,1257.679587482219,7.137023704884205,948.727638168953,1667.2413463385979,0.14382752358904682,49.6220996286953,0.0,False
Sub-issue,outcome_1_intervention_required,Information belongs to someone else,Didn't receive terms that were advertised,639,193,446,1234.6994303720762,7.118582843224337,929.778198110951,1639.6197356083965,0.1447126439677432,49.19116013671264,0.0,False
Sub-issue,outcome_1_intervention_required,Information belongs to someone else,Trouble using the card to send money to another person,10,3,7,1222.8185328185327,7.108913745952313,310.23236782356224,4819.887669022591,0.6997919161422088,10.158610841265661,0.0,False
Sub-issue,outcome_1_intervention_required,Information belongs to someone else,Credit card company isn't resolving a dispute about a purchase on your statement,4886,1418,3468,1166.637519872814,7.061880975531157,921.2851093045938,1477.331055315044,0.12046501135039554,58.62184294317895,0.0,False
Sub-issue,outcome_1_intervention_required,Information belongs to someone else,Trouble using the card to pay a bill,35,10,25,1141.2972972972973,7.039920874465361,529.5170351355441,2459.9010690651153,0.3918140499108066,17.96750493267902,0.0,False
Sub-issue,outcome_1_intervention_required,Information belongs to someone else,Card was charged for something you did not purchase with the card,1965,557,1408,1128.733300061425,7.028851309548813,880.724044063575,1446.5812205935297,0.12658518521802042,55.52665027461838,0.0,False
Sub-issue,outcome_1_intervention_required,Information belongs to someone else,Fee problem,797,218,579,1074.2781123092004,6.97940419155561,815.1574956421857,1415.7674667242482,0.1408279851008449,49.5597816482126,0.0,False
Sub-issue,outcome_1_intervention_required,Information belongs to someone else,Overcharged for something you did purchase with the card,239,64,175,1043.4718146718146,6.950308715775674,723.6973845962262,1504.5424388565186,0.18670172849171413,37.22680433611588,0.0,False
Sub-issue,outcome_1_intervention_required,Information belongs to someone else,Reinserted previously deleted info,1,0,1,944.7002237136466,6.850867653584256,38.17393540853886,23378.740052171484,1.6370993316354974,4.184759911141184,2.854676549213231e-05,True
Sub-issue,outcome_1_intervention_required,Information belongs to someone else,Inadequate help over the phone,1,0,1,944.7002237136466,6.850867653584256,38.17393540853886,23378.740052171484,1.6370993316354974,4.184759911141184,2.854676549213231e-05,True
Sub-issue,outcome_1_intervention_required,Information belongs to someone else,Right to dispute notice not received,1,0,1,944.7002237136466,6.850867653584256,38.17393540853886,23378.740052171484,1.6370993316354974,4.184759911141184,2.854676549213231e-05,True
Sub-issue,outcome_1_intervention_required,Information belongs to someone else,Public record,1,0,1,944.7002237136466,6.850867653584256,38.17393540853886,23378.740052171484,1.6370993316354974,4.184759911141184,2.854676549213231e-05,True
Sub-issue,outcome_1_intervention_required,Information belongs to someone else,Payment issues,1,0,1,944.7002237136466,6.850867653584256,38.17393540853886,23378.740052171484,1.6370993316354974,4.184759911141184,2.854676549213231e-05,True
Sub-issue,outcome_1_intervention_required,Information belongs to someone else,Issues with financial aid services,1,0,1,944.7002237136466,6.850867653584256,38.17393540853886,23378.740052171484,1.6370993316354974,4.184759911141184,2.854676549213231e-05,True
Sub-issue,outcome_1_intervention_required,Information belongs to someone else,Billing or statement issues,1,0,1,944.7002237136466,6.850867653584256,38.17393540853886,23378.740052171484,1.6370993316354974,4.184759911141184,2.854676549213231e-05,True
Sub-issue,outcome_1_intervention_required,Information belongs to someone else,Debt is not mine,1,0,1,944.7002237136466,6.850867653584256,38.17393540853886,23378.740052171484,1.6370993316354974,4.184759911141184,2.854676549213231e-05,True
Sub-issue,outcome_1_intervention_required,Information belongs to someone else,"Was signed up for overdraft on card, but don't want to be",1,0,1,944.7002237136466,6.850867653584256,38.17393540853886,23378.740052171484,1.6370993316354974,4.184759911141184,2.854676549213231e-05,True
Sub-issue,outcome_1_intervention_required,Information belongs to someone else,Qualified for a better loan than the one offered,1,0,1,944.7002237136466,6.850867653584256,38.17393540853886,23378.740052171484,1.6370993316354974,4.184759911141184,2.854676549213231e-05,True
Sub-issue,outcome_1_intervention_required,Information belongs to someone else,Marketing or disclosure issues,1,0,1,944.7002237136466,6.850867653584256,38.17393540853886,23378.740052171484,1.6370993316354974,4.184759911141184,2.854676549213231e-05,True
Sub-issue,outcome_1_intervention_required,Information belongs to someone else,Issues with fees connected to the loan,1,0,1,944.7002237136466,6.850867653584256,38.17393540853886,23378.740052171484,1.6370993316354974,4.184759911141184,2.854676549213231e-05,True
Sub-issue,outcome_1_intervention_required,Information belongs to someone else,Charged for a purchase or transfer you did not make with the card,303,75,228,938.5668563300143,6.844354090921386,663.7733863740056,1327.1212161929845,0.17674147208032998,38.725229626980756,0.0,False
Sub-issue,outcome_1_intervention_required,Information belongs to someone else,You never received your bill or did not know a payment was due,214,48,166,825.0341908173233,6.715424828890864,556.4561111697557,1223.243670712322,0.20093700362646877,33.42054826981735,0.0,False
Sub-issue,outcome_1_intervention_required,Information belongs to someone else,Overdrafts and overdraft fees,746,166,580,816.6178937558248,6.705171291155594,613.6003692982179,1086.8063608972404,0.14583032614680896,45.9792655500573,0.0,False
Sub-issue,outcome_1_intervention_required,Information belongs to someone else,Problem with balance transfer,218,48,170,805.6216216216217,6.691614180197146,543.7391156391943,1193.6352904485946,0.20058398735197638,33.36065988385693,0.0,False
Sub-issue,outcome_1_intervention_required,Information belongs to someone else,Non-sufficient funds and associated fees,355,76,279,777.227550130776,6.655733164804482,552.681112772431,1093.0039958340712,0.17395509143175755,38.2612150643232,0.0,False
Sub-issue,outcome_1_intervention_required,Information belongs to someone else,Problem with rewards from credit card,689,144,545,753.8844532606,6.625239111252273,562.5976564200923,1010.2099828934457,0.1493236636882231,44.36831341806137,0.0,False
Sub-issue,outcome_1_intervention_required,Information belongs to someone else,Late or other fees,104,21,83,721.9049169651579,6.581893436266341,424.816888493724,1226.7560995192657,0.2705281687692429,24.329789634145687,0.0,False
Sub-issue,outcome_1_intervention_required,Information belongs to someone else,Problem with convenience check,10,2,8,713.3108108108108,6.569917245219625,148.96828652348898,3415.5747152220065,0.7990733694145413,8.221919909598814,2.220446049250313e-16,False
Sub-issue,outcome_1_intervention_required,Information belongs to someone else,Banking errors,1577,314,1263,709.3573858894524,6.564359469897278,547.3644737603936,919.2922175950087,0.13226764048956016,49.629368495579996,0.0,False
Sub-issue,outcome_1_intervention_required,Information belongs to someone else,Problem during payment process,1748,338,1410,683.9689476710753,6.527912518450321,528.9877073007084,884.3561294938459,0.1310955737136874,49.79506426896818,0.0,False
Sub-issue,outcome_1_intervention_required,Information belongs to someone else,Problem using a debit or ATM card,3023,564,2459,654.424233098491,6.483755815621382,511.92821345562334,836.5842428875485,0.1252915349522622,51.749352564734586,0.0,False
Sub-issue,outcome_1_intervention_required,Information belongs to someone else,Transaction was not authorized,2672,495,2177,648.7622440998647,6.475066307673659,506.3159029474852,831.2842771070281,0.12648240768557023,51.19341437404,0.0,False
Sub-issue,outcome_1_intervention_required,Information belongs to someone else,Problem using the card to withdraw money from an ATM,60,11,49,640.5239933811363,6.46228658102726,320.4665957651732,1280.2301129617579,0.3533206813673735,18.29014524713866,0.0,False
Sub-issue,outcome_1_intervention_required,Information belongs to someone else,Didn't receive advertised or promotional terms,737,135,602,639.8469067073718,6.461228939469124,476.5928101551212,859.0227449921856,0.15028901051980395,42.99202527930485,0.0,False
Sub-issue,outcome_1_intervention_required,Information belongs to someone else,Money was taken from your account on the wrong day or for the wrong amount,382,64,318,574.2376338602754,6.3530433069190115,403.77352426209524,816.6678603904777,0.17968835186388218,35.35589948385513,0.0,False
Sub-issue,outcome_1_intervention_required,Information belongs to someone else,Dealing with provider of income share agreement,2,0,2,566.820134228188,6.340042029818265,26.98121366175516,11907.732120363065,1.5535210185172021,4.08107901614983,4.482711126163608e-05,True
Sub-issue,outcome_1_intervention_required,Information belongs to someone else,Did not receive car title,2,0,2,566.820134228188,6.340042029818265,26.98121366175516,11907.732120363065,1.5535210185172021,4.08107901614983,4.482711126163608e-05,True
Sub-issue,outcome_1_intervention_required,Information belongs to someone else,Setting up an escrow account for taxes and insurance,2,0,2,566.820134228188,6.340042029818265,26.98121366175516,11907.732120363065,1.5535210185172021,4.08107901614983,4.482711126163608e-05,True
Sub-issue,outcome_1_intervention_required,Information belongs to someone else,Account terms,2,0,2,566.820134228188,6.340042029818265,26.98121366175516,11907.732120363065,1.5535210185172021,4.08107901614983,4.482711126163608e-05,True
Sub-issue,outcome_1_intervention_required,Information belongs to someone else,High pressure sales tactics or recruiting,2,0,2,566.820134228188,6.340042029818265,26.98121366175516,11907.732120363065,1.5535210185172021,4.08107901614983,4.482711126163608e-05,True
Sub-issue,outcome_1_intervention_required,Information belongs to someone else,"Cannot graduate, receive diploma, or get transcript due to money owed",2,0,2,566.820134228188,6.340042029818265,26.98121366175516,11907.732120363065,1.5535210185172021,4.08107901614983,4.482711126163608e-05,True
Sub-issue,outcome_1_intervention_required,Information belongs to someone else,Can't stop withdrawals from your account,230,38,192,564.7043918918919,6.33630239403812,372.5338483440324,856.0055727540166,0.21223188383116606,29.85556307401367,0.0,False
Sub-issue,outcome_1_intervention_required,Information belongs to someone else,Fees charged for closing account,115,19,96,564.7043918918919,6.33630239403812,328.30978367038483,971.3114445049569,0.2767065147797267,22.898999682324643,0.0,False
Sub-issue,outcome_1_intervention_required,Information belongs to someone else,Problem with cash advances,38,6,32,534.9831081081081,6.2822351727678445,217.23656939967455,1317.4896231879106,0.4598205262645141,13.662363496043579,0.0,False
Sub-issue,outcome_1_intervention_required,Information belongs to someone else,Card company isn't resolving a dispute about a purchase or transfer,491,76,415,522.5216541843048,6.258666426395149,374.0528724986478,729.920551786404,0.17054554523225457,36.69791795424437,0.0,False
Sub-issue,outcome_1_intervention_required,Information belongs to someone else,Can't close your account,1120,171,949,514.1249679605844,6.242466364232248,388.5358960576189,680.3090405867501,0.14289836844292683,43.684658070294695,0.0,False
Sub-issue,outcome_1_intervention_required,Information belongs to someone else,"Trouble getting, activating, or registering a card",145,21,124,483.21054925893634,6.1804524784579025,288.5447603049535,809.2069828901157,0.26306237559861706,23.494247189070066,0.0,False
Sub-issue,outcome_1_intervention_required,Information belongs to someone else,Other problem,1405,203,1202,481.8705310968206,6.17767547028615,367.06934079778966,632.5758730894531,0.13883913294637037,44.49520347172156,0.0,False
Sub-issue,outcome_1_intervention_required,Information belongs to someone else,Fees or costs during the application process,21,3,18,475.5405405405405,6.164452137111461,137.15545479900874,1648.7773383054955,0.6343556877623128,9.717658808824654,0.0,False
Sub-issue,outcome_1_intervention_required,Information belongs to someone else,Problem adding money,14,2,12,475.5405405405405,6.164452137111461,104.60916859312584,2161.749383337031,0.7725617017694065,7.979235992404164,1.5543122344752192e-15,False
Sub-issue,outcome_1_intervention_required,Information belongs to someone else,Negative impact of inaccurate appraisal,7,1,6,475.5405405405405,6.164452137111461,56.553118257223,3998.697378083245,1.0863631604459785,5.674393574410976,1.3918081132047178e-08,False
Sub-issue,outcome_1_intervention_required,Information belongs to someone else,Funds not handled or disbursed as instructed,1876,265,1611,469.34168805677183,6.151331049148764,361.0472677028539,610.1185076112376,0.13383783873582344,45.961075785829166,0.0,False
Sub-issue,outcome_1_intervention_required,Information belongs to someone else,Unexpected increase in interest rate,242,34,208,466.39553014553013,6.14503405125436,303.9290934338499,715.7090098946859,0.21848960323338656,28.125063894643755,0.0,False
Sub-issue,outcome_1_intervention_required,Information belongs to someone else,Trouble using the card to spend money in a store or online,415,58,357,463.55212355212353,6.138918835106296,323.71218677144657,663.801302610202,0.18319593190361,33.510126405734475,0.0,False
Sub-issue,outcome_1_intervention_required,Information belongs to someone else,Cashing a check,520,72,448,458.55694980694983,6.128084492940586,327.22554206333564,642.5979918632214,0.17216062689691788,35.595156705660756,0.0,False
Sub-issue,outcome_1_intervention_required,Information belongs to someone else,Funds not received from closed account,1185,161,1024,448.6056271114865,6.106144165724526,338.3593371799611,594.7730313972513,0.1438957689848163,42.43449413977446,0.0,False
Sub-issue,outcome_1_intervention_required,Information belongs to someone else,Problem making or receiving payments,875,117,758,440.4082578620837,6.087702155494901,326.3527984098679,594.3244076293201,0.1529199773353269,39.80972441648765,0.0,False
Sub-issue,outcome_1_intervention_required,Information belongs to someone else,Confusing or misleading advertising about the card,15,2,13,438.96049896049897,6.084409429437924,97.35283965580236,1979.2573111262677,0.7684018002520459,7.918265453623558,2.4424906541753444e-15,False
Sub-issue,outcome_1_intervention_required,Information belongs to someone else,Problem with direct deposit,55,7,48,416.09797297297297,6.030920744486939,182.33321691659242,949.5665465685175,0.42096166796750534,14.326531851713574,0.0,False
Sub-issue,outcome_1_intervention_required,Information belongs to someone else,Deposits and withdrawals,5352,675,4677,411.78943536223846,6.02051213948616,323.35780954831097,524.4052689273818,0.12334319382038865,48.811060853938805,0.0,False
Sub-issue,outcome_1_intervention_required,Information belongs to someone else,Account status,3,0,3,404.87152444870566,6.003569793197052,20.731146003485485,7906.989381188049,1.5162921356681274,3.9593754079267085,7.514603501124206e-05,True
Sub-issue,outcome_1_intervention_required,Information belongs to someone else,"Excess mileage, damage, or wear fees, or other problem after the lease is finished",42,5,37,385.5734112490869,5.954731606129392,147.44297121275207,1008.3007296952757,0.49045415355008976,12.141260427762365,0.0,False
Sub-issue,outcome_1_intervention_required,Information belongs to someone else,Closing disclosure or other related disclosures,26,3,23,372.1621621621622,5.919329679078476,109.37611854075006,1266.3155064660039,0.6247638305075018,9.47450762997939,0.0,False
Sub-issue,outcome_1_intervention_required,Information belongs to someone else,Overdraft charges,9,1,8,356.6554054054054,5.87677006465968,44.05431040102812,2887.415034918478,1.067013706429073,5.5076800131529735,3.6359353527970484e-08,False
Sub-issue,outcome_1_intervention_required,Information belongs to someone else,Don't want a card provided by your employer or the government,19,2,17,335.6756756756757,5.816145442843245,76.19846226599653,1478.7458419696206,0.7565327349951704,7.687896602227497,1.4876988529977098e-14,False
Sub-issue,outcome_1_intervention_required,Information belongs to someone else,Trouble closing card,124,13,111,334.163623082542,5.8116307624887185,180.1032172727567,620.0073973278332,0.3153574727822285,18.42870793964653,0.0,False
Sub-issue,outcome_1_intervention_required,Information belongs to someone else,Deposits or withdrawals,77,8,69,330.81081081081084,5.801546643422093,153.67821035337153,712.11001415013,0.39116620934162555,14.831410548438512,0.0,False
Sub-issue,outcome_1_intervention_required,Information belongs to someone else,Trouble getting a working replacement card,97,10,87,327.95899347623487,5.792888580678978,164.00374789740675,655.8209966593441,0.3535710714708872,16.383943846367423,0.0,False
Sub-issue,outcome_1_intervention_required,Information belongs to someone else,Problem with customer service,679,69,610,322.74390784226847,5.7768591537694185,230.29505589689802,452.3051076525596,0.1721927628937741,33.548791811495406,0.0,False
Sub-issue,outcome_1_intervention_required,Information belongs to someone else,Trying to communicate with the company to fix an issue with the loan closing,30,3,27,317.02702702702703,5.758987029003297,94.12235720401905,1067.824253994605,0.6195874595873276,9.294873451504383,0.0,False
Sub-issue,outcome_1_intervention_required,Information belongs to someone else,Trouble getting information about the card,111,11,100,313.85675675675674,5.748936693149795,161.729522705772,609.0790482395599,0.33827110520498044,16.99505693714555,0.0,False
Sub-issue,outcome_1_intervention_required,Information belongs to someone else,Credit card company won't work with you while you're going through financial hardship,336,28,308,259.38574938574936,5.558316333541145,165.5564969730747,406.3927916724948,0.22908358445891966,24.263267691875534,0.0,False
Sub-issue,outcome_1_intervention_required,Information belongs to someone else,Bounced checks or returned payments,120,10,110,259.38574938574936,5.558316333541145,130.58322421750518,515.2343831880014,0.35015590641658056,15.873832860407088,0.0,False
Sub-issue,outcome_1_intervention_required,Information belongs to someone else,Threatened to turn you in to immigration or deport you,5,0,5,257.6455155582672,5.5515846694539945,14.119795917730489,4701.2869076903025,1.4816361688325872,3.7469284202397724,0.0001790131412737761,True
Sub-issue,outcome_1_intervention_required,Information belongs to someone else,No notice of investigation status/result,5,0,5,257.6455155582672,5.5515846694539945,14.119795917730489,4701.2869076903025,1.4816361688325872,3.7469284202397724,0.0001790131412737761,True
Sub-issue,outcome_1_intervention_required,Information belongs to someone else,Credit card company forcing arbitration,37,3,34,251.75675675675674,5.5284633703914645,75.65574043913908,837.7614732839438,0.6134030874936347,9.012773954204842,0.0,False
Sub-issue,outcome_1_intervention_required,Information belongs to someone else,Confusing or misleading advertising about the credit card,468,36,432,237.77027027027026,5.471304956551516,157.9050744518893,358.02966827150624,0.20883209116441037,26.199541105222377,0.0,False
Sub-issue,outcome_1_intervention_required,Information belongs to someone else,Problem with fees or penalties,40,3,37,231.34404674945216,5.443905982363401,69.78729336309092,766.9027610507442,0.6114561391202711,8.90318312969396,0.0,False
Sub-issue,outcome_1_intervention_required,Information belongs to someone else,Problem getting a working replacement card,136,10,126,226.44787644787644,5.422514792382084,114.37102178624319,448.3534373207869,0.3485035977490275,15.55942270727165,0.0,False
Sub-issue,outcome_1_intervention_required,Information belongs to someone else,Confusing or missing disclosures,96,7,89,224.4123899180079,5.41348538566269,100.5901393112182,500.6546475982026,0.40940364876345525,13.222855736663176,0.0,False
Sub-issue,outcome_1_intervention_required,Information belongs to someone else,Loan estimate or other related disclosures,6,0,6,218.00774393391842,5.384530584790829,12.171346894839388,3904.857599228271,1.4721663319139175,3.6575558536178234,0.0002546317839746681,True
Sub-issue,outcome_1_intervention_required,Information belongs to someone else,Co-signer,6,0,6,218.00774393391842,5.384530584790829,12.171346894839388,3904.857599228271,1.4721663319139175,3.6575558536178234,0.0002546317839746681,True
Sub-issue,outcome_1_intervention_required,Information belongs to someone else,Changes in terms from what was offered or advertised,6,0,6,218.00774393391842,5.384530584790829,12.171346894839388,3904.857599228271,1.4721663319139175,3.6575558536178234,0.0002546317839746681,True
Sub-issue,outcome_1_intervention_required,Information belongs to someone else,Company closed your account,2897,200,2697,211.5864474040225,5.354633649747822,161.62137278370852,276.99817142976184,0.13743737504139159,38.960534920978986,0.0,False
Sub-issue,outcome_1_intervention_required,Information belongs to someone else,Problem with renewal,16,1,15,190.21621621621622,5.2481614052373065,24.806241275739204,1458.5929609175007,1.0393194486654114,5.049613390739934,4.427050970257085e-07,False
Sub-issue,outcome_1_intervention_required,Information belongs to someone else,Overcharged for a purchase or transfer you did make with the card,16,1,15,190.21621621621622,5.2481614052373065,24.806241275739204,1458.5929609175007,1.0393194486654114,5.049613390739934,4.427050970257085e-07,False
Sub-issue,outcome_1_intervention_required,Information belongs to someone else,Changes in loan terms during the application process,17,1,16,178.3277027027027,5.1836228840997345,23.34748836810396,1362.0638352975016,1.0373129950538111,4.99716373825128,5.817966661769702e-07,False
Sub-issue,outcome_1_intervention_required,Information belongs to someone else,Problem with fees charged,392,22,370,169.65230094959824,5.1337510540595614,104.27105770413787,276.02964668450716,0.24834552112884214,20.671808497791112,0.0,False
Sub-issue,outcome_1_intervention_required,Information belongs to someone else,Privacy issues,217,12,205,167.01911667765327,5.118108276989108,89.38605186572114,312.07760890579425,0.31895082978623707,16.046699989522832,0.0,False
Sub-issue,outcome_1_intervention_required,Information belongs to someone else,Information is not mine,8,0,8,166.71180418476115,5.116266598196149,9.535477118243353,2914.6759317753144,1.4598200621303485,3.504724130678041,0.0004570806460932886,True
Sub-issue,outcome_1_intervention_required,Information belongs to someone else,Problem with additional add-on products or services purchased with the loan,37,2,35,163.04247104247105,5.0940107254100475,38.51033432991227,690.2782805234492,0.7362673959092149,6.918696595439305,4.558131649901043e-12,False
Sub-issue,outcome_1_intervention_required,Information belongs to someone else,Can't use card to make purchases,763,41,722,162.02627835591824,5.087758534150997,109.86316457843039,238.9564780753064,0.19822596994640632,25.666458010151533,0.0,False
Sub-issue,outcome_1_intervention_required,Information belongs to someone else,Problem with paying off the loan,225,12,213,160.74609821088694,5.079826090418091,86.07729343793244,300.187274227622,0.31866348821537827,15.941035852167472,0.0,False
Sub-issue,outcome_1_intervention_required,Information belongs to someone else,Fees or costs after closing,20,1,19,150.17069701280226,5.011772627173076,19.845629542381438,1136.3327221820534,1.0325453155454614,4.853804042997874,1.2111541860537756e-06,False
Sub-issue,outcome_1_intervention_required,Information belongs to someone else,Payment process,161,8,153,149.1891891891892,5.005215226626917,70.72011132359204,314.7253836901511,0.3808598133433433,13.141883315777239,0.0,False
Sub-issue,outcome_1_intervention_required,Information belongs to someone else,Bankruptcy,9,0,9,149.16319321794418,5.005040963085925,8.603071238318561,2586.2459573591022,1.4555722973694787,3.438538210799335,0.0005848639900694064,True
Sub-issue,outcome_1_intervention_required,Information belongs to someone else,Problem extending the lease,9,0,9,149.16319321794418,5.005040963085925,8.603071238318561,2586.2459573591022,1.4555722973694787,3.438538210799335,0.0005848639900694064,True
Sub-issue,outcome_1_intervention_required,Information belongs to someone else,Interest rate,10,0,10,134.9571748162352,4.904957504528943,7.836508776077457,2324.1777116335434,1.4521245298571404,3.3777802135272044,0.0007307346014975291,True
Sub-issue,outcome_1_intervention_required,Information belongs to someone else,Denied loan,10,0,10,134.9571748162352,4.904957504528943,7.836508776077457,2324.1777116335434,1.4521245298571404,3.3777802135272044,0.0007307346014975291,True
Sub-issue,outcome_1_intervention_required,Information belongs to someone else,Problem with a trade-in,10,0,10,134.9571748162352,4.904957504528943,7.836508776077457,2324.1777116335434,1.4521245298571404,3.3777802135272044,0.0007307346014975291,True
Sub-issue,outcome_1_intervention_required,Information belongs to someone else,MISSING_SUB_ISSUE,24562,1102,23460,134.02702702702703,4.898041473844909,105.87765359842929,169.6603897346844,0.12028431514454622,40.72053341251442,0.0,False
Sub-issue,outcome_1_intervention_required,Information belongs to someone else,Contacted you instead of your attorney,11,0,11,123.22176831047564,4.8139857263232155,7.195214545547845,2110.2364758470812,1.4492701876164622,3.321662011305513,0.0008948301612883292,True
Sub-issue,outcome_1_intervention_required,Information belongs to someone else,Account reinstatement or redemption after repossession,51,2,49,116.45890788747931,4.757538488788835,27.809042216209207,487.70745575836605,0.730702684388674,6.510908732693547,7.469758145361993e-11,False
Sub-issue,outcome_1_intervention_required,Information belongs to someone else,Sent card you never applied for,329,12,317,108.00920794611646,4.682216482250236,58.11309233538572,200.7463126178173,0.3162375012128281,14.80601277297312,0.0,False
Sub-issue,outcome_1_intervention_required,Information belongs to someone else,Changes in loan terms during or after closing,28,1,27,105.67567567567568,4.660374740335187,14.17445490377684,787.8502916210908,1.0249659929697887,4.546857917531468,5.445273123072525e-06,False
Sub-issue,outcome_1_intervention_required,Information belongs to someone else,Delays with the closing process,28,1,27,105.67567567567568,4.660374740335187,14.17445490377684,787.8502916210908,1.0249659929697887,4.546857917531468,5.445273123072525e-06,False
Sub-issue,outcome_1_intervention_required,Information belongs to someone else,Unable to receive car title or other problem after the loan is paid off,593,21,572,104.75193725193725,4.651595052683141,64.07703452249555,171.24650726745958,0.25076991261873377,18.549254988796623,0.0,False
Sub-issue,outcome_1_intervention_required,Information belongs to someone else,Problem accessing account,1135,40,1095,104.22806368011848,4.646581418202851,70.62449774121863,153.82041084826812,0.1985736430562738,23.39978935112781,0.0,False
Sub-issue,outcome_1_intervention_required,Information belongs to someone else,Billing problem,1031,36,995,103.23292136357463,4.636987807637033,68.98370391472758,154.48628369435482,0.20567219698081202,22.545525723487245,0.0,False
Sub-issue,outcome_1_intervention_required,Information belongs to someone else,Card opened as result of identity theft or fraud,2014,68,1946,99.7022304935974,4.602188048769673,71.5161433220626,138.9970753964272,0.16952287950316097,27.14788742533045,0.0,False
Sub-issue,outcome_1_intervention_required,Information belongs to someone else,Account sold or transferred to another company,14,0,14,97.72760934968757,4.5821841122658915,5.776547978160222,1653.3551985223799,1.443049920209313,3.175346914957211,0.001496574637609216,True
Sub-issue,outcome_1_intervention_required,Information belongs to someone else,Received bad information about your loan,973,32,941,97.02846310710285,4.575004369553863,63.77774808525747,147.61453540725796,0.21408164088407614,21.37037230591482,0.0,False
Sub-issue,outcome_1_intervention_required,Information belongs to someone else,Problem with additional products or services purchased with the loan,382,12,370,92.53761869978086,4.527615250489246,49.85863267682491,171.74981372095155,0.31552224286655933,14.349591361151884,0.0,False
Sub-issue,outcome_1_intervention_required,Information belongs to someone else,Trouble with how payments are being handled,670,21,649,92.32374130679216,4.525301327358849,56.52050863758005,150.80673218174397,0.25035600527221685,18.07546546542154,0.0,False
Sub-issue,outcome_1_intervention_required,Information belongs to someone else,Lien release,15,0,15,91.42260229486902,4.515492737767219,5.420229544569139,1542.0181270256846,1.4415074345999688,3.1324796732805673,0.00173336429480897,True
Sub-issue,outcome_1_intervention_required,Information belongs to someone else,Need information about your loan balance or loan terms,230,7,223,89.5636892497879,4.494949983934711,40.80671073893095,196.57684451346014,0.40107318222163185,11.20730625527292,0.0,False
Sub-issue,outcome_1_intervention_required,Information belongs to someone else,Filed for bankruptcy,16,0,16,85.88183851942242,4.452972380785885,5.1052902024960165,1444.7151669987572,1.4401505530953302,3.092018658198663,0.001988003532165994,True
Sub-issue,outcome_1_intervention_required,Information belongs to someone else,Problem related to refinancing,69,2,67,85.17144009681323,4.444666167508495,20.488448940809917,354.0616583091269,0.726941278812695,6.1142024769427294,9.704104186880613e-10,False
Sub-issue,outcome_1_intervention_required,Information belongs to someone else,"Escrow, taxes, or insurance",250,7,243,82.1921921921922,4.409060312054281,37.48193995578513,180.23497357200105,0.4006128042163648,11.005789794159988,0.0,False
Sub-issue,outcome_1_intervention_required,Information belongs to someone else,Company communicating payment assistance or payment extension options,17,0,17,80.97430488974113,4.394131880762951,4.82492136508291,1358.9523136744588,1.4389476752535453,3.0537120677363734,0.0022602890480272197,True
Sub-issue,outcome_1_intervention_required,Information belongs to someone else,Problem after you declared or threatened to declare bankruptcy,37,1,36,79.25675675675676,4.372692667883406,10.725584519780185,585.6681731438584,1.0204391346304227,4.285108753171334,1.8264981824778204e-05,False
Sub-issue,outcome_1_intervention_required,Information belongs to someone else,Private mortgage insurance (PMI),38,1,37,77.11468224981739,4.345293693695292,10.443232061310368,569.4285240027639,1.020071211599727,4.259794457762203,2.0461497822532593e-05,False
Sub-issue,outcome_1_intervention_required,Information belongs to someone else,Problem with the interest rate,274,7,267,74.8041299726693,4.31487309699458,34.14367685890107,163.88562614659483,0.40015086019738955,10.783115885009233,0.0,False
Sub-issue,outcome_1_intervention_required,Information belongs to someone else,Problem lowering your monthly payments,157,4,153,74.5945945945946,4.312068046066972,26.937515935095853,206.56520653719014,0.5196673911454578,8.29774605745851,0.0,False
Sub-issue,outcome_1_intervention_required,Information belongs to someone else,Credit card company won't increase or decrease your credit limit,317,8,309,73.87037522959854,4.302311871121606,35.317056205143125,154.50982960938344,0.37650298227530754,11.427032649573166,0.0,False
Sub-issue,outcome_1_intervention_required,Information belongs to someone else,Account opened as a result of fraud,1166,29,1137,72.77401411966056,4.287358942575454,47.18253248147396,112.24613967399976,0.22108938419564883,19.391971071670444,0.0,False
Sub-issue,outcome_1_intervention_required,Information belongs to someone else,Company explaining amount owed,19,0,19,72.66924797797282,4.285918296122719,4.3473879873563455,1214.710906190681,1.4369097418616024,2.9827331329593854,0.0028568697691553346,True
Sub-issue,outcome_1_intervention_required,Information belongs to someone else,Called before 8am or after 9pm,122,3,119,71.93050193050193,4.2757004018960965,22.364533262895947,231.3483159766139,0.5960326705688029,7.1736007320131145,7.30526750203353e-13,False
Sub-issue,outcome_1_intervention_required,Information belongs to someone else,Problem canceling credit monitoring or identify theft protection service,692,16,676,67.53238445546138,4.212607252536333,39.13334849394324,116.54057538536728,0.27838379918439293,15.13237215986851,0.0,False
Sub-issue,outcome_1_intervention_required,Information belongs to someone else,Damage caused or loss of personal items in vehicle during the actual repossession,21,0,21,65.90931793351022,4.188279826558803,3.955836701388649,1098.1338509083591,1.4352488226372813,2.9181559047460532,0.0035210825299440973,True
Sub-issue,outcome_1_intervention_required,Information belongs to someone else,Contacted before 8am or after 9pm,21,0,21,65.90931793351022,4.188279826558803,3.955836701388649,1098.1338509083591,1.4352488226372813,2.9181559047460532,0.0035210825299440973,True
Sub-issue,outcome_1_intervention_required,Information belongs to someone else,Termination fees or other problem when ending the lease early,45,1,44,64.84643734643734,4.172021972421255,8.818197834605472,476.8616576080204,1.017961454297156,4.098408593773127,4.16000456908705e-05,False
Sub-issue,outcome_1_intervention_required,Information belongs to someone else,Billing dispute for services,685,15,670,63.87858007260992,4.156984095056714,36.48241814890203,111.84765701216652,0.28579267605662595,14.545453551906501,0.0,False
Sub-issue,outcome_1_intervention_required,Information belongs to someone else,Loan opened without my consent or knowledge,47,1,46,62.027027027027025,4.127570209850421,8.442827625046036,455.69473317188124,1.0174759850445074,4.056675804166394,4.9776098442810834e-05,False
Sub-issue,outcome_1_intervention_required,Information belongs to someone else,Denied request to lower payments,354,7,347,57.55822104525274,4.05279697544797,26.32762746598728,125.83544849129235,0.3990704661398214,10.155592356032685,0.0,False
Sub-issue,outcome_1_intervention_required,Information belongs to someone else,Loan balance remaining after the vehicle is repossessed and sold,413,8,405,56.36036036036036,4.031766080912813,26.99953533694167,117.64981064705574,0.3754828697956501,10.737549979595686,0.0,False
Sub-issue,outcome_1_intervention_required,Information belongs to someone else,Lender trying to repossess or disable the vehicle,466,9,457,56.19078597196759,4.028752792781531,27.959816435736915,112.92650777606059,0.35611451055251725,11.313082374910412,0.0,False
Sub-issue,outcome_1_intervention_required,Information belongs to someone else,High-pressure sales tactics,52,1,51,55.945945945945944,4.02438597361519,7.630755730291364,410.17547650777607,1.0164281051037318,3.959341495387399,7.515670557700638e-05,False
Sub-issue,outcome_1_intervention_required,Information belongs to someone else,Delays in the application process,25,0,25,55.57060139492038,4.01765430952804,3.3519851974218526,921.2724870528388,1.4327048688579358,2.8042441935237274,0.00504346909816733,True
Sub-issue,outcome_1_intervention_required,Information belongs to someone else,Delay in processing application,158,3,155,55.22406277244987,4.011398778088379,17.22545511669683,177.04595254144422,0.5943931324839371,6.748730022039384,1.4914514068209428e-11,False
Sub-issue,outcome_1_intervention_required,Information belongs to someone else,Collected or attempted to collect exempt funds,213,4,209,54.60752618647356,4.000171715494596,19.785148133553797,150.71820014070192,0.5179796701635339,7.722642308011205,1.1324274851176597e-14,False
Sub-issue,outcome_1_intervention_required,Information belongs to someone else,Account opened without my consent or knowledge,162,3,159,53.83477817440082,3.985919692787394,16.796604992835167,172.54578186027496,0.5942565870202382,6.707405150986822,1.981148578522607e-11,False
Sub-issue,outcome_1_intervention_required,Information belongs to someone else,Trying to communicate with the company to fix an issue while managing or servicing your loan,217,4,213,53.58203273696231,3.9812138017499814,19.416896913120482,147.86267059412933,0.5178929284980238,7.687329914498288,1.509903313490213e-14,False
Sub-issue,outcome_1_intervention_required,Information belongs to someone else,Card opened without my consent or knowledge,380,7,373,53.546119846387946,3.980543335751014,24.50454665873609,117.00632501118166,0.3988187028113199,9.980834167735104,0.0,False
Sub-issue,outcome_1_intervention_required,Information belongs to someone else,Notice to repossess,26,0,26,53.473597568696974,3.9791880287002437,3.228762405938788,885.6104220240873,1.4321883270126625,2.7783971937547163,0.005462779677383844,True
Sub-issue,outcome_1_intervention_required,Information belongs to someone else,Problem while selling or giving up the vehicle,112,2,110,51.877149877149876,3.9488784211070453,12.57814608995789,213.9614741416381,0.722917117516536,5.462422074985268,4.696817268445841e-08,False
Sub-issue,outcome_1_intervention_required,Information belongs to someone else,Keep getting calls about your loan,58,1,57,50.05689900426743,3.913160338504966,6.841125460488221,366.2691398360364,1.0154122854075733,3.853765012242563,0.00011631523615052153,False
Sub-issue,outcome_1_intervention_required,Information belongs to someone else,Confusing or misleading advertising,28,0,28,49.721064405981394,3.906428674417815,3.007629322573363,821.9710544477998,1.4312635236995914,2.7293566905976268,0.006345802411619639,True
Sub-issue,outcome_1_intervention_required,Information belongs to someone else,Problem with product or service terms changing,187,3,184,46.520270270270274,3.83988813739864,14.534938385633499,148.89196559361056,0.5935371645057596,6.469499076095982,9.832823444355654e-11,False
Sub-issue,outcome_1_intervention_required,Information belongs to someone else,Problem with your payment plan,31,0,31,44.98572493874507,3.8063452158608326,2.7274244231377747,741.9877269912544,1.4300956564932141,2.6616018296248103,0.007776981346105716,True
Sub-issue,outcome_1_intervention_required,Information belongs to someone else,Unable to open an account,725,11,714,43.95752895752896,3.783223916798302,23.233899238386257,83.16573693577766,0.32531200537436145,11.629524438990982,0.0,False
Sub-issue,outcome_1_intervention_required,Information belongs to someone else,Fees charged,32,0,32,43.60154878678369,3.7750926723567284,2.6452739609154463,718.6760557490119,1.4297540997472105,2.6403789805702873,0.008281336336952272,True
Sub-issue,outcome_1_intervention_required,Information belongs to someone else,Debt was paid,2827,41,2786,41.989581110184126,3.737421518704073,28.61711835169058,61.61084774996482,0.19562063069833466,19.10545684962813,0.0,False
Sub-issue,outcome_1_intervention_required,Information belongs to someone else,Application denials,36,0,36,38.823296864944375,3.6590205011039743,2.360833365901025,638.4391212161433,1.4285743996196691,2.5613090239319134,0.010427855529849595,True
Sub-issue,outcome_1_intervention_required,Information belongs to someone else,Trying to communicate with the company to fix an issue with the application process,36,0,36,38.823296864944375,3.6590205011039743,2.360833365901025,638.4391212161433,1.4285743996196691,2.5613090239319134,0.010427855529849595,True
Sub-issue,outcome_1_intervention_required,Information belongs to someone else,Deficiency balance after repossession,36,0,36,38.823296864944375,3.6590205011039743,2.360833365901025,638.4391212161433,1.4285743996196691,2.5613090239319134,0.010427855529849595,True
Sub-issue,outcome_1_intervention_required,Information belongs to someone else,Confusing or misleading advertising or marketing,158,2,156,36.58004158004158,3.5995027796499244,8.901535983833348,150.32230891699808,0.7210606813006548,4.991955424829313,5.97710513750016e-07,False
Sub-issue,outcome_1_intervention_required,Information belongs to someone else,Don't agree with the fees charged,158,2,156,36.58004158004158,3.5995027796499244,8.901535983833348,150.32230891699808,0.7210606813006548,4.991955424829313,5.97710513750016e-07,False
Sub-issue,outcome_1_intervention_required,Information belongs to someone else,Seized or attempted to seize your property,353,4,349,32.70192828932084,3.4874340452569794,11.891594103467195,89.9304251839605,0.5161236084702985,6.756974468951602,1.4090284494727712e-11,False
Sub-issue,outcome_1_intervention_required,Information belongs to someone else,Voluntary repossession,43,0,43,32.57586978322919,3.4835718235977815,1.9869325847046728,534.0831894865893,1.4270305044818952,2.4411333973989184,0.014641245367983613,True
Sub-issue,outcome_1_intervention_required,Information belongs to someone else,Problem when attempting to purchase vehicle at the end of the lease,43,0,43,32.57586978322919,3.4835718235977815,1.9869325847046728,534.0831894865893,1.4270305044818952,2.4411333973989184,0.014641245367983613,True
Sub-issue,outcome_1_intervention_required,Information belongs to someone else,Information is incorrect,369,4,365,31.26841910403554,3.442608613876915,11.373031120173843,85.96776206224516,0.5160019144682558,6.671697366519562,2.528621756425764e-11,False
Sub-issue,outcome_1_intervention_required,Information belongs to someone else,Information that should be on the report is missing,46,0,46,30.47420076495634,3.4168804490991094,1.860637872672401,499.1174940070546,1.4265107540144277,2.3952714267897846,0.016608065712261366,True
Sub-issue,outcome_1_intervention_required,Information belongs to someone else,Paying off the loan,47,0,47,29.832638643588837,3.3956030506518244,1.8220332022642283,488.4577994149448,1.426352055613786,2.380620574904723,0.01728350374142451,True
Sub-issue,outcome_1_intervention_required,Information belongs to someone else,Contacted your employer,97,1,96,29.721283783783782,3.39186341487168,4.090003793222405,215.97894633252585,1.0118966925403872,3.351985869581546,0.0008023411383479839,False
Sub-issue,outcome_1_intervention_required,Information belongs to someone else,Changes in terms mid-deal or after closing,98,1,97,29.414878796322096,3.3815006278361333,4.048259827007918,213.73012888893965,1.0118436282637864,3.341920167682847,0.0008320098655132391,False
Sub-issue,outcome_1_intervention_required,Information belongs to someone else,Attempted to collect wrong amount,3350,33,3317,28.386200490511616,3.345903128858944,18.806394445054913,42.84587248457922,0.21005417693777675,15.928762653694257,0.0,False
Sub-issue,outcome_1_intervention_required,Information belongs to someone else,"Problem with forgiveness, cancellation, or discharge",50,0,50,28.06040268456376,3.334359425411106,1.7152670971997417,459.04582446974024,1.425913579138913,2.3384021824272643,0.019366394633829387,True
Sub-issue,outcome_1_intervention_required,Information belongs to someone else,Problem with signing the paperwork,50,0,50,28.06040268456376,3.334359425411106,1.7152670971997417,459.04582446974024,1.425913579138913,2.3384021824272643,0.019366394633829387,True
Sub-issue,outcome_1_intervention_required,Information belongs to someone else,"Impersonated attorney, law enforcement, or government official",327,3,324,26.41891891891892,3.2740803792152966,8.286531159050947,84.22816054725963,0.5915555787869199,5.5346961411966165,3.117683688991235e-08,False
Sub-issue,outcome_1_intervention_required,Information belongs to someone else,"Trying to communicate with the company to fix an issue related to modification, forbearance, short sale, deed-in-lieu, bankruptcy, or foreclosure",222,2,220,25.938574938574938,3.2557312405471,6.328030502420599,106.32212812291355,0.7197664233992598,4.523316363065636,6.087814002464498e-06,False
Sub-issue,outcome_1_intervention_required,Information belongs to someone else,Sued you in a state where you do not live or did not sign for the debt,113,1,112,25.4753861003861,3.2377127350444215,3.5107754171024097,184.8581067880976,1.0111611252100625,3.201975090143825,0.001364888002013398,False
Sub-issue,outcome_1_intervention_required,Information belongs to someone else,Threatened to arrest you or take you to jail if you do not pay,132,1,131,21.780482772849187,3.0810142831383645,3.0053497521886956,157.8483267955412,1.0105205774717145,3.0489376978813727,0.002296521024139686,False
Sub-issue,outcome_1_intervention_required,Information belongs to someone else,Told you not to respond to a lawsuit they filed against you,68,0,68,20.68686621270759,3.0294990164242406,1.2690732449544184,337.21176882728577,1.4240878115905322,2.1273259919559737,0.033393006585788365,True
Sub-issue,outcome_1_intervention_required,Information belongs to someone else,Sued you without properly notifying you of lawsuit,448,3,445,19.23534770725782,2.9567496128413855,6.041738613854564,61.240418539565624,0.5908458124181615,5.004266004256275,5.60752803746567e-07,False
Sub-issue,outcome_1_intervention_required,Information belongs to someone else,Frequent or repeated calls,1539,10,1529,18.660845279550315,2.9264274934044994,9.622994501446202,36.186983843229,0.33789387674869764,8.660788770614438,0.0,False
Sub-issue,outcome_1_intervention_required,Information belongs to someone else,"An existing modification, forbearance plan, short sale, or other loss mitigation relief",79,0,79,17.82453252289899,2.8805757400321337,1.0949996087731526,290.14983851533356,1.4233784357390435,2.0237595763044474,0.04299489534315204,True
Sub-issue,outcome_1_intervention_required,Information belongs to someone else,Difficulty submitting a dispute or getting information about a dispute over the phone,3774,22,3752,16.73010430473117,2.8172097495717168,10.38292700072989,26.95736857511457,0.24339128924903894,11.574817481200556,0.0,False
Sub-issue,outcome_1_intervention_required,Information belongs to someone else,Fraudulent loan,532,3,529,16.18096357226792,2.7838354631493263,5.08537959871458,51.485553250192346,0.5905437682416802,4.714020556745662,2.428761446626737e-06,False
Sub-issue,outcome_1_intervention_required,Information belongs to someone else,Didn't receive notice of right to dispute,1999,11,1988,15.787563217140683,2.7592224919213675,8.36721051959667,29.788559968875767,0.3239295582765655,8.51797071746565,0.0,False
Sub-issue,outcome_1_intervention_required,Information belongs to someone else,"You told them to stop contacting you, but they keep trying",916,5,911,15.659951938766428,2.751106621513658,6.316113595282946,38.82673910545595,0.4632666020212792,5.938495478651603,2.8764959303373416e-09,False
Sub-issue,outcome_1_intervention_required,Information belongs to someone else,Can't temporarily delay making payments,90,0,90,15.658014757684748,2.7509829109865396,0.9629190050710075,254.6147961154779,1.4228412696895012,1.9334432937743444,0.05318161229467555,True
Sub-issue,outcome_1_intervention_required,Information belongs to someone else,Debt was result of identity theft,6521,34,6487,14.954566096850666,2.705016677742622,9.956094152153426,22.462528349704684,0.20756726349827437,13.032000480967513,0.0,False
Sub-issue,outcome_1_intervention_required,Information belongs to someone else,Can't get other flexible options for repaying your loan,196,1,195,14.632016632016631,2.6832120477757693,2.0238930742469416,105.78420048167462,1.0092801666711346,2.658540350223756,0.007847995233922989,False
Sub-issue,outcome_1_intervention_required,Information belongs to someone else,Debt was already discharged in bankruptcy and is no longer owed,595,3,592,14.45900292184076,2.67131726012362,4.545716502831927,45.99115790955201,0.5903734176180618,4.524792581111454,6.045476639293668e-06,False
Sub-issue,outcome_1_intervention_required,Information belongs to someone else,Contacted you after you asked them to stop,199,1,198,14.41031941031941,2.667944575644981,1.993378417141455,104.17354964904911,1.0092416731179965,2.6435140826106727,0.008205035236587443,False
Sub-issue,outcome_1_intervention_required,Information belongs to someone else,Problem with personal statement of dispute,2037,10,2027,14.076187682502434,2.6444845528815617,7.262170481325113,27.283724636119967,0.3376560226305861,7.831889187934819,4.884981308350689e-15,False
Sub-issue,outcome_1_intervention_required,Information belongs to someone else,Threatened or suggested your credit would be damaged,2493,12,2481,13.800450995130559,2.6247012724357153,7.489200122223573,25.43027887635802,0.31185677212748875,8.416367727178049,0.0,False
Sub-issue,outcome_1_intervention_required,Information belongs to someone else,Received unwanted marketing or advertising,103,0,103,13.691307590052848,2.6167611489869964,0.8427780426789809,222.4214372381796,1.4223534689814334,1.839740406342802,0.06580635830734716,True
Sub-issue,outcome_1_intervention_required,Information belongs to someone else,Foreclosure,124,0,124,11.381930406188513,2.432027045787658,0.7014100164869196,184.69701989739758,1.4217804624796269,1.7105503345756568,0.08716415400729671,True
Sub-issue,outcome_1_intervention_required,Information belongs to someone else,"Applying for or obtaining a modification, forbearance plan, short sale, or deed-in-lieu",124,0,124,11.381930406188513,2.432027045787658,0.7014100164869196,184.69701989739758,1.4217804624796269,1.7105503345756568,0.08716415400729671,True
Sub-issue,outcome_1_intervention_required,Information belongs to someone else,Didn't receive services that were advertised,262,1,261,10.93196644920783,2.391691199016823,1.514009818027525,78.93468656782053,1.0086375302020192,2.371209802730415,0.01772996364004542,False
Sub-issue,outcome_1_intervention_required,Information belongs to someone else,Debt is not yours,12189,45,12144,10.572788697788697,2.3582835964744246,7.295925426097406,15.321409460716163,0.1892691657950948,12.459946059188173,0.0,False
Sub-issue,outcome_1_intervention_required,Information belongs to someone else,Account status incorrect,25105,87,25018,9.92214254385491,2.2947688802194133,7.2757041882919955,13.531186825736924,0.15827973275752116,14.498185208177704,0.0,False
Sub-issue,outcome_1_intervention_required,Information belongs to someone else,Frequent or repeated messages,166,0,166,8.510812826249067,2.1413374522719213,0.5252109197121391,137.9139927310454,1.4210677538318612,1.50685106075898,0.13184883808055292,True
Sub-issue,outcome_1_intervention_required,Information belongs to someone else,Didn't receive enough information to verify debt,4876,13,4863,7.627423845807559,2.031750153397267,4.227625685753353,13.761292708492633,0.3010763375170052,6.748289055703394,1.4959811167614134e-11,False
Sub-issue,outcome_1_intervention_required,Information belongs to someone else,Other problem getting your report or credit score,1931,5,1926,7.407173528668856,2.0024489264155454,2.9911889323742256,18.342612561174164,0.46264182745088306,4.328292012524825,1.5027014756530122e-05,False
Sub-issue,outcome_1_intervention_required,Information belongs to someone else,Information is missing that should be on the report,2376,5,2371,6.016961710761795,1.794582432708211,2.4302907372550453,14.896912403848788,0.4625364987508762,3.8798720480538322,0.00010451142817191617,False
Sub-issue,outcome_1_intervention_required,Information belongs to someone else,Talked to a third-party about your debt,483,1,482,5.919591790961086,1.7782674922889157,0.8212280162693151,42.669716908589095,1.0077663114552842,1.7645633437785537,0.07763718067067304,False
Sub-issue,outcome_1_intervention_required,Information belongs to someone else,Credit denial,246,0,246,5.748682902922798,1.7489707682096751,0.3552343787570251,93.02972092394464,1.4203817621000951,1.2313385139666586,0.21819628293919946,True
Sub-issue,outcome_1_intervention_required,Information belongs to someone else,Loan sold or transferred to another company,278,0,278,5.088152012820358,1.6269147023250812,0.3145186439586836,82.31401032292626,1.4202176661510784,1.1455389839883987,0.25198595621951925,True
Sub-issue,outcome_1_intervention_required,Information belongs to someone else,Received unsolicited financial product or insurance offers after opting out,301,0,301,4.700001113003217,1.54756274552518,0.29058043307106046,76.02029575346334,1.4201212288252478,1.0897398856612786,0.27582774107260555,True
Sub-issue,outcome_1_intervention_required,Information belongs to someone else,"Used obscene, profane, or other abusive language",302,0,302,4.684463919241223,1.5442514842215238,0.2896220279821576,75.76841569531697,1.4201173684237132,1.087411166540126,0.27685513839633513,True
Sub-issue,outcome_1_intervention_required,Information belongs to someone else,Report provided to employer without your written authorization,618,1,617,4.624381269437995,1.5313425824341282,0.641826088214753,33.31884215646535,1.007541063803584,1.519881062368945,0.12854087084843968,False
Sub-issue,outcome_1_intervention_required,Information belongs to someone else,Notification didn't disclose it was an attempt to collect a debt,307,0,307,4.6082937742129095,1.5278576744458474,0.28492329547668416,74.53364413015251,1.4200984428887495,1.0758815222259488,0.2819802467482009,True
Sub-issue,outcome_1_intervention_required,Information belongs to someone else,Threatened to sue you for very old debt,732,1,731,3.903205531112508,1.3617981465897375,0.5418660351279686,28.1158301691844,1.0074156236447773,1.351773900093809,0.17644765595056655,False
Sub-issue,outcome_1_intervention_required,Information belongs to someone else,Account information incorrect,41912,56,41856,3.817412596082321,1.3395728622577947,2.6973341602461622,5.402607931750675,0.17719843114982634,7.559733196086525,4.04121180963557e-14,False
Sub-issue,outcome_1_intervention_required,Information belongs to someone else,Application denied,749,1,748,3.8144963144963144,1.3388086283650389,0.5295669143673115,27.47600301028949,1.0074001926261629,1.3289739650286714,0.18385655942548063,False
Sub-issue,outcome_1_intervention_required,Information belongs to someone else,Indicated you were committing crime by not paying debt,400,0,400,3.538203085069837,1.263618995184006,0.21887537439058505,57.19638906868373,1.4198325372649052,0.8899774882030657,0.37347797401293925,True
Sub-issue,outcome_1_intervention_required,Information belongs to someone else,Problem getting your free annual credit report,549,0,549,2.578799518781565,0.947323987848744,0.1596006636087951,41.6677901438347,1.4195940938132514,0.6673203220394387,0.5045675482928056,True
Sub-issue,outcome_1_intervention_required,Information belongs to someone else,Old information reappears or never goes away,3670,3,3667,2.3342595390591026,0.8476947269362997,0.7355892079049808,7.407351191580088,0.5891725430826134,1.438788580508302,0.15021043281772917,False
Sub-issue,outcome_1_intervention_required,Information belongs to someone else,Their investigation did not fix an error on your report,107863,64,107799,1.6939634650374082,0.5270710287230285,1.2121776532460178,2.367237354357629,0.17074110879167026,3.086960325214557,0.0020221458414184657,False
Sub-issue,outcome_1_intervention_required,Information belongs to someone else,Public record information inaccurate,3438,2,3436,1.660793505962307,0.5072955037953154,0.40752942957383365,6.7681862199030505,0.7168049147403937,0.7077176695684954,0.47912060234769593,False
Sub-issue,outcome_1_intervention_required,Information belongs to someone else,Reporting company used your report improperly,136509,58,136451,1.2128024573517828,0.19293376208447718,0.8599678435240763,1.7104009314242956,0.17540512437204345,1.0999323011524713,0.2713616196736939,False
Sub-issue,outcome_1_intervention_required,Information belongs to someone else,Was not notified of investigation status or results,19235,7,19228,1.0387301176774861,0.037998926380978106,0.4784522852706922,2.2551052436918444,0.3955090391555284,0.09607599983583577,0.9234602124704441,False
Sub-issue,outcome_1_intervention_required,Information belongs to someone else,Credit inquiries on your report that you don't recognize,56857,11,56846,0.5521175751271097,-0.5939942569673073,0.2930459361847683,1.0402253678482642,0.3231794114789117,-1.8379706004448462,0.0660667375865851,False
Sub-issue,outcome_1_intervention_required,Information belongs to someone else,Investigation took more than 30 days,50012,9,50003,0.5135529706055475,-0.6664020989346195,0.2570732702689715,1.0259201718709965,0.3530571619705386,-1.8875189932847998,0.05909055416436071,False
Sub-issue,outcome_1_intervention_required,Information belongs to someone else,Personal information incorrect,17493,3,17490,0.48940707431273467,-0.714560673005022,0.1542809010844676,1.5524882386849403,0.5889896082018043,-1.213197419877387,0.225054350362055,False
Sub-product,outcome_1_intervention_required,Credit reporting,Government benefit card,725,211,514,784.3112950073985,6.664806001501379,647.8999478002489,949.443211972344,0.09748455031279363,68.36781808108425,0.0,False
Sub-product,outcome_1_intervention_required,Credit reporting,Store credit card,2920,742,2178,650.9013360234871,6.478358073154952,569.6718370701138,743.7133480499157,0.06800898089678815,95.25739082881779,0.0,False
Sub-product,outcome_1_intervention_required,Credit reporting,Tax refund anticipation loan or check,1,0,1,635.9704641350211,6.455152122222475,25.862575705662668,15638.752916769894,1.633854669346052,3.950872891776929,7.786667366072031e-05,True
Sub-product,outcome_1_intervention_required,Credit reporting,Other mortgage,1,0,1,635.9704641350211,6.455152122222475,25.862575705662668,15638.752916769894,1.633854669346052,3.950872891776929,7.786667366072031e-05,True
Sub-product,outcome_1_intervention_required,Credit reporting,"Other (i.e. phone, health club, etc.)",1,0,1,635.9704641350211,6.455152122222475,25.862575705662668,15638.752916769894,1.633854669346052,3.950872891776929,7.786667366072031e-05,True
Sub-product,outcome_1_intervention_required,Credit reporting,Other advances of future income,19,3,16,358.2369718309859,5.881194699908806,103.92534647446594,1234.8645671166055,0.6313887147378398,9.314697210498528,0.0,False
Sub-product,outcome_1_intervention_required,Credit reporting,Savings account,2484,391,2093,356.92474849094566,5.877524971019843,307.22069046707804,414.67023556141794,0.07650950011913416,76.82085181406042,0.0,False
Sub-product,outcome_1_intervention_required,Credit reporting,Checking account,21211,3104,18107,327.5249161284602,5.791564131962945,293.17307346516185,365.9018525031844,0.056531123937146634,102.44912410378072,0.0,False
Sub-product,outcome_1_intervention_required,Credit reporting,General-purpose credit card or charge card,25581,3701,21880,323.1773388778742,5.7782012093307165,289.59151719616597,360.65832789375355,0.05598461260094956,103.21052412234987,0.0,False
Sub-product,outcome_1_intervention_required,Credit reporting,CD (Certificate of Deposit),523,73,450,309.94132081377154,5.736382991864503,237.00376879276064,405.3252943491568,0.1368913003962499,41.90465701808506,0.0,False
Sub-product,outcome_1_intervention_required,Credit reporting,Foreign currency exchange,86,12,74,309.82657023220406,5.7360126900643085,166.87493244317406,575.2362096358555,0.315697992726933,18.169303645290345,0.0,False
Sub-product,outcome_1_intervention_required,Credit reporting,Gift card,223,27,196,263.1945099166427,5.572893340254289,173.6967831763256,398.80617696841256,0.21203172785772267,26.283299186213334,0.0,False
Sub-product,outcome_1_intervention_required,Credit reporting,General-purpose prepaid card,1244,130,1114,222.96017397021265,5.40699316344883,180.84599401367663,274.8816165265347,0.10680987559911356,50.622595833205,0.0,False
Sub-product,outcome_1_intervention_required,Credit reporting,Traveler's check or cashier's check,128,13,115,215.98055113288427,5.375188362578765,120.58033114217619,386.8591006991208,0.29738376697788627,18.07492190042259,0.0,False
Sub-product,outcome_1_intervention_required,Credit reporting,Student loan debt relief,4,0,4,211.9901547116737,5.356539833554366,11.391810516507016,3944.92391087092,1.4916556694155165,3.591002899250366,0.0003294079712827802,True
Sub-product,outcome_1_intervention_required,Credit reporting,Student prepaid card,4,0,4,211.9901547116737,5.356539833554366,11.391810516507016,3944.92391087092,1.4916556694155165,3.591002899250366,0.0003294079712827802,True
Sub-product,outcome_1_intervention_required,Credit reporting,Other banking product or service,2205,213,1992,204.29578313253012,5.31956886104536,171.4161893101428,243.48206067175838,0.08952775814152553,59.41809525305194,0.0,False
Sub-product,outcome_1_intervention_required,Credit reporting,Domestic (US) money transfer,1940,176,1764,190.62647631822682,5.250315891951893,158.17187092738385,229.74030249782132,0.09522125482696742,55.13806661645633,0.0,False
Sub-product,outcome_1_intervention_required,Credit reporting,Refund anticipation check,100,9,91,188.96016096579476,5.241536204299847,94.51868198895714,377.7659789668956,0.3534381103744896,14.8301387157885,0.0,False
Sub-product,outcome_1_intervention_required,Credit reporting,Mobile or digital wallet,3108,248,2860,165.67416133162612,5.110022975831562,140.2895047907315,195.65203950132624,0.08485448826747045,60.22100987427113,0.0,False
Sub-product,outcome_1_intervention_required,Credit reporting,Debt settlement,240,19,221,164.25948632974317,5.101447411129166,101.64111075316588,265.4553718409723,0.24489761450484623,20.830939580378043,0.0,False
Sub-product,outcome_1_intervention_required,Credit reporting,International money transfer,906,70,836,159.97823303457108,5.0750377624451355,122.71836037025062,208.5509859131707,0.13527846206800961,37.515489789451635,0.0,False
Sub-product,outcome_1_intervention_required,Credit reporting,Payroll card,137,9,128,134.33886443661973,4.90036544689708,67.79518516631002,266.1978200051984,0.3489154437339782,14.044564478015024,0.0,False
Sub-product,outcome_1_intervention_required,Credit reporting,Money order,80,5,75,127.3731455399061,4.847120932378267,51.20695732229756,316.8303498803187,0.4649211858996115,10.42568306066587,0.0,False
Sub-product,outcome_1_intervention_required,Credit reporting,Earned wage access,7,0,7,127.19409282700423,4.845714209788375,7.250447845722965,2231.3569581261336,1.461556617860069,3.3154474828920444,0.0009149653119580048,True
Sub-product,outcome_1_intervention_required,Credit reporting,Virtual currency,1062,61,1001,116.42999817084325,4.757290218338569,88.11539708740187,153.8430844341131,0.14216476141055356,33.46321670107915,0.0,False
Sub-product,outcome_1_intervention_required,Credit reporting,Check cashing service,177,10,167,114.40701695201147,4.739762414057768,59.933789123195325,218.3904224869407,0.3298581509028746,14.369092899733655,0.0,False
Sub-product,outcome_1_intervention_required,Credit reporting,Home equity loan or line of credit (HELOC),711,38,673,107.8791871586129,4.681011963562136,76.55731594805255,152.0157659380308,0.17498585468457767,26.750802069115448,0.0,False
Sub-product,outcome_1_intervention_required,Credit reporting,Installment loan,2108,105,2003,100.1561179357724,4.606730147972183,80.20796521166642,125.06548362737021,0.11332006182531121,40.65237940898495,0.0,False
Sub-product,outcome_1_intervention_required,Credit reporting,Personal line of credit,983,45,938,91.65977957296015,4.518083674244573,66.77944793236705,125.8098928860948,0.16157566669586568,27.962649120606596,0.0,False
Sub-product,outcome_1_intervention_required,Credit reporting,Mortgage modification or foreclosure avoidance,12,0,12,76.31645569620254,4.334888586022384,4.5096728700272095,1291.490885899956,1.4431959028064176,3.0036730132013423,0.0026674183739410218,True
Sub-product,outcome_1_intervention_required,Credit reporting,USDA mortgage,14,0,14,65.7900480139677,4.186468580904111,3.9169273643405536,1105.032086396345,1.4393678929025095,2.9085465929506227,0.0036311306353133954,True
Sub-product,outcome_1_intervention_required,Credit reporting,Payday loan,704,19,685,52.994666392515676,3.970191274384693,33.20226341946521,84.5856389539863,0.23855776811274615,16.642473249952264,0.0,False
Sub-product,outcome_1_intervention_required,Credit reporting,Federal student loan servicing,2540,66,2474,50.96985209559703,3.93123432255447,39.07778748231813,66.48088313143478,0.1355510775875912,29.001866990058872,0.0,False
Sub-product,outcome_1_intervention_required,Credit reporting,Lease,926,24,902,50.83628868555011,3.9286104437657996,33.45154373817718,77.25587397544162,0.21352678961138655,18.398677050855177,0.0,False
Sub-product,outcome_1_intervention_required,Credit reporting,Manufactured home loan,20,0,20,46.53442420500154,3.840192344186277,2.808942221725296,770.9139117717339,1.4323389618669558,2.6810639425606695,0.00733884913452898,True
Sub-product,outcome_1_intervention_required,Credit reporting,MISSING_SUB_PRODUCT,21,0,21,44.3700323815131,3.7925642951970224,2.6824557599626337,733.9169588257977,1.4315467305625085,2.6492773265646603,0.008066410904882249,True
Sub-product,outcome_1_intervention_required,Credit reporting,Loan,5960,135,5825,44.279934715589675,3.790531633485006,36.25852432919682,54.07590779523367,0.10196792138764868,37.17376584616886,0.0,False
Sub-product,outcome_1_intervention_required,Credit reporting,Conventional home mortgage,6599,146,6453,43.227520336648745,3.7664773372529745,35.59563678146724,52.49571811082957,0.09910932103301025,38.00326041985978,0.0,False
Sub-product,outcome_1_intervention_required,Credit reporting,Credit repair services,1039,22,1017,41.33051920173944,3.7216011907902335,26.751857362064403,63.85395205895833,0.22193739069529977,16.768698501550194,0.0,False
Sub-product,outcome_1_intervention_required,Credit reporting,"Money order, traveler's check or cashier's check",48,1,47,40.651003895714716,3.7050235317704194,5.593196847317962,295.448946790031,1.0119757761476549,3.6611780826163063,0.000251058171512053,False
Sub-product,outcome_1_intervention_required,Credit reporting,Title loan,416,8,408,37.46268986467827,3.623345500756152,18.465898582782728,76.00242823848406,0.3609284640439496,10.038957471403375,0.0,False
Sub-product,outcome_1_intervention_required,Credit reporting,Pawn loan,25,0,25,37.410027302060065,3.621938778166259,2.273012975137536,615.7070628495632,1.4289961861921607,2.53460353020089,0.011257465623927265,True
Sub-product,outcome_1_intervention_required,Credit reporting,VA mortgage,1113,21,1092,36.74225352112676,3.6039274148990503,23.565107797289723,57.28780048126989,0.2266123877897374,15.903488110468873,0.0,False
Sub-product,outcome_1_intervention_required,Credit reporting,Other type of mortgage,637,11,626,33.572793952211676,3.5137160351787498,18.33059053078228,61.489153438067596,0.30874732511151504,11.380555390754063,0.0,False
Sub-product,outcome_1_intervention_required,Credit reporting,FHA mortgage,2233,29,2204,25.13943661971831,3.224437793194147,17.177456670364435,36.791900319398444,0.19430608558103482,16.59463100989394,0.0,False
Sub-product,outcome_1_intervention_required,Credit reporting,Private student loan,952,12,940,24.390602337428827,3.1941979080044285,13.67220961588437,43.5117292007747,0.2953227706857959,10.81595537176795,0.0,False
Sub-product,outcome_1_intervention_required,Credit reporting,Auto debt,1797,22,1775,23.68064114263043,3.1646578849292775,15.356191079948813,36.51769908348329,0.22098936965655927,14.320407763719535,0.0,False
Sub-product,outcome_1_intervention_required,Credit reporting,Credit card debt,9049,106,8943,22.646013799446575,3.119983845246364,18.21131582772772,28.16061979573684,0.11119423244543723,28.058863995282607,0.0,False
Sub-product,outcome_1_intervention_required,Credit reporting,Payday loan debt,785,7,778,17.190463087005323,2.8443547583573996,8.109039645200905,36.44229576810401,0.3833547517193604,7.419641325952951,1.1746159600534156e-13,False
Sub-product,outcome_1_intervention_required,Credit reporting,Other personal consumer report,2661,16,2645,11.557487686040629,2.447333511427859,6.993349831603567,19.100363177792303,0.2563131826469645,9.5482155313046,0.0,False
Sub-product,outcome_1_intervention_required,Credit reporting,Medical debt,3825,21,3804,10.547460789976451,2.3558851475386198,6.783934722824079,16.398879656344768,0.22516728128598767,10.46282183665211,0.0,False
Sub-product,outcome_1_intervention_required,Credit reporting,Reverse mortgage,192,1,191,10.003126613081632,2.302897705433848,1.3979692330838889,71.57707027400473,1.0040189130983581,2.293679606420169,0.021808909004484622,False
Sub-product,outcome_1_intervention_required,Credit reporting,Federal student loan debt,196,1,195,9.79793427230047,2.282171574916731,1.3694364923457427,70.1014735191408,1.0039654281364339,2.2731575320804724,0.023016688462639934,False
Sub-product,outcome_1_intervention_required,Credit reporting,Other debt,10487,48,10439,8.785196358725203,2.17306807298007,6.494967597868491,11.882996165629411,0.15410225084223686,14.101468739770468,0.0,False
Sub-product,outcome_1_intervention_required,Credit reporting,Mortgage debt,474,2,472,8.09575077584149,2.091339328454868,2.010904225788965,32.59289019536644,0.7105892061048805,2.9431059612045294,0.0032493718032975405,False
Sub-product,outcome_1_intervention_required,Credit reporting,Private student loan debt,258,1,257,7.434230284430317,2.006095048585258,1.04032254338151,53.1256198123863,1.003349104922422,1.999398852047979,0.045565216048370605,False
Sub-product,outcome_1_intervention_required,Credit reporting,I do not know,13825,22,13803,3.045217563440485,1.1135723480152153,1.9790477049967572,4.6857637566152555,0.21987580412146296,5.064551565665042,4.093628225287915e-07,False
Sub-product,outcome_1_intervention_required,Credit reporting,Rental debt,477,0,477,1.9978129763403805,0.6920530704098546,0.12453045787138843,32.05044578376213,1.4159479703417521,0.48875600297857075,0.6250144500242749,True
Sub-product,outcome_1_intervention_required,Credit reporting,Telecommunications debt,632,0,632,1.5082303497273228,0.41093700972896424,0.09404651426926446,24.187592762085195,1.4157667327442098,0.2902575687256308,0.7716191973824666,True
Submitted via,outcome_1_intervention_required,Web,Referral,3651,460,3191,12.441598002707734,2.521045535870467,11.258700273146953,13.74877713284344,0.050971606374432064,49.45980154816255,0.0,False
Submitted via,outcome_1_intervention_required,Web,Phone,12201,818,11383,6.202141998058093,1.8248947159431004,5.760396104178942,6.677763936436601,0.037698201792395455,48.40800433911469,0.0,False
Submitted via,outcome_1_intervention_required,Web,Postal mail,2577,104,2473,3.6295631775968276,1.2891123042855266,2.9797426744580062,4.42109614802996,0.10065069303555166,12.807783686399343,0.0,False
Issue,outcome_2_timely_response_failure,Incorrect information on your report,Property was sold,2,1,1,1097.9526184538654,7.001202468546268,68.55352042811467,17584.80009256106,1.4150957695057622,4.947511411889469,7.516829836351491e-07,False
Issue,outcome_2_timely_response_failure,Incorrect information on your report,Vehicle was repossessed or sold the vehicle,68,17,51,365.98420615128845,5.902590179878159,209.56090493590713,639.1671156084907,0.2844774321842152,20.748887300332136,0.0,False
Issue,outcome_2_timely_response_failure,Incorrect information on your report,Problems receiving the advance,4,1,3,365.98420615128845,5.902590179878159,37.987597179601735,3526.0045145501645,1.155780848693401,5.107015042298875,3.272877038273947e-07,False
Issue,outcome_2_timely_response_failure,Incorrect information on your report,"Loan modification,collection,foreclosure",1,0,1,365.5288501452885,5.901345209440802,14.867578332940031,8986.758791276236,1.6337562847548786,3.612133134242977,0.0003036885735239192,True
Issue,outcome_2_timely_response_failure,Incorrect information on your report,Disclosure verification of debt,1,0,1,365.5288501452885,5.901345209440802,14.867578332940031,8986.758791276236,1.6337562847548786,3.612133134242977,0.0003036885735239192,True
Issue,outcome_2_timely_response_failure,Incorrect information on your report,Cont'd attempts collect debt not owed,1,0,1,365.5288501452885,5.901345209440802,14.867578332940031,8986.758791276236,1.6337562847548786,3.612133134242977,0.0003036885735239192,True
Issue,outcome_2_timely_response_failure,Incorrect information on your report,Property was damaged or destroyed property,1,0,1,365.5288501452885,5.901345209440802,14.867578332940031,8986.758791276236,1.6337562847548786,3.612133134242977,0.0003036885735239192,True
Issue,outcome_2_timely_response_failure,Incorrect information on your report,Didn't provide services promised,83,20,63,348.5563868107509,5.853800015708726,208.7859315814562,581.8953119413933,0.2614747650273751,22.387628936566262,0.0,False
Issue,outcome_2_timely_response_failure,Incorrect information on your report,Issue with income share agreement,5,1,4,274.48815461346635,5.614908107426378,30.611467933103945,2461.2915390976,1.119149693684051,5.017119817942364,5.24518583455702e-07,False
Issue,outcome_2_timely_response_failure,Incorrect information on your report,Charged upfront or unexpected fees,42,7,35,219.59052369077307,5.391764556112167,96.96604606106737,497.28745322274864,0.4170426936198219,12.928567359166651,0.0,False
Issue,outcome_2_timely_response_failure,Incorrect information on your report,Unexpected fees,3,0,3,156.65522149083793,5.054047349053598,8.07837210710543,3037.846993796968,1.5126821268937116,3.341116589664525,0.0008344217554876465,True
Issue,outcome_2_timely_response_failure,Incorrect information on your report,Issue where my lender is my school,3,0,3,156.65522149083793,5.054047349053598,8.07837210710543,3037.846993796968,1.5126821268937116,3.341116589664525,0.0008344217554876465,True
Issue,outcome_2_timely_response_failure,Incorrect information on your report,"Was approved for a loan, but didn't receive the money",42,4,38,115.57395983724898,4.749910669939773,41.05772584203187,325.33073662808135,0.528026350049682,8.99559400680071,0.0,False
Issue,outcome_2_timely_response_failure,Incorrect information on your report,Vehicle was damaged or destroyed the vehicle,11,1,10,109.79526184538653,4.698617375552223,14.02190955403375,859.7259508230876,1.0499981127950209,4.47488173387744,7.645361911778892e-06,False
Issue,outcome_2_timely_response_failure,Incorrect information on your report,Struggling to repay your loan,590,53,537,108.3640386928396,4.685496287589525,80.38195600309663,146.08707557913695,0.15240130837473376,30.74446235112718,0.0,False
Issue,outcome_2_timely_response_failure,Incorrect information on your report,Unauthorized withdrawals or charges,24,2,22,99.81387440489685,4.603307195747897,23.39314393801482,425.8858728059438,0.7402368420496581,6.21869506386861,5.013065518255644e-10,False
Issue,outcome_2_timely_response_failure,Incorrect information on your report,Problem adding money,39,3,36,91.49605153782211,4.516295818758268,28.062069613485875,298.32181169519566,0.6029984643298988,7.489730216439515,6.905587213168474e-14,False
Issue,outcome_2_timely_response_failure,Incorrect information on your report,Electronic communications,278,21,257,89.71597271412908,4.496648821374471,56.89230572408558,141.47705313751757,0.23239220097888474,19.34939641878532,0.0,False
Issue,outcome_2_timely_response_failure,Incorrect information on your report,Can't contact lender or servicer,56,4,52,84.45789372722041,4.436253111084731,30.403436712940913,234.6161021264518,0.5212742139257173,8.510401996821018,0.0,False
Issue,outcome_2_timely_response_failure,Incorrect information on your report,Credit reporting company's investigation,6,0,6,84.35281157198965,4.4350081406473745,4.743856235085041,1499.9183085429313,1.468447848973722,3.020201326010277,0.002526067130176557,True
Issue,outcome_2_timely_response_failure,Incorrect information on your report,Charged fees or interest you didn't expect,1068,69,999,75.83456523855526,4.3285541944949735,58.303794605399304,98.63648367730977,0.1341260284109485,32.27229081318,0.0,False
Issue,outcome_2_timely_response_failure,Incorrect information on your report,Loan payment wasn't credited to your account,47,3,44,74.86040580367263,4.315625123296116,23.149772985273273,242.07927916423094,0.5987959944202292,7.207170995648732,5.713207684721056e-13,False
Issue,outcome_2_timely_response_failure,Incorrect information on your report,Dealing with your lender or servicer,2782,172,2610,72.35549822761105,4.281591445042982,60.27075465062973,86.86332457778713,0.09323696758222759,45.92160766347274,0.0,False
Issue,outcome_2_timely_response_failure,Incorrect information on your report,"Was approved for a loan, but didn't receive money",9,0,9,57.71508160188766,4.0555185189424705,3.3533784997534646,993.3357193521229,1.4518113132236345,2.7934198349353716,0.005215395413171953,True
Issue,outcome_2_timely_response_failure,Incorrect information on your report,Unexpected or other fees,639,31,608,55.981136796167476,4.025014791065248,38.5161098599324,81.36563345540107,0.19078479559791825,21.097146543836885,0.0,False
Issue,outcome_2_timely_response_failure,Incorrect information on your report,Problem getting a card or closing an account,399,19,380,54.89763092269327,4.005470194992277,34.27514987704532,87.9281313644266,0.2403314269250736,16.666443695027176,0.0,False
Issue,outcome_2_timely_response_failure,Incorrect information on your report,Problem with the payoff process at the end of the loan,382,18,364,54.29436025321312,3.994420358805692,33.48624946231598,88.03247908139446,0.24657421839258348,16.19966752747025,0.0,False
Issue,outcome_2_timely_response_failure,Incorrect information on your report,Problem with a purchase or transfer,852,40,812,54.086335884426866,3.9905815824985265,38.79832644078676,75.39839982190016,0.16949207641273742,23.544354797925127,0.0,False
Issue,outcome_2_timely_response_failure,Incorrect information on your report,Incorrect exchange rate,10,0,10,52.218407163612646,3.955435060385488,3.0546348449400615,892.6638322160359,1.4483545928216242,2.7309852711411464,0.006314529363305121,True
Issue,outcome_2_timely_response_failure,Incorrect information on your report,Problem with overdraft,10,0,10,52.218407163612646,3.955435060385488,3.0546348449400615,892.6638322160359,1.4483545928216242,2.7309852711411464,0.006314529363305121,True
Issue,outcome_2_timely_response_failure,Incorrect information on your report,Threatened to contact someone or share information improperly,836,37,799,50.84386343278225,3.928759435424218,36.05056504814733,71.7075708888026,0.17542698867535078,22.395410564191298,0.0,False
Issue,outcome_2_timely_response_failure,Incorrect information on your report,Wrong amount charged or received,91,4,87,50.4805801587984,3.921588711011575,18.44034629667666,138.19095000553904,0.5137998537822567,7.6325220455852945,2.3092638912203256e-14,False
Issue,outcome_2_timely_response_failure,Incorrect information on your report,Issues with repayment,11,0,11,47.677676105907196,3.8644632821797615,2.804702245050276,810.482040605721,1.4454928062942851,2.6734572910721237,0.007507383495404252,True
Issue,outcome_2_timely_response_failure,Incorrect information on your report,Confusing or misleading advertising or marketing,204,8,196,44.814392589953684,3.8025293509955866,21.951041329148556,91.49132166862881,0.3641401896103089,10.442487425145055,0.0,False
Issue,outcome_2_timely_response_failure,Incorrect information on your report,Trouble using the card,730,27,703,42.16887723791517,3.7416824427399322,28.361366550686252,62.69846709707767,0.20237477366714415,18.488877714047817,0.0,False
Issue,outcome_2_timely_response_failure,Incorrect information on your report,Received a loan you didn't apply for,111,4,107,41.04495769920992,3.7146679952042523,15.055246450545193,111.900430063629,0.5117048282610088,7.259396022953854,3.888001032237298e-13,False
Issue,outcome_2_timely_response_failure,Incorrect information on your report,Took or threatened to take negative or legal action,4781,170,4611,40.47971050469683,3.700800873389824,33.75363184427468,48.54609335386245,0.09271063860210021,39.9177584060562,0.0,False
Issue,outcome_2_timely_response_failure,Incorrect information on your report,Problem with cash advance,30,1,29,37.8604351190988,3.633906638559794,5.144850877360196,278.6110971097705,1.0183215580030676,3.568525688178397,0.00035899566064356847,False
Issue,outcome_2_timely_response_failure,Incorrect information on your report,"Overdraft, savings, or rewards features",14,0,14,37.813329325374674,3.632661668122437,2.251776565566132,634.9865686206547,1.4392562136571712,2.523985398605152,0.01160327479871981,True
Issue,outcome_2_timely_response_failure,Incorrect information on your report,Getting the loan,346,11,335,36.05217553132095,3.584967209519572,19.618058361030943,66.25321102739724,0.31046771556646874,11.546988719836985,0.0,False
Issue,outcome_2_timely_response_failure,Incorrect information on your report,Incorrect information on credit report,15,0,15,35.373759691479535,3.565970293623765,2.1128956743806877,592.2217977360913,1.437709657873124,2.480313235774658,0.01312670107308822,True
Issue,outcome_2_timely_response_failure,Incorrect information on your report,Other service problem,197,6,191,34.49065817132561,3.5406885097276932,15.21333666867878,78.19491062341311,0.4176102317161454,8.478452491878457,0.0,False
Issue,outcome_2_timely_response_failure,Incorrect information on your report,Struggling to pay your loan,1680,51,1629,34.37420720757958,3.5373064926685487,25.58195606263143,46.188263253082724,0.15072409745097295,23.468752193518043,0.0,False
Issue,outcome_2_timely_response_failure,Incorrect information on your report,Applying for a mortgage or refinancing an existing mortgage,1337,40,1297,33.86129895000356,3.5222727383437604,24.35511105573813,47.07790344119055,0.16812806694967816,20.94993894980069,0.0,False
Issue,outcome_2_timely_response_failure,Incorrect information on your report,False statements or representation,4439,123,4316,31.290123278458164,3.4433024975406603,25.509957325632698,38.37998638270269,0.10420083583516357,33.04486446718775,0.0,False
Issue,outcome_2_timely_response_failure,Incorrect information on your report,Communication tactics,2910,80,2830,31.037529850285946,3.435197112582866,24.34599789972705,39.56823881999066,0.12389267033833971,27.72720212746769,0.0,False
Issue,outcome_2_timely_response_failure,Incorrect information on your report,Identity theft protection or other monitoring services,146,4,142,30.92824277334832,3.431669772064898,11.39471577007736,83.94735071489005,0.5094490066672345,6.736041737551999,1.6275869541004795e-11,False
Issue,outcome_2_timely_response_failure,Incorrect information on your report,Money was not available when promised,650,17,633,29.486879168587222,3.383945390458308,18.036228872524752,48.207197261028774,0.25079741847920506,13.49274410788598,0.0,False
Issue,outcome_2_timely_response_failure,Incorrect information on your report,Credit limit changed,19,0,19,28.117603857329886,3.336395851979265,1.6947246529875193,466.506252377952,1.4330997811009003,2.3280973844098014,0.019906933167308738,True
Issue,outcome_2_timely_response_failure,Incorrect information on your report,Other transaction problem,1283,32,1251,28.085118937269137,3.335239860879083,19.510378882776404,40.42842583733093,0.18586392168652818,17.944525385105056,0.0,False
Issue,outcome_2_timely_response_failure,Incorrect information on your report,Problem with customer service,362,9,353,27.993126249531976,3.3319589889491907,14.341281097933681,54.64052422312127,0.3412330716299608,9.764466770566793,0.0,False
Issue,outcome_2_timely_response_failure,Incorrect information on your report,Confusing or missing disclosures,373,9,364,27.14718012660656,3.3012731782457467,13.911311207343196,52.976270736967415,0.3411076087270247,9.67809891595713,0.0,False
Issue,outcome_2_timely_response_failure,Incorrect information on your report,Written notification about debt,7690,180,7510,26.3157751427025,3.270168574678298,22.039761477318216,31.421393651377386,0.0904695983241756,36.146602121084385,0.0,False
Issue,outcome_2_timely_response_failure,Incorrect information on your report,Advertising,22,0,22,24.3685900096859,3.193295008338591,1.4756507994047952,402.4178208690594,1.4307121917960446,2.231961834567082,0.02561748548082332,True
Issue,outcome_2_timely_response_failure,Incorrect information on your report,Repossession,415,9,406,24.338851147992088,3.1920738862807547,12.482404005417754,47.45717851681491,0.3406907720667062,9.369416925844286,0.0,False
Issue,outcome_2_timely_response_failure,Incorrect information on your report,Getting a loan,94,2,92,23.86853518377968,3.172561072057173,5.860472107894782,97.2117879465483,0.7164953608297101,4.427887807093838,9.516037458023874e-06,False
Issue,outcome_2_timely_response_failure,Incorrect information on your report,Closing on a mortgage,902,19,883,23.625254530717374,3.1623162471087483,14.84138589073048,37.607852511252894,0.23719215554425624,13.332296929687926,0.0,False
Issue,outcome_2_timely_response_failure,Incorrect information on your report,Attempts to collect debt not owed,23557,494,23063,23.517694728188417,3.157753104969518,20.601114210658427,26.84718698574627,0.0675550728268572,46.74338984228171,0.0,False
Issue,outcome_2_timely_response_failure,Incorrect information on your report,Can't stop withdrawals from your bank account,65,1,64,17.155509663341647,2.842319385186596,2.3741524233401554,123.96487643996613,1.0090198396826027,2.816911296888549,0.0048487915155221994,False
Issue,outcome_2_timely_response_failure,Incorrect information on your report,Problem with fraud alerts or security freezes,2425,37,2388,17.011828677886523,2.833908906678,12.118779421140518,23.880483744172835,0.1730370606810689,16.377467899210817,0.0,False
Issue,outcome_2_timely_response_failure,Incorrect information on your report,Fraud or scam,3613,55,3558,16.972286120000728,2.8315817855529586,12.779327189590857,22.54097511282141,0.1447719303884271,19.558914341721813,0.0,False
Issue,outcome_2_timely_response_failure,Incorrect information on your report,Problem with additional add-on products or services,264,4,260,16.891578745444082,2.826815198650631,6.2617666530329545,45.56628317909896,0.5063024695962474,5.583253822373974,2.3605983390240226e-08,False
Issue,outcome_2_timely_response_failure,Incorrect information on your report,Problem with a company's investigation into an existing issue,624,9,615,16.06759929444681,2.7768047780759697,8.260317031684325,31.253975615784064,0.3394601069998931,8.180062165822756,2.220446049250313e-16,False
Issue,outcome_2_timely_response_failure,Incorrect information on your report,Trouble during payment process,6003,81,5922,15.017589006207885,2.70922211455717,11.811663730374114,19.09366747204482,0.12251766303860177,22.112910476455728,0.0,False
Issue,outcome_2_timely_response_failure,Incorrect information on your report,Struggling to pay mortgage,3418,43,3375,13.988729657338137,2.6382519809332003,10.195220057927372,19.193755143513116,0.16139438380219379,16.346615779187598,0.0,False
Issue,outcome_2_timely_response_failure,Incorrect information on your report,Managing the loan or lease,2387,29,2358,13.503234069195122,2.6029292174354257,9.243019744057664,19.727030275435304,0.1933982515539956,13.458907702217276,0.0,False
Issue,outcome_2_timely_response_failure,Incorrect information on your report,Excessive fees,42,0,42,12.901018240421948,2.5573062416185945,0.7925286466429301,210.0066317409556,1.4233841164893273,1.796638175172281,0.07239307978206821,True
Issue,outcome_2_timely_response_failure,Incorrect information on your report,Getting a loan or lease,1199,13,1186,12.034893794182334,2.4878102464501337,6.906966262397579,20.969940077131824,0.28330599025891917,8.781354196487243,0.0,False
Issue,outcome_2_timely_response_failure,Incorrect information on your report,Problems at the end of the loan or lease,1201,13,1188,12.014633030219064,2.4861253260852143,6.895372230790427,20.934534354251053,0.2833034850437476,8.775484444539424,0.0,False
Issue,outcome_2_timely_response_failure,Incorrect information on your report,Opening an account,2880,31,2849,11.946834388230897,2.480466338533506,8.274957379563864,17.24804676967881,0.18736355499465346,13.238787760001072,0.0,False
Issue,outcome_2_timely_response_failure,Incorrect information on your report,Money was taken from your bank account on the wrong day or for the wrong amount,47,0,47,11.543016320377532,2.4460806065083704,0.7103151905465724,187.58042562763697,1.422513818171319,1.719547870299689,0.08551465894958898,True
Issue,outcome_2_timely_response_failure,Incorrect information on your report,Lost or stolen money order,52,0,52,10.443681432722528,2.3459971479513877,0.643554670449596,169.48129953278897,1.4218089007869574,1.650008764646853,0.0989411434483598,True
Issue,outcome_2_timely_response_failure,Incorrect information on your report,Trouble using your card,1161,10,1151,9.539119187262079,2.255401152818431,5.07970524805501,17.913400566624002,0.321504038238673,7.0151565285911035,2.296829393344524e-12,False
Issue,outcome_2_timely_response_failure,Incorrect information on your report,Credit monitoring or identity theft protection services,2013,17,1996,9.351299856570998,2.2355153557310747,5.7441733233580266,15.22356727153623,0.2486374233474878,8.991065486577172,0.0,False
Issue,outcome_2_timely_response_failure,Incorrect information on your report,Problem when making payments,2740,23,2717,9.294409357541003,2.22941307504907,6.095059427234917,14.173126010805062,0.21527273571519065,10.35622587153173,0.0,False
Issue,outcome_2_timely_response_failure,Incorrect information on your report,Getting a line of credit,264,2,262,8.381317698121109,2.1260051453451165,2.0778925024658443,33.80660273497129,0.7115566251298872,2.9878228524076165,0.002809723596579383,False
Issue,outcome_2_timely_response_failure,Incorrect information on your report,Closing your account,1823,13,1810,7.885847535856492,2.0650697017479334,4.530337296299597,13.726702294234963,0.28279250340846623,7.302420244023022,2.8266278206956486e-13,False
Issue,outcome_2_timely_response_failure,Incorrect information on your report,Lost or stolen check,71,0,71,7.668437415635423,2.037112867849004,0.47419264538584704,124.01063780664107,1.4200277973671542,1.4345584442966361,0.15141296350705336,True
Issue,outcome_2_timely_response_failure,Incorrect information on your report,Managing an account,16208,108,16100,7.365147999566302,1.9967591446979334,5.951787871287392,9.11413616019585,0.10870790189129147,18.368114092522035,0.0,False
Issue,outcome_2_timely_response_failure,Incorrect information on your report,Closing an account,3795,25,3770,7.280852907519001,1.9852480129724122,4.85468139984389,10.919525854494289,0.20678802881814767,9.600401069243071,0.0,False
Issue,outcome_2_timely_response_failure,Incorrect information on your report,Problem with a lender or other company charging your account,3516,22,3494,6.913267775038649,1.933442431210582,4.4950198493254865,10.63249394472854,0.21962874868827004,8.803230190756187,0.0,False
Issue,outcome_2_timely_response_failure,Incorrect information on your report,"Managing, opening, or closing your mobile wallet account",845,5,840,6.53543225270158,1.8772384891430092,2.6983981019823884,15.82860390328381,0.4513164223287043,4.159473035474372,3.1898267376151423e-05,False
Issue,outcome_2_timely_response_failure,Incorrect information on your report,Getting a credit card,3986,21,3965,5.815133666464356,1.7604637722007426,3.7456219160733437,9.02808140184564,0.22442658332233423,7.844274711754019,4.440892098500626e-15,False
Issue,outcome_2_timely_response_failure,Incorrect information on your report,"Other features, terms, or problems",3196,15,3181,5.177393673941522,1.6443017778993338,3.088467803542745,8.679192065470625,0.26358503389071763,6.238221319428407,4.4257419951065913e-10,False
Issue,outcome_2_timely_response_failure,Incorrect information on your report,Unauthorized transactions or other transaction problem,1084,5,1079,5.087824923326531,1.6268504157222339,2.1019027401158406,12.315490130145601,0.45102419107229647,3.607013654532467,0.00030974136660999463,False
Issue,outcome_2_timely_response_failure,Incorrect information on your report,Problem with a purchase shown on your statement,7659,32,7627,4.606592866202136,1.5274885091817558,3.211492813273776,6.607736360870805,0.18405746391753353,8.298976182058789,0.0,False
Issue,outcome_2_timely_response_failure,Incorrect information on your report,Unable to get your credit report or credit score,3143,13,3130,4.560186594217332,1.5173635424736058,2.6218974227073595,7.9313941094638,0.282380244730529,5.373476263970243,7.723297623662972e-08,False
Issue,outcome_2_timely_response_failure,Incorrect information on your report,"Advertising and marketing, including promotional offers",1273,5,1268,4.3294661610956835,1.4654442459831971,1.789143544649919,10.47667600295329,0.450871024136868,3.2502515520676742,0.0011530296794939332,False
Issue,outcome_2_timely_response_failure,Incorrect information on your report,Fees or interest,2702,10,2692,4.0785758486399155,1.4057478707756952,2.175193787505194,7.6474937767213,0.32072964923493613,4.382968254194602,1.1707317806086692e-05,False
Issue,outcome_2_timely_response_failure,Incorrect information on your report,Problem caused by your funds being low,1405,4,1401,3.1347683610388732,1.1425552833291517,1.169158331815589,8.40499734720303,0.5031995754643287,2.2705807775669444,0.02317236821314861,False
Issue,outcome_2_timely_response_failure,Incorrect information on your report,Struggling to pay your bill,407,1,406,2.7043167942213433,0.9948493089445354,0.3790812981143472,19.2922451196777,1.0024764790558915,0.992391671754195,0.3210065000003526,False
Issue,outcome_2_timely_response_failure,Incorrect information on your report,Trouble accessing funds in your mobile or digital wallet,217,0,217,2.5208886216916446,0.9246114670202269,0.15689847709353955,40.50313018134496,1.4167182614969083,0.6526431487113605,0.513986361439601,True
Issue,outcome_2_timely_response_failure,Incorrect information on your report,Improper use of your report,238630,218,238412,1.0039497626920735,0.003941982858347672,0.85123776425781,1.184058283514086,0.08418662159839818,0.04682433839847394,0.9626532310684623,False
Issue,outcome_2_timely_response_failure,Incorrect information on your report,Problem with a credit reporting company's investigation into an existing problem,139936,89,139847,0.6987477961085616,-0.35846540856637227,0.555323183271363,0.879215017983475,0.11721408874828379,-3.058210940292114,0.002226627794667424,False
Issue,outcome_2_timely_response_failure,Incorrect information on your report,Problem with a company's investigation into an existing problem,86898,48,86850,0.6068131915461777,-0.49953429221509205,0.4497885579792536,0.8186563284062962,0.1527772375428252,-3.269690565487983,0.00107665189338646,False
Product,outcome_2_timely_response_failure,"Credit reporting, credit repair services, or other personal consumer reports",Debt or credit management,259,35,224,151.0534989858012,5.017634071985451,104.64827681750985,218.0366485694073,0.18725973947856353,26.79504994483794,0.0,False
Product,outcome_2_timely_response_failure,"Credit reporting, credit repair services, or other personal consumer reports",Prepaid card,434,44,390,109.06837260102981,4.6919749571456455,78.88571131637393,150.79929816602774,0.16529328793160505,28.385756105759647,0.0,False
Product,outcome_2_timely_response_failure,"Credit reporting, credit repair services, or other personal consumer reports",Student loan,3948,251,3697,65.63493123364648,4.184108042546229,56.18908785554223,76.66869782832022,0.07927830141366583,52.77746833542754,0.0,False
Product,outcome_2_timely_response_failure,"Credit reporting, credit repair services, or other personal consumer reports","Payday loan, title loan, personal loan, or advance loan",1187,65,1122,56.00557538154484,4.025451246164073,42.959644257060546,73.01327857952147,0.13530105958797414,29.751808732485813,0.0,False
Product,outcome_2_timely_response_failure,"Credit reporting, credit repair services, or other personal consumer reports","Payday loan, title loan, or personal loan",3308,140,3168,42.72220173335792,3.7547187320260647,35.29679265832775,51.709698912688744,0.09741154681237181,38.544904119613,0.0,False
Product,outcome_2_timely_response_failure,"Credit reporting, credit repair services, or other personal consumer reports",Debt collection,44493,1105,43388,24.620870858937636,3.203594492142822,22.13113870827091,27.390695519247664,0.05439228775076358,58.89795455602708,0.0,False
Product,outcome_2_timely_response_failure,"Credit reporting, credit repair services, or other personal consumer reports",Credit reporting,21,0,21,22.45962630475248,3.111719310915089,1.3585606960926542,371.30090337511666,1.431272185342324,2.1740933295443345,0.02969812682544326,True
Product,outcome_2_timely_response_failure,"Credit reporting, credit repair services, or other personal consumer reports","Money transfer, virtual currency, or money service",8263,132,8131,15.69425605008054,2.75329478872961,12.935383339254903,19.041544151074024,0.09863690699830961,27.913433952027656,0.0,False
Product,outcome_2_timely_response_failure,"Credit reporting, credit repair services, or other personal consumer reports",Mortgage,12133,189,11944,15.29758141102019,2.7276947381916927,12.923271106693623,18.10810862782114,0.0860536174743187,31.697618510990882,0.0,False
Product,outcome_2_timely_response_failure,"Credit reporting, credit repair services, or other personal consumer reports",Vehicle loan or lease,7215,102,7113,13.863028839860963,2.629225500901833,11.186883588476768,17.179366093768838,0.1094303658446613,24.026470903278103,0.0,False
Product,outcome_2_timely_response_failure,"Credit reporting, credit repair services, or other personal consumer reports",Credit card,6575,60,6515,8.903230024642774,2.186414135014232,6.802639319427457,11.652463279263214,0.13729768516695728,15.924624893387676,0.0,False
Product,outcome_2_timely_response_failure,"Credit reporting, credit repair services, or other personal consumer reports",Checking or savings account,27952,192,27760,6.686402721676965,1.9000760197581175,5.65704823008045,7.903058191853759,0.08529274372391576,22.27711217625355,0.0,False
Product,outcome_2_timely_response_failure,"Credit reporting, credit repair services, or other personal consumer reports",Credit card or prepaid card,25486,127,25359,4.841527030863174,1.5772301732126308,3.981984376132914,5.886608729827014,0.0997193322456118,15.816694092253487,0.0,False
Product,outcome_2_timely_response_failure,"Credit reporting, credit repair services, or other personal consumer reports",Credit reporting or other personal consumer reports,430204,292,429912,0.6566199103645987,-0.4206499509436891,0.5681075841171831,0.7589226384949662,0.07387475438563215,-5.694096101461977,1.2402721516480142e-08,False
Sub-issue,outcome_2_timely_response_failure,Information belongs to someone else,Billing or statement issues,1,1,0,5673.520900321543,8.643565174074006,230.22095872798587,139817.15472055506,1.6349620592839553,5.286706884109301,1.2453795306122117e-07,True
Sub-issue,outcome_2_timely_response_failure,Information belongs to someone else,Loan estimate or other related disclosures,9,4,5,1517.8167741935483,7.325028248558202,403.761251006947,5705.767342155553,0.6756145449686314,10.842022723028116,0.0,False
Sub-issue,outcome_2_timely_response_failure,Information belongs to someone else,"Problem with forgiveness, cancellation, or discharge",116,38,78,924.3114971050455,6.829049132909206,608.2266074072797,1404.6602586533684,0.21352123001558365,31.982998282703758,0.0,False
Sub-issue,outcome_2_timely_response_failure,Information belongs to someone else,Contacted before 8am or after 9pm,24,6,18,632.4236559139785,6.449559511204302,247.71612208931037,1614.5888171759868,0.4782020865652857,13.487100312607664,0.0,False
Sub-issue,outcome_2_timely_response_failure,Information belongs to someone else,Reinserted previously deleted info,1,0,1,630.3912111468381,6.446340596737787,25.580106525331782,15535.239413395026,1.6349620592839553,3.94280745545925,8.053330917312529e-05,True
Sub-issue,outcome_2_timely_response_failure,Information belongs to someone else,Inadequate help over the phone,1,0,1,630.3912111468381,6.446340596737787,25.580106525331782,15535.239413395026,1.6349620592839553,3.94280745545925,8.053330917312529e-05,True
Sub-issue,outcome_2_timely_response_failure,Information belongs to someone else,Right to dispute notice not received,1,0,1,630.3912111468381,6.446340596737787,25.580106525331782,15535.239413395026,1.6349620592839553,3.94280745545925,8.053330917312529e-05,True
Sub-issue,outcome_2_timely_response_failure,Information belongs to someone else,Public record,1,0,1,630.3912111468381,6.446340596737787,25.580106525331782,15535.239413395026,1.6349620592839553,3.94280745545925,8.053330917312529e-05,True
Sub-issue,outcome_2_timely_response_failure,Information belongs to someone else,Payment issues,1,0,1,630.3912111468381,6.446340596737787,25.580106525331782,15535.239413395026,1.6349620592839553,3.94280745545925,8.053330917312529e-05,True
Sub-issue,outcome_2_timely_response_failure,Information belongs to someone else,Issues with financial aid services,1,0,1,630.3912111468381,6.446340596737787,25.580106525331782,15535.239413395026,1.6349620592839553,3.94280745545925,8.053330917312529e-05,True
Sub-issue,outcome_2_timely_response_failure,Information belongs to someone else,Debt is not mine,1,0,1,630.3912111468381,6.446340596737787,25.580106525331782,15535.239413395026,1.6349620592839553,3.94280745545925,8.053330917312529e-05,True
Sub-issue,outcome_2_timely_response_failure,Information belongs to someone else,"Was signed up for overdraft on card, but don't want to be",1,0,1,630.3912111468381,6.446340596737787,25.580106525331782,15535.239413395026,1.6349620592839553,3.94280745545925,8.053330917312529e-05,True
Sub-issue,outcome_2_timely_response_failure,Information belongs to someone else,Qualified for a better loan than the one offered,1,0,1,630.3912111468381,6.446340596737787,25.580106525331782,15535.239413395026,1.6349620592839553,3.94280745545925,8.053330917312529e-05,True
Sub-issue,outcome_2_timely_response_failure,Information belongs to someone else,Marketing or disclosure issues,1,0,1,630.3912111468381,6.446340596737787,25.580106525331782,15535.239413395026,1.6349620592839553,3.94280745545925,8.053330917312529e-05,True
Sub-issue,outcome_2_timely_response_failure,Information belongs to someone else,Issues with fees connected to the loan,1,0,1,630.3912111468381,6.446340596737787,25.580106525331782,15535.239413395026,1.6349620592839553,3.94280745545925,8.053330917312529e-05,True
Sub-issue,outcome_2_timely_response_failure,Information belongs to someone else,Trouble using the card to send money to another person,11,2,9,421.615770609319,6.044094403096138,90.36174860952968,1967.2025028491225,0.7858537551505891,7.69111856179645,1.4654943925052066e-14,False
Sub-issue,outcome_2_timely_response_failure,Information belongs to someone else,Contacted you instead of your attorney,11,2,9,421.615770609319,6.044094403096138,90.36174860952968,1967.2025028491225,0.7858537551505891,7.69111856179645,1.4654943925052066e-14,False
Sub-issue,outcome_2_timely_response_failure,Information belongs to someone else,Dealing with provider of income share agreement,2,0,2,378.2347266881029,5.935514972971796,18.084017143475123,7910.936344386381,1.5512685997696742,3.826232912761256,0.00013011918327077154,True
Sub-issue,outcome_2_timely_response_failure,Information belongs to someone else,Did not receive car title,2,0,2,378.2347266881029,5.935514972971796,18.084017143475123,7910.936344386381,1.5512685997696742,3.826232912761256,0.00013011918327077154,True
Sub-issue,outcome_2_timely_response_failure,Information belongs to someone else,Account terms,2,0,2,378.2347266881029,5.935514972971796,18.084017143475123,7910.936344386381,1.5512685997696742,3.826232912761256,0.00013011918327077154,True
Sub-issue,outcome_2_timely_response_failure,Information belongs to someone else,High pressure sales tactics or recruiting,2,0,2,378.2347266881029,5.935514972971796,18.084017143475123,7910.936344386381,1.5512685997696742,3.826232912761256,0.00013011918327077154,True
Sub-issue,outcome_2_timely_response_failure,Information belongs to someone else,"Cannot graduate, receive diploma, or get transcript due to money owed",2,0,2,378.2347266881029,5.935514972971796,18.084017143475123,7910.936344386381,1.5512685997696742,3.826232912761256,0.00013011918327077154,True
Sub-issue,outcome_2_timely_response_failure,Information belongs to someone else,Changes in loan terms during or after closing,38,5,33,287.4652981427175,5.661102150840032,110.7648499376404,746.0516371647223,0.4865778906569852,11.63452400847133,0.0,False
Sub-issue,outcome_2_timely_response_failure,Information belongs to someone else,Setting up an escrow account for taxes and insurance,3,0,3,270.1676619200735,5.599042736350583,13.896450498397321,5252.461091109346,1.5139843309445613,3.6982170963799805,0.0002171191577091669,True
Sub-issue,outcome_2_timely_response_failure,Information belongs to someone else,Account status,3,0,3,270.1676619200735,5.599042736350583,13.896450498397321,5252.461091109346,1.5139843309445613,3.6982170963799805,0.0002171191577091669,True
Sub-issue,outcome_2_timely_response_failure,Information belongs to someone else,Overcharged for a purchase or transfer you did make with the card,19,2,17,223.20834914611007,5.408105636376141,51.135525943187,974.3122068185114,0.7518500799926375,7.193063857131065,6.334932578511143e-13,False
Sub-issue,outcome_2_timely_response_failure,Information belongs to someone else,Problem with your payment plan,40,4,36,210.8078853046595,5.350947222536193,74.14353484080068,599.377472385731,0.533134871445255,10.036760881970663,0.0,False
Sub-issue,outcome_2_timely_response_failure,Information belongs to someone else,Trouble with how payments are being handled,796,71,725,185.8017085650723,5.224680022059053,139.00387841305363,248.3547603119118,0.14805009544154932,35.28994700392999,0.0,False
Sub-issue,outcome_2_timely_response_failure,Information belongs to someone else,Changes in loan terms during the application process,23,2,21,180.69247311827957,5.196796542708934,42.00749180151118,777.2368318459236,0.7443615122991103,6.981549229563981,2.9194424655543116e-12,False
Sub-issue,outcome_2_timely_response_failure,Information belongs to someone else,Company explaining amount owed,23,2,21,180.69247311827957,5.196796542708934,42.00749180151118,777.2368318459236,0.7443615122991103,6.981549229563981,2.9194424655543116e-12,False
Sub-issue,outcome_2_timely_response_failure,Information belongs to someone else,Fees or costs during the application process,24,2,22,172.4791788856305,5.150276527074041,40.21260317897975,739.7946115712297,0.7429061574840501,6.932607133741001,4.1315839638400575e-12,False
Sub-issue,outcome_2_timely_response_failure,Information belongs to someone else,Problem with a check written from your prepaid card account,5,0,5,171.9248757673195,5.147057612607526,9.465749683458304,3122.6436252864387,1.4792742985834464,3.4794477383514,0.0005024483584987749,True
Sub-issue,outcome_2_timely_response_failure,Information belongs to someone else,No notice of investigation status/result,5,0,5,171.9248757673195,5.147057612607526,9.465749683458304,3122.6436252864387,1.4792742985834464,3.4794477383514,0.0005024483584987749,True
Sub-issue,outcome_2_timely_response_failure,Information belongs to someone else,Co-signer,6,0,6,145.47489488003959,4.98000352794436,8.159775115636752,2593.5696438255486,1.4697892442379348,3.3882432787337633,0.0007034184327532333,True
Sub-issue,outcome_2_timely_response_failure,Information belongs to someone else,Paying off the loan,58,4,54,140.53859020310634,4.945482114428028,50.284602034177055,392.7861519685963,0.5243791871267292,9.431118236263694,0.0,False
Sub-issue,outcome_2_timely_response_failure,Information belongs to someone else,Application denials,44,3,41,138.82470495672698,4.933212021836214,42.53837804423836,453.05673587929965,0.6034721125362325,8.174714157218034,2.220446049250313e-16,False
Sub-issue,outcome_2_timely_response_failure,Information belongs to someone else,Threatened to arrest you or take you to jail if you do not pay,140,9,131,130.34686037921693,4.87019905400748,65.14926717329679,260.7904086706753,0.35383571367308503,13.764012127128415,0.0,False
Sub-issue,outcome_2_timely_response_failure,Information belongs to someone else,Threatened to turn you in to immigration or deport you,7,0,7,126.07824222936763,4.836902684303687,7.169425765885552,2217.1542997605334,1.4627944496629384,3.3066181550102414,0.0009442951692613111,True
Sub-issue,outcome_2_timely_response_failure,Information belongs to someone else,Changes in terms from what was offered or advertised,7,0,7,126.07824222936763,4.836902684303687,7.169425765885552,2217.1542997605334,1.4627944496629384,3.3066181550102414,0.0009442951692613111,True
Sub-issue,outcome_2_timely_response_failure,Information belongs to someone else,Private mortgage insurance (PMI),50,3,47,121.10240219629375,4.7966364868304625,37.29645810960007,393.2221063623713,0.600886796702328,7.9825959118330525,1.3322676295501878e-15,False
Sub-issue,outcome_2_timely_response_failure,Information belongs to someone else,Trying to communicate with the company to fix an issue with the application process,51,3,48,118.57943548387097,4.77558307763263,36.545867112253624,384.7516458286169,0.6005178432318539,7.952441599289542,1.7763568394002505e-15,False
Sub-issue,outcome_2_timely_response_failure,Information belongs to someone else,Account sold or transferred to another company,17,1,16,118.57943548387097,4.77558307763263,15.62908461489095,899.6740926385736,1.0339028065409102,4.61898647282922,3.856189930262488e-06,False
Sub-issue,outcome_2_timely_response_failure,Information belongs to someone else,Trouble getting a working replacement card,104,6,98,116.1594470046083,4.754963790429895,50.18716208939489,268.853957200892,0.4281655774025867,11.105432200494239,0.0,False
Sub-issue,outcome_2_timely_response_failure,Information belongs to someone else,Delays in the application process,36,2,34,111.60417457305503,4.714958455816196,26.58058828770612,468.5935332700583,0.732029219416174,6.440942971616058,1.1873346750235214e-10,False
Sub-issue,outcome_2_timely_response_failure,Information belongs to someone else,Information is not mine,8,0,8,111.24550784944202,4.71173954134968,6.39291777336928,1935.823900040235,1.4574228375646152,3.2329255586684083,0.0012252948694839727,True
Sub-issue,outcome_2_timely_response_failure,Information belongs to someone else,Frequent or repeated messages,184,10,174,109.03856136447905,4.691701593651929,56.55244691949864,210.2368422954292,0.3349658785756429,14.006506016679056,0.0,False
Sub-issue,outcome_2_timely_response_failure,Information belongs to someone else,"Trouble getting, activating, or registering a card",148,8,140,108.41548387096775,4.685970918942943,52.26295037170045,224.89960974994287,0.3722873493902632,12.586973279155695,0.0,False
Sub-issue,outcome_2_timely_response_failure,Information belongs to someone else,Trouble getting information about the card,115,6,109,104.43693400414324,4.648583386871323,45.22903041276178,241.15204514992732,0.4269613471573778,10.887597713049788,0.0,False
Sub-issue,outcome_2_timely_response_failure,Information belongs to someone else,Received bad information about your loan,1079,54,1025,99.95378756884342,4.604707954864177,72.89184041929444,137.06279868758702,0.16108737271365137,28.585157714686293,0.0,False
Sub-issue,outcome_2_timely_response_failure,Information belongs to someone else,Problem extending the lease,9,0,9,99.53545439160602,4.600513906239456,5.767879438058144,1717.6688221969748,1.4531680654783543,3.1658512291384944,0.001546298565822779,True
Sub-issue,outcome_2_timely_response_failure,Information belongs to someone else,Overdraft charges,9,0,9,99.53545439160602,4.600513906239456,5.767879438058144,1717.6688221969748,1.4531680654783543,3.1658512291384944,0.001546298565822779,True
Sub-issue,outcome_2_timely_response_failure,Information belongs to someone else,"Trying to communicate with the company to fix an issue related to modification, forbearance, short sale, deed-in-lieu, bankruptcy, or foreclosure",303,15,288,98.81619623655914,4.593261520838676,57.444524714898215,169.98383548518967,0.27675603383135056,16.596789082610265,0.0,False
Sub-issue,outcome_2_timely_response_failure,Information belongs to someone else,Contacted your employer,102,5,97,97.7974725640173,4.5828987338031295,39.26615177621757,243.57736134719937,0.46557952244883605,9.843428486068689,0.0,False
Sub-issue,outcome_2_timely_response_failure,Information belongs to someone else,Trying to communicate with the company to fix an issue with the loan closing,41,2,39,97.295947063689,4.577757334302711,23.290301557909835,406.45679453665866,0.7294491339457443,6.2756361222072545,3.48207684908175e-10,False
Sub-issue,outcome_2_timely_response_failure,Information belongs to someone else,Talked to a third-party about your debt,519,25,494,96.01573723390362,4.56451210755269,62.36217894642551,147.83033486514253,0.22018016457243933,20.73080523132666,0.0,False
Sub-issue,outcome_2_timely_response_failure,Information belongs to someone else,Fees charged,42,2,40,94.86354838709677,4.5524395263184205,22.727614618464585,395.9541273319514,0.7290096113036993,6.244690681343997,4.2463965677086435e-10,False
Sub-issue,outcome_2_timely_response_failure,Information belongs to someone else,Card company isn't resolving a dispute about a purchase or transfer,522,24,498,91.4347454333463,4.515625553195704,58.95580581165925,141.80643547081294,0.22389665510755508,20.168347539745497,0.0,False
Sub-issue,outcome_2_timely_response_failure,Information belongs to someone else,Don't agree with the fees charged,174,8,166,91.4347454333463,4.515625553195704,44.20744941187842,189.1154722492187,0.37078175488919746,12.178661688855566,0.0,False
Sub-issue,outcome_2_timely_response_failure,Information belongs to someone else,Problem when attempting to purchase vehicle at the end of the lease,44,2,42,90.34623655913978,4.503649362148989,21.68003445674186,376.49582507290586,0.7281926511457628,6.1846948813103175,6.222269366418232e-10,False
Sub-issue,outcome_2_timely_response_failure,Information belongs to someone else,Interest rate,10,0,10,90.05588730669116,4.500430447682474,5.254000942280952,1543.5975226670946,1.449714580139643,3.1043562017904054,0.0019069359849412937,True
Sub-issue,outcome_2_timely_response_failure,Information belongs to someone else,Bankruptcy,10,0,10,90.05588730669116,4.500430447682474,5.254000942280952,1543.5975226670946,1.449714580139643,3.1043562017904054,0.0019069359849412937,True
Sub-issue,outcome_2_timely_response_failure,Information belongs to someone else,Negative impact of inaccurate appraisal,10,0,10,90.05588730669116,4.500430447682474,5.254000942280952,1543.5975226670946,1.449714580139643,3.1043562017904054,0.0019069359849412937,True
Sub-issue,outcome_2_timely_response_failure,Information belongs to someone else,Denied loan,10,0,10,90.05588730669116,4.500430447682474,5.254000942280952,1543.5975226670946,1.449714580139643,3.1043562017904054,0.0019069359849412937,True
Sub-issue,outcome_2_timely_response_failure,Information belongs to someone else,Problem with a trade-in,10,0,10,90.05588730669116,4.500430447682474,5.254000942280952,1543.5975226670946,1.449714580139643,3.1043562017904054,0.0019069359849412937,True
Sub-issue,outcome_2_timely_response_failure,Information belongs to someone else,Charged for a purchase or transfer you did not make with the card,311,14,297,89.43364831106767,4.493496990684971,51.15237944227604,156.36374177380483,0.28504488798914734,15.764173223327738,0.0,False
Sub-issue,outcome_2_timely_response_failure,Information belongs to someone else,Payment process,227,10,217,87.4318418314256,4.470859539325998,45.49792685828505,168.0148414200418,0.333261621408836,13.415464764366831,0.0,False
Sub-issue,outcome_2_timely_response_failure,Information belongs to someone else,Seized or attempted to seize your property,364,16,348,87.23084909158324,4.468558042337719,51.586566905505954,147.50392378653183,0.2680085382810808,16.673192843025042,0.0,False
Sub-issue,outcome_2_timely_response_failure,Information belongs to someone else,Fees or costs after closing,24,1,23,82.49004207573633,4.412677583943262,11.071110414619191,614.6273306669758,1.0246625172429875,4.306469212727964,1.6588100439252074e-05,False
Sub-issue,outcome_2_timely_response_failure,Information belongs to someone else,Problem with convenience check,11,0,11,82.22494058437019,4.409458669476747,4.824089062627813,1401.4958609450582,1.4468554835817211,3.047615134692678,0.0023066514325968956,True
Sub-issue,outcome_2_timely_response_failure,Information belongs to someone else,"Impersonated attorney, law enforcement, or government official",338,14,324,81.98084428514537,4.406485613695341,46.93497482420137,143.195108868786,0.28455228791002296,15.485679788625339,0.0,False
Sub-issue,outcome_2_timely_response_failure,Information belongs to someone else,Threatened to sue you for very old debt,762,31,731,80.45882352941176,4.387745544607779,54.34477743699904,119.12133215085431,0.20020256478224083,21.916530137265248,0.0,False
Sub-issue,outcome_2_timely_response_failure,Information belongs to someone else,Problem with customer service,749,30,719,79.16290546906546,4.371507823813521,53.18475897468087,117.83010251654149,0.20292650711685925,21.542320349978237,0.0,False
Sub-issue,outcome_2_timely_response_failure,Information belongs to someone else,Trouble using the card to spend money in a store or online,431,17,414,77.90726196041764,4.355519170103314,46.7851094901304,129.73233433277625,0.2601807097425432,16.740361629473735,0.0,False
Sub-issue,outcome_2_timely_response_failure,Information belongs to someone else,"Escrow, taxes, or insurance",355,14,341,77.89382272254281,4.355346652204154,44.61875756511177,135.98423509387837,0.28428178999258863,15.320526342252522,0.0,False
Sub-issue,outcome_2_timely_response_failure,Information belongs to someone else,Trouble closing card,128,5,123,77.12483608707055,4.345425356934094,31.108717318232447,191.2081517411617,0.4632333047978996,9.380641054791873,0.0,False
Sub-issue,outcome_2_timely_response_failure,Information belongs to someone else,Received unwanted marketing or advertising,105,4,101,75.13944426700735,4.319345644151043,27.324827821453496,206.6229336062612,0.5160968934920852,8.36925332939886,0.0,False
Sub-issue,outcome_2_timely_response_failure,Information belongs to someone else,High-pressure sales tactics,54,2,52,72.97196029776676,4.29007526185093,17.619268475163626,302.22066240746125,0.7250419178254042,5.917003081308761,3.2786056092248828e-09,False
Sub-issue,outcome_2_timely_response_failure,Information belongs to someone else,Confusing or misleading advertising,28,1,27,70.26929510155317,4.252334933868083,9.489314198874235,520.3509685299448,1.021514586489203,4.162774560550074,3.1440374395508286e-05,False
Sub-issue,outcome_2_timely_response_failure,Information belongs to someone else,Trying to communicate with the company to fix an issue while managing or servicing your loan,286,10,276,68.74170172978027,4.230356027149307,35.875927873074865,131.71566108127152,0.3317803517072219,12.750471826862025,0.0,False
Sub-issue,outcome_2_timely_response_failure,Information belongs to someone else,Threatened or suggested your credit would be damaged,2706,93,2613,67.52629161882894,4.212517027505055,52.0687282908457,87.57271801072181,0.13262881821253233,31.76170220226698,0.0,False
Sub-issue,outcome_2_timely_response_failure,Information belongs to someone else,Problem getting a working replacement card,147,5,142,66.8053157655611,4.2017826547052515,27.008447066001313,165.24275548424117,0.4620576445577949,9.093633022188177,0.0,False
Sub-issue,outcome_2_timely_response_failure,Information belongs to someone else,Problem adding money,14,0,14,65.21288391174188,4.177657055419423,3.873011875704343,1098.0395528255196,1.4406247901076619,2.8998925217073452,0.0037329063362365744,True
Sub-issue,outcome_2_timely_response_failure,Information belongs to someone else,Frequent or repeated calls,1588,52,1536,64.23052755376344,4.162478604746222,46.73052404007088,88.28406602710356,0.16228624177855205,25.64899254014483,0.0,False
Sub-issue,outcome_2_timely_response_failure,Information belongs to someone else,Need information about your loan balance or loan terms,245,8,237,64.04290186470668,4.1595532004171165,31.112405241287192,131.82822888310906,0.36834009102441073,11.29269743309439,0.0,False
Sub-issue,outcome_2_timely_response_failure,Information belongs to someone else,Confusing or misleading advertising about the card,15,0,15,61.00560107872627,4.11096568092075,3.634128969054104,1024.0922638321697,1.4390797051114381,2.8566629536356425,0.004281201829041681,True
Sub-issue,outcome_2_timely_response_failure,Information belongs to someone else,Debt was paid,2930,91,2839,60.81425081525753,4.107824149916291,46.822085299201255,78.98779130805059,0.13340262765495364,30.792677941406012,0.0,False
Sub-issue,outcome_2_timely_response_failure,Information belongs to someone else,Didn't receive notice of right to dispute,2068,63,2005,59.61499798889872,4.087907186523275,44.33524258940727,80.1607880694334,0.1510853479441127,27.056939949169745,0.0,False
Sub-issue,outcome_2_timely_response_failure,Information belongs to someone else,Delays with the closing process,33,1,32,59.28971774193548,4.082435897072686,8.051246119589909,436.61199492649894,1.0186780715089387,4.00758199401062,6.134356777121042e-05,False
Sub-issue,outcome_2_timely_response_failure,Information belongs to someone else,Problem lowering your monthly payments,165,5,160,59.28971774193548,4.082435897072686,24.01034558743856,146.4064986951899,0.46119953748152304,8.851777951395364,0.0,False
Sub-issue,outcome_2_timely_response_failure,Information belongs to someone else,Can't temporarily delay making payments,99,3,96,59.28971774193548,4.082435897072686,18.588529634439926,189.1096659633293,0.5917812208689718,6.898556008718957,5.253353307921316e-12,False
Sub-issue,outcome_2_timely_response_failure,Information belongs to someone else,Filed for bankruptcy,16,0,16,57.308291922439835,4.048445323939417,3.4229853527387264,959.4666598382804,1.4377205323836153,2.8158777959632024,0.004864416592305965,True
Sub-issue,outcome_2_timely_response_failure,Information belongs to someone else,"Used obscene, profane, or other abusive language",311,9,302,56.5411877803888,4.034969359833761,28.603464122085608,111.76638962232401,0.3476742480576144,11.605603182796305,0.0,False
Sub-issue,outcome_2_timely_response_failure,Information belongs to someone else,Damage caused or loss of personal items in vehicle during the actual repossession,35,1,34,55.80208728652752,4.02181127525625,7.591061817400118,410.2025540611014,1.0177754065013818,3.9515705032422495,7.763999122456511e-05,False
Sub-issue,outcome_2_timely_response_failure,Information belongs to someone else,Problem with the interest rate,282,8,274,55.39477278078644,4.0144852351641775,26.951964374726973,113.85369944731693,0.3675658422781789,10.921812566375413,0.0,False
Sub-issue,outcome_2_timely_response_failure,Information belongs to someone else,Collected or attempted to collect exempt funds,216,6,210,54.207741935483874,3.9928237383829983,23.716459211133945,123.90042120471833,0.4217624743878267,9.466996190636543,0.0,False
Sub-issue,outcome_2_timely_response_failure,Information belongs to someone else,Account reinstatement or redemption after repossession,72,2,70,54.207741935483874,3.9928237383829983,13.176584281674147,223.0076644241423,0.721623674541575,5.533110787862544,3.146006166687698e-08,False
Sub-issue,outcome_2_timely_response_failure,Information belongs to someone else,Attempted to collect wrong amount,3624,100,3524,53.83856321628648,3.985989998804433,41.779602761225654,69.37813424794378,0.1293784441787722,30.808764351012616,0.0,False
Sub-issue,outcome_2_timely_response_failure,Information belongs to someone else,Sued you without properly notifying you of lawsuit,472,13,459,53.73534331295242,3.9840709472734033,30.288536485846326,95.33267222436345,0.2925008368085815,13.62071640800351,0.0,False
Sub-issue,outcome_2_timely_response_failure,Information belongs to someone else,Foreclosure,148,4,144,52.70197132616487,3.964652861416302,19.273531060140353,144.10944071416455,0.5132245686028828,7.724986495110734,1.1102230246251565e-14,False
Sub-issue,outcome_2_timely_response_failure,Information belongs to someone else,Loan sold or transferred to another company,300,8,292,51.98002651347768,3.950859539283966,25.305722878291487,106.77122994418336,0.36725967775869073,10.757673054105036,0.0,False
Sub-issue,outcome_2_timely_response_failure,Information belongs to someone else,"An existing modification, forbearance plan, short sale, or other loss mitigation relief",114,3,111,51.277593722755014,3.9372538872281875,16.11412388089622,163.17310437914324,0.5905906837357944,6.666637310163786,2.6173063716328215e-11,False
Sub-issue,outcome_2_timely_response_failure,Information belongs to someone else,Closing disclosure or other related disclosures,38,1,37,51.277593722755014,3.9372538872281875,6.991615463119945,376.07783664100157,1.0166031872860706,3.872950563669884,0.00010752564449911794,False
Sub-issue,outcome_2_timely_response_failure,Information belongs to someone else,Problem after you declared or threatened to declare bankruptcy,38,1,37,51.277593722755014,3.9372538872281875,6.991615463119945,376.07783664100157,1.0166031872860706,3.872950563669884,0.00010752564449911794,False
Sub-issue,outcome_2_timely_response_failure,Information belongs to someone else,Problem with renewal,18,0,18,51.11280090379769,3.934034972761672,3.0666088688320996,851.9242355241158,1.4354401146287572,2.740647229145549,0.006131830326359999,True
Sub-issue,outcome_2_timely_response_failure,Information belongs to someone else,Debt was already discharged in bankruptcy and is no longer owed,616,16,600,50.59389247311828,3.9238308668960467,30.053104445712677,85.17396131921481,0.26574739893334315,14.765265370970772,0.0,False
Sub-issue,outcome_2_timely_response_failure,Information belongs to someone else,Don't want a card provided by your employer or the government,19,0,19,48.49163162667986,3.88139123927625,2.9148598687226546,806.7071638843694,1.4344742311778964,2.705793631502955,0.006814137691154132,True
Sub-issue,outcome_2_timely_response_failure,Information belongs to someone else,Contacted you after you asked them to stop,204,5,199,47.67012481763657,3.8643048875820196,19.355183791404183,117.40734805826345,0.45986969785071885,8.403043091646442,0.0,False
Sub-issue,outcome_2_timely_response_failure,Information belongs to someone else,Problem with fees or penalties,41,1,40,47.431774193548385,3.8592923457584756,6.479900147472168,347.1925727166347,1.0156057371702716,3.799990689803917,0.00014470152411272252,False
Sub-issue,outcome_2_timely_response_failure,Information belongs to someone else,"You told them to stop contacting you, but they keep trying",954,23,931,46.871355808877034,3.8474067385244943,30.106598263462377,72.97151196349391,0.2258481527460535,17.035369524808853,0.0,False
Sub-issue,outcome_2_timely_response_failure,Information belongs to someone else,Lien release,20,0,20,46.126186181475965,3.831380818701589,2.777415603514947,766.0448976219391,1.4336020216350993,2.672555396044779,0.007527594465577936,True
Sub-issue,outcome_2_timely_response_failure,Information belongs to someone else,"Applying for or obtaining a modification, forbearance plan, short sale, or deed-in-lieu",169,4,165,45.9944477028348,3.828520687091722,16.84897183393756,125.55598290144576,0.5123627810777992,7.472284928733697,7.882583474838611e-14,False
Sub-issue,outcome_2_timely_response_failure,Information belongs to someone else,Confusing or misleading advertising or marketing,169,4,165,45.9944477028348,3.828520687091722,16.84897183393756,125.55598290144576,0.5123627810777992,7.472284928733697,7.882583474838611e-14,False
Sub-issue,outcome_2_timely_response_failure,Information belongs to someone else,Account opened as a result of fraud,1166,27,1139,44.97481661899233,3.806102702429559,29.7623616145879,67.9628235187007,0.21064190830828636,18.069066754081586,0.0,False
Sub-issue,outcome_2_timely_response_failure,Information belongs to someone else,Indicated you were committing crime by not paying debt,408,9,399,42.7955857385399,3.7564349603187677,21.699002282329506,84.40305848514348,0.34651463193989696,10.840624360619561,0.0,False
Sub-issue,outcome_2_timely_response_failure,Information belongs to someone else,Debt is not yours,13099,282,12817,41.74381001039446,3.7315511770807013,34.28737435042069,50.82178811287508,0.10039489051644225,37.16873595742966,0.0,False
Sub-issue,outcome_2_timely_response_failure,Information belongs to someone else,Didn't receive enough information to verify debt,5164,110,5054,41.293986238942004,3.7207168777166886,32.29096153152536,52.80713916918107,0.12547424254734255,29.653232425872815,0.0,False
Sub-issue,outcome_2_timely_response_failure,Information belongs to someone else,"Excess mileage, damage, or wear fees, or other problem after the lease is finished",47,1,46,41.24502103786816,3.7195304033833168,5.652467623516714,300.9573647687355,1.0139990847175127,3.6681792512855482,0.0002442839020388998,False
Sub-issue,outcome_2_timely_response_failure,Information belongs to someone else,Lender trying to repossess or disable the vehicle,480,10,470,40.36746739876458,3.6980241981623534,21.16115629560164,77.00583093982542,0.32951885067115483,11.222496651194069,0.0,False
Sub-issue,outcome_2_timely_response_failure,Information belongs to someone else,MISSING_SUB_ISSUE,25808,519,25289,38.9372309011058,3.6619508854767484,32.527500375560294,46.61003559268771,0.09176785129353206,39.90450723057137,0.0,False
Sub-issue,outcome_2_timely_response_failure,Information belongs to someone else,Changes in terms mid-deal or after closing,104,2,102,37.20139152435168,3.616346167148086,9.098080069239964,152.11379992435226,0.7185116108608115,5.03310748564735,4.825923585194403e-07,False
Sub-issue,outcome_2_timely_response_failure,Information belongs to someone else,Company communicating payment assistance or payment extension options,25,0,25,37.08183594981401,3.6131272526815708,2.2474884418597183,611.8218593689858,1.43026219795738,2.5261992226611567,0.011530407439029888,True
Sub-issue,outcome_2_timely_response_failure,Information belongs to someone else,Problem with direct deposit,56,1,55,34.495835777126096,3.5408386146399407,4.743813860461784,250.84514716743467,1.0122434645652145,3.4980108428369303,0.00046874207537661583,False
Sub-issue,outcome_2_timely_response_failure,Information belongs to someone else,Sued you in a state where you do not live or did not sign for the debt,114,2,112,33.87983870967742,3.5228201091372626,8.295654099835497,138.36684331094744,0.7179022111692804,4.907103020896792,9.243148819670921e-07,False
Sub-issue,outcome_2_timely_response_failure,Information belongs to someone else,Keep getting calls about your loan,59,1,58,32.71156840934371,3.4877287893259923,4.502542739529463,237.65387020201803,1.0117788259711287,3.4471256956562515,0.0005665849100169318,False
Sub-issue,outcome_2_timely_response_failure,Information belongs to someone else,Loan balance remaining after the vehicle is repossessed and sold,426,7,419,31.696651012395105,3.4562110290055874,14.773275820319387,68.0064257664315,0.38948528993426995,8.873790919263888,0.0,False
Sub-issue,outcome_2_timely_response_failure,Information belongs to someone else,Denied request to lower payments,369,6,363,31.359850706478273,3.445528434835616,13.784583639774073,71.34348501430136,0.41937632381487217,8.215839185896904,2.220446049250313e-16,False
Sub-issue,outcome_2_timely_response_failure,Information belongs to someone else,Problem using the card to withdraw money from an ATM,63,1,62,30.60114464099896,3.42103741482732,4.216597900764123,222.08189525722645,1.011228977843908,3.383049229979035,0.0007168578087781707,False
Sub-issue,outcome_2_timely_response_failure,Information belongs to someone else,Notification didn't disclose it was an attempt to collect a debt,458,7,451,29.447664687790574,3.3826146094250467,13.730912025860928,63.15421393213513,0.38926783983593527,8.689684230915962,0.0,False
Sub-issue,outcome_2_timely_response_failure,Information belongs to someone else,Debt was result of identity theft,6912,105,6807,29.265969092537567,3.3764253765819836,22.817564384808097,37.53673847396343,0.12698712726927458,26.588721622328826,0.0,False
Sub-issue,outcome_2_timely_response_failure,Information belongs to someone else,Can't get other flexible options for repaying your loan,202,3,199,28.602074890581942,3.353479263816029,9.0480674019845,90.41474291703771,0.5872082018625462,5.710886280503644,1.123893289545208e-08,False
Sub-issue,outcome_2_timely_response_failure,Information belongs to someone else,Money was taken from your account on the wrong day or for the wrong amount,418,6,412,27.630159724397117,3.3189079197509406,12.154461499321203,62.81032906627187,0.4189855182531454,7.92129506907134,2.4424906541753444e-15,False
Sub-issue,outcome_2_timely_response_failure,Information belongs to someone else,Notice to repossess,34,0,34,27.408313528123397,3.3108463808086372,1.6728869811640543,449.05343810685247,1.4266813855510074,2.320662773300245,0.020305051374328364,True
Sub-issue,outcome_2_timely_response_failure,Information belongs to someone else,Trouble using the card to pay a bill,35,0,35,26.636248358317104,3.2822730083645815,1.626675571200406,436.1593295966093,1.4263952056551061,2.3010964951029256,0.02138617740621207,True
Sub-issue,outcome_2_timely_response_failure,Information belongs to someone else,Fraudulent loan,532,7,525,25.29694623655914,3.2306836863361013,11.80479662857481,54.20978514329753,0.38886619567027875,8.30795713874654,0.0,False
Sub-issue,outcome_2_timely_response_failure,Information belongs to someone else,Unable to receive car title or other problem after the loan is paid off,626,8,618,24.560141977241884,3.201124884094557,12.014722152333135,50.2051205424791,0.3647919082854183,8.775208033369951,0.0,False
Sub-issue,outcome_2_timely_response_failure,Information belongs to someone else,Credit card company forcing arbitration,39,0,39,23.938906752411576,3.1755050329388754,1.4648179343635659,391.22353915583676,1.425394936264181,2.227807151652692,0.025893377752147728,True
Sub-issue,outcome_2_timely_response_failure,Information belongs to someone else,Problem with additional add-on products or services purchased with the loan,39,0,39,23.938906752411576,3.1755050329388754,1.4648179343635659,391.22353915583676,1.425394936264181,2.227807151652692,0.025893377752147728,True
Sub-issue,outcome_2_timely_response_failure,Information belongs to someone else,Problem with fees charged,404,5,399,23.775325410299942,3.1686482954166486,9.70544971798689,58.24213352195925,0.45712282707969326,6.9317218649075185,4.157563182616286e-12,False
Sub-issue,outcome_2_timely_response_failure,Information belongs to someone else,Problem with cash advances,41,0,41,22.785224499283306,3.1261122776092987,1.3953944871839203,372.0571209439721,1.4249668958167183,2.1938139663360885,0.028248786359245104,True
Sub-issue,outcome_2_timely_response_failure,Information belongs to someone else,Didn't receive services that were advertised,341,4,337,22.519536709103093,3.1143832306399406,8.298594704196054,61.11029055753496,0.5093352259795271,6.1146040402968795,9.679699264353303e-10,False
Sub-issue,outcome_2_timely_response_failure,Information belongs to someone else,Can't use card to make purchases,808,9,799,21.371012152287133,3.0620354314423563,10.874543201993514,41.99902027420135,0.3446994182470451,8.883204523564947,0.0,False
Sub-issue,outcome_2_timely_response_failure,Information belongs to someone else,Information is incorrect,454,5,449,21.127739061714205,3.0505868245642582,8.629828373976444,51.72540385692528,0.4568174524527009,6.677912168603316,2.4237056805986867e-11,False
Sub-issue,outcome_2_timely_response_failure,Information belongs to someone else,Add-on products and services,94,1,93,20.400763093999306,3.015572306719156,2.8257694166419838,147.2841812096852,1.008567152719745,2.9899568894220234,0.0027901682330264688,False
Sub-issue,outcome_2_timely_response_failure,Information belongs to someone else,Deficiency balance after repossession,47,0,47,19.907090878321206,2.991075993805356,1.22168977269647,324.3804410043126,1.4238984866240687,2.1006244629818522,0.035673944876781105,True
Sub-issue,outcome_2_timely_response_failure,Information belongs to someone else,Termination fees or other problem when ending the lease early,47,0,47,19.907090878321206,2.991075993805356,1.22168977269647,324.3804410043126,1.4238984866240687,2.1006244629818522,0.035673944876781105,True
Sub-issue,outcome_2_timely_response_failure,Information belongs to someone else,Can't close your account,1174,12,1162,19.593159735717062,2.9751805122485555,10.85976283120526,35.3499348370869,0.30107961057573907,9.881707056015088,0.0,False
Sub-issue,outcome_2_timely_response_failure,Information belongs to someone else,Voluntary repossession,49,0,49,19.10276397414661,2.9498330352713067,1.1730151642058524,311.091964185311,1.4235997642713298,2.0720943549616138,0.03825664268214912,True
Sub-issue,outcome_2_timely_response_failure,Information belongs to someone else,Problem with additional products or services purchased with the loan,403,4,399,19.020260328239956,2.945504744102439,7.015312603766338,51.568664632249394,0.5088823823216236,5.788183765891943,7.115154687653558e-09,False
Sub-issue,outcome_2_timely_response_failure,Information belongs to someone else,Problem making or receiving payments,947,9,938,18.204092441020702,2.9016464282024064,9.267957916139565,35.756418468855365,0.3444302869454214,8.424481058084776,0.0,False
Sub-issue,outcome_2_timely_response_failure,Information belongs to someone else,Problem with signing the paperwork,53,0,53,17.674519938696395,2.8721240509439903,1.0864423742227658,287.533570555785,1.4230691681771523,2.0182603313814824,0.04356415575332795,True
Sub-issue,outcome_2_timely_response_failure,Information belongs to someone else,Sent card you never applied for,336,3,333,17.092531240918337,2.8386415985600775,5.425408705362288,53.849330085125864,0.5854838594782158,4.848368665687692,1.2448090123129418e-06,False
Sub-issue,outcome_2_timely_response_failure,Information belongs to someone else,Late or other fees,113,1,112,16.93991935483871,2.8296729285773172,2.350562248306199,122.08179892075671,1.0076624359386144,2.80815561606357,0.004982614311197731,False
Sub-issue,outcome_2_timely_response_failure,Information belongs to someone else,You never received your bill or did not know a payment was due,227,2,225,16.86463082437276,2.825218578227937,4.1548023042069415,68.4547066305415,0.7147723118711408,3.9526133445656857,7.730229268254618e-05,False
Sub-issue,outcome_2_timely_response_failure,Information belongs to someone else,Funds not received from closed account,1257,11,1246,16.74958318231243,2.818373373323384,9.063675974800411,30.953063366476027,0.3133156116451273,8.995317400639381,0.0,False
Sub-issue,outcome_2_timely_response_failure,Information belongs to someone else,Problem with balance transfer,235,2,233,16.28558770593936,2.7902805268666566,4.012987732959623,66.09050028972811,0.7146655573530412,3.904316499036587,9.449205571576691e-05,False
Sub-issue,outcome_2_timely_response_failure,Information belongs to someone else,Problem with paying off the loan,236,2,234,16.2159911772815,2.7859978650746555,3.9959387133441258,65.80640713621115,0.7146527252076179,3.898393956680539,9.683278891103875e-05,False
Sub-issue,outcome_2_timely_response_failure,Information belongs to someone else,Information that should be on the report is missing,58,0,58,16.163877208893286,2.7827789506081406,0.9946779820083881,262.66885479523603,1.4225077454008406,1.9562487161178843,0.05043586224689656,True
Sub-issue,outcome_2_timely_response_failure,Information belongs to someone else,Billing dispute for services,718,6,712,15.988238492207321,2.771853357688491,7.050068200721709,36.25834003386405,0.4177632995152397,6.634985315619798,3.24533733220278e-11,False
Sub-issue,outcome_2_timely_response_failure,Information belongs to someone else,Non-sufficient funds and associated fees,374,3,371,15.341813755325624,2.7305820259330864,4.872214819079111,48.308881698197716,0.5852211244446508,4.66589791768759,3.0727223121473912e-06,False
Sub-issue,outcome_2_timely_response_failure,Information belongs to someone else,Confusing or misleading advertising about the credit card,500,4,496,15.30057232049948,2.727890234267375,5.648698200469072,41.44450721679456,0.5084005727823572,5.365631709142796,8.066639045622992e-08,False
Sub-issue,outcome_2_timely_response_failure,Information belongs to someone else,Called before 8am or after 9pm,127,1,126,15.057706093189964,2.711889892920934,2.091406034453403,108.4124789991572,1.0071700558047179,2.69258391598444,0.0070900690655004706,False
Sub-issue,outcome_2_timely_response_failure,Information belongs to someone else,Loan opened without my consent or knowledge,63,0,63,14.891130971972554,2.7007657989473053,0.9172071379095037,241.76194499515415,1.4220345636191227,1.8992265504952084,0.057534695277938974,True
Sub-issue,outcome_2_timely_response_failure,Information belongs to someone else,Unexpected increase in interest rate,258,2,256,14.82242943548387,2.6961415359527945,3.654377993898613,60.12087822790072,0.7143957330311896,3.7740168526945617,0.00016063990187276111,False
Sub-issue,outcome_2_timely_response_failure,Information belongs to someone else,Deposits and withdrawals,5657,43,5614,14.53200064355241,2.6763531586441465,10.355316796176531,20.393296203374558,0.17288421975399412,15.480609869729392,0.0,False
Sub-issue,outcome_2_timely_response_failure,Information belongs to someone else,Problem using a debit or ATM card,3301,25,3276,14.478563551144196,2.6726691797676527,9.476702285651225,22.120437699295724,0.21624121641912084,12.35966585846178,0.0,False
Sub-issue,outcome_2_timely_response_failure,Information belongs to someone else,Problem canceling credit monitoring or identify theft protection service,797,6,791,14.391435912075364,2.666633301332813,6.3480415870272795,32.62635015413651,0.4175953813717268,6.385686768310022,1.7062995461003538e-10,False
Sub-issue,outcome_2_timely_response_failure,Information belongs to someone else,Cashing a check,534,4,530,14.31902617163725,2.661589154446135,5.287647151067481,38.776133249103026,0.5082733573836041,5.236530925301639,1.6362283661308652e-07,False
Sub-issue,outcome_2_timely_response_failure,Information belongs to someone else,Billing problem,1071,8,1063,14.278614997117106,2.6587629632103,6.997779789508266,29.134790228976907,0.36386226397568794,7.307058814397828,2.731148640577885e-13,False
Sub-issue,outcome_2_timely_response_failure,Information belongs to someone else,Told you not to respond to a lawsuit they filed against you,69,0,69,13.60556570820514,2.610478952275205,0.8388094602921189,220.68351276799123,1.4215564560860743,1.8363526408670063,0.06630551901564363,True
Sub-issue,outcome_2_timely_response_failure,Information belongs to someone else,Problem related to refinancing,76,0,76,12.360611983271337,2.514514964013461,0.7627477526665697,200.30833006961322,1.421093298856976,1.7694228563571117,0.07682333411059394,True
Sub-issue,outcome_2_timely_response_failure,Information belongs to someone else,Received unsolicited financial product or insurance offers after opting out,318,2,316,12.008044099632503,2.485576766845445,2.9635235418952406,48.65597355994147,0.7138764391231833,3.481802494978469,0.0004980508933518646,False
Sub-issue,outcome_2_timely_response_failure,Information belongs to someone else,Delay in processing application,166,1,165,11.4986119257087,2.442226325971831,1.5999928454019552,82.63666715636725,1.006238351204016,2.4270853153724277,0.0152206760963296,False
Sub-issue,outcome_2_timely_response_failure,Information belongs to someone else,Deposits or withdrawals,82,0,82,11.461658384487967,2.439007411505316,0.7077390855336565,185.6187055483119,1.4207587693738082,1.7166935471954157,0.08603517979064801,True
Sub-issue,outcome_2_timely_response_failure,Information belongs to someone else,Transaction was not authorized,2853,16,2837,10.7001535015407,2.3702580873033416,6.386984627423493,17.92603108279599,0.2632631732555038,9.003378854675372,0.0,False
Sub-issue,outcome_2_timely_response_failure,Information belongs to someone else,Charged too much interest,720,4,716,10.599279149396288,2.360785994031657,3.917742942005646,28.67587796082232,0.5077909623239306,4.649129600943274,3.3333871940488535e-06,False
Sub-issue,outcome_2_timely_response_failure,Information belongs to someone else,Banking errors,1638,9,1629,10.482160042773124,2.349674768606586,5.343491826687342,20.56252404346356,0.34377317816597064,6.834956645373259,8.202993839745432e-12,False
Sub-issue,outcome_2_timely_response_failure,Information belongs to someone else,Card opened without my consent or knowledge,552,3,549,10.367600916622598,2.338685647030991,3.2973418188518058,32.59812135697315,0.5844739860175784,4.00135113448942,6.298181401298564e-05,False
Sub-issue,outcome_2_timely_response_failure,Information belongs to someone else,Problem with rewards from credit card,740,4,736,10.31125525946704,2.3332360422634264,3.8115617153280175,27.894598846010503,0.5077535908542102,4.595213277247628,4.32306864128762e-06,False
Sub-issue,outcome_2_timely_response_failure,Information belongs to someone else,Other problem,1486,8,1478,10.269396307128202,2.3291682400441007,5.036492883406171,20.939273211389036,0.3634991105348663,6.407631195071908,1.4779799606401411e-10,False
Sub-issue,outcome_2_timely_response_failure,Information belongs to someone else,Credit card company isn't resolving a dispute about a purchase on your statement,5323,28,5295,10.032783209966798,2.305858052012109,6.702419264276443,15.017971118978942,0.20581097273981752,11.203766355679845,0.0,False
Sub-issue,outcome_2_timely_response_failure,Information belongs to someone else,Unable to open an account,765,4,761,9.972514942138952,2.2998328031306166,3.6866637557959536,26.97589497139076,0.5077096353428319,4.529819099410336,5.903421085973193e-06,False
Sub-issue,outcome_2_timely_response_failure,Information belongs to someone else,Other problem getting your report or credit score,2541,13,2528,9.756535830951409,2.2779374020672005,5.532508218260508,17.20557614473235,0.28943679779271475,7.870241169882571,3.552713678800501e-15,False
Sub-issue,outcome_2_timely_response_failure,Information belongs to someone else,Problem with product or service terms changing,198,1,197,9.63081709513673,2.2649680711344233,1.3413813340421876,69.1471064685776,1.0057490519533938,2.2520210849170965,0.024320939603926783,False
Sub-issue,outcome_2_timely_response_failure,Information belongs to someone else,Problem accessing account,1214,6,1208,9.423531296731468,2.2432098906057067,4.16096797449613,21.34189511786161,0.41707252919531135,5.378464735938606,7.512369259998763e-08,False
Sub-issue,outcome_2_timely_response_failure,Information belongs to someone else,Confusing or missing disclosures,100,0,100,9.408824046967734,2.241647977346821,0.5818507325371594,152.14549883056932,1.4199945483654453,1.5786313968086572,0.11442062876416292,True
Sub-issue,outcome_2_timely_response_failure,Information belongs to someone else,Company closed your account,3068,15,3053,9.321671967287596,2.232342008239744,5.4802584339489195,15.855742810855428,0.2710151780163588,8.236963053430893,2.220446049250313e-16,False
Sub-issue,outcome_2_timely_response_failure,Information belongs to someone else,Old information reappears or never goes away,4189,18,4171,8.187695377452611,2.1026324635716316,5.020915011193015,13.351820424068476,0.24950013945495225,8.427379913153379,0.0,False
Sub-issue,outcome_2_timely_response_failure,Information belongs to someone else,Problem while selling or giving up the vehicle,116,0,116,8.116625036225384,2.0939144318401963,0.5024135959696014,131.1262324649884,1.4195132826495462,1.4750932290903742,0.14018748055937214,True
Sub-issue,outcome_2_timely_response_failure,Information belongs to someone else,Fees charged for closing account,119,0,119,7.912860390964496,2.068489333474386,0.4898735771443311,127.81534356658523,1.419437377790294,1.4572600143125032,0.1450446199190698,True
Sub-issue,outcome_2_timely_response_failure,Information belongs to someone else,Problem with personal statement of dispute,2416,10,2406,7.885581744563323,2.0650359963318334,4.15491062904763,14.9660016789443,0.3269107538317503,6.316818801851457,2.6700242017341225e-10,False
Sub-issue,outcome_2_timely_response_failure,Information belongs to someone else,Funds not handled or disbursed as instructed,1965,8,1957,7.7558343086027,2.0484453741561715,3.8054480152366104,15.807065444502886,0.36327124793540055,5.63888660552745,1.7115319161931097e-08,False
Sub-issue,outcome_2_timely_response_failure,Information belongs to someone else,Credit denial,248,1,247,7.68125897871229,2.038783463244435,1.0709186457144129,55.09451136569573,1.0052380794464175,2.0281598010763666,0.042543941168990074,False
Sub-issue,outcome_2_timely_response_failure,Information belongs to someone else,Public record information inaccurate,4024,16,4008,7.5739359989698025,2.0247128793474922,4.522661108444422,12.683795035932135,0.2630675091515004,7.696552439630473,1.3988810110276972e-14,False
Sub-issue,outcome_2_timely_response_failure,Information belongs to someone else,Bounced checks or returned payments,129,0,129,7.301828700542527,1.988124823706359,0.45224723890951707,117.89282008802675,1.4192097365623495,1.400867519780446,0.16125369311688997,True
Sub-issue,outcome_2_timely_response_failure,Information belongs to someone else,Fee problem,811,3,808,7.044322900031939,1.9522220300194262,2.2425921870317342,22.12728886101849,0.5839742892190377,3.3429931181219943,0.000828799552375914,False
Sub-issue,outcome_2_timely_response_failure,Information belongs to someone else,Card opened as result of identity theft or fraud,2014,7,2007,6.61728787951846,1.889685600131387,3.098941925691527,14.13014503995603,0.3870535006093484,4.882233585683648,1.0489089996568168e-06,False
Sub-issue,outcome_2_timely_response_failure,Information belongs to someone else,Problem during payment process,1821,6,1815,6.271970141295655,1.8360905224015158,2.771196406535926,14.195171933871467,0.4167404998643223,4.405836540963236,1.0537640677821258e-05,False
Sub-issue,outcome_2_timely_response_failure,Information belongs to someone else,Credit card company won't work with you while you're going through financial hardship,349,1,348,5.451928068223952,1.6959693200979375,0.7609775186900709,39.059655418275085,1.0046534609463909,1.6881137486953184,0.0913893957305647,False
Sub-issue,outcome_2_timely_response_failure,Information belongs to someone else,Account opened without my consent or knowledge,180,0,180,5.238708125874001,1.6560749270730157,0.3249548166725265,84.45501165091228,1.4184408464353921,1.1675318933706746,0.24299563624214704,True
Sub-issue,outcome_2_timely_response_failure,Information belongs to someone else,Application denied,771,2,769,4.934384831578506,1.5962280109267133,1.2209040855719822,19.94272437437635,0.7125695779993739,2.2401012619824696,0.0250843496357247,False
Sub-issue,outcome_2_timely_response_failure,Information belongs to someone else,Information is missing that should be on the report,3649,9,3640,4.69105459057072,1.545657416577845,2.3936741761624813,9.19339540479751,0.34327955045269903,4.50262013725989,6.712079004600469e-06,False
Sub-issue,outcome_2_timely_response_failure,Information belongs to someone else,Problem with fees,1724,4,1720,4.412258064516129,1.4843865911848038,1.6334444253457612,11.918386034937615,0.5069875824140153,2.927855913387296,0.003413081743856461,False
Sub-issue,outcome_2_timely_response_failure,Information belongs to someone else,Privacy issues,224,0,224,4.2119680032082725,1.4379299976636424,0.26146266831952614,67.85165382910387,1.4180580424001605,1.0140134992146352,0.31057631096174676,True
Sub-issue,outcome_2_timely_response_failure,Information belongs to someone else,Can't stop withdrawals from your account,245,0,245,3.8516774611823106,1.3485087576113761,0.23916019653077766,62.03130571131903,1.41792368919733,0.951044663323702,0.3415817036667268,True
Sub-issue,outcome_2_timely_response_failure,Information belongs to someone else,Overcharged for something you did purchase with the card,249,0,249,3.7899271211232755,1.3323467896543781,0.23533658663057969,61.03406099780389,1.417900661070242,0.9396615900078027,0.34739117318349977,True
Sub-issue,outcome_2_timely_response_failure,Information belongs to someone else,Card was charged for something you did not purchase with the card,2087,4,2083,3.6433431929753923,1.2929017197313306,1.3490517319187016,9.83946672150306,0.5068876504566477,2.550667230828319,0.010751692877254193,False
Sub-issue,outcome_2_timely_response_failure,Information belongs to someone else,Difficulty submitting a dispute or getting information about a dispute over the phone,4263,8,4255,3.5671369546264358,1.2717633005447733,1.7515419723762369,7.264722315388687,0.3628912109703027,3.504530454579812,0.00045741324752812673,False
Sub-issue,outcome_2_timely_response_failure,Information belongs to someone else,Account status incorrect,38641,72,38569,3.541795475055598,1.2646337949084823,2.6775357786057477,4.685022432699822,0.1427229127381496,8.86076223254129,0.0,False
Sub-issue,outcome_2_timely_response_failure,Information belongs to someone else,Account information incorrect,72771,110,72661,2.872239667106328,1.055092097253815,2.2492677146061197,3.6677540213321054,0.12473846642153108,8.45843409432598,0.0,False
Sub-issue,outcome_2_timely_response_failure,Information belongs to someone else,Credit card company won't increase or decrease your credit limit,336,0,336,2.810064834235534,1.0332075557611688,0.17461679798558963,45.22167662963813,1.4175351977405872,0.7288761206127374,0.46607744303561494,True
Sub-issue,outcome_2_timely_response_failure,Information belongs to someone else,Report provided to employer without your written authorization,711,1,710,2.6722126306224445,0.9829068298370508,0.3735197958471367,19.11738125435384,1.0039240330211225,0.979064946656547,0.32754789020720554,False
Sub-issue,outcome_2_timely_response_failure,Information belongs to someone else,Didn't receive advertised or promotional terms,773,1,772,2.4576048804947352,0.8991872498476358,0.3435600263378904,17.58010619865127,1.0038676955459496,0.8957228665064436,0.3704007945855503,False
Sub-issue,outcome_2_timely_response_failure,Information belongs to someone else,Reporting company used your report improperly,172709,160,172549,1.759287824552502,0.5649090820184998,1.410485998939168,2.194345531927653,0.11274222291748014,5.010625721225808,5.425334099751211e-07,False
Sub-issue,outcome_2_timely_response_failure,Information belongs to someone else,Was not notified of investigation status or results,20455,18,20437,1.671031825578844,0.5134412952600405,1.025490576599377,2.7229380998868375,0.24911744176074896,2.0610411363855716,0.03929911574210565,False
Sub-issue,outcome_2_timely_response_failure,Information belongs to someone else,Credit inquiries on your report that you don't recognize,64892,55,64837,1.6094190543332734,0.47587327806162044,1.1830939065465784,2.189369481254302,0.15701036541338567,3.030839886326706,0.002438745336378556,False
Sub-issue,outcome_2_timely_response_failure,Information belongs to someone else,Problem getting your free annual credit report,602,0,602,1.5694386999506345,0.45071803948114136,0.09761308285435197,25.23368549457631,1.4170723410146393,0.3180628302704873,0.7504372778074013,True
Sub-issue,outcome_2_timely_response_failure,Information belongs to someone else,Didn't receive terms that were advertised,669,0,669,1.412377620194559,0.34527453971472427,0.08785457592901046,22.705824038560294,1.4170137333880906,0.24366350980182122,0.8074914366064676,True
Sub-issue,outcome_2_timely_response_failure,Information belongs to someone else,Their investigation did not fix an error on your report,129522,92,129430,1.3485971492873219,0.29906490348496834,1.0418797869659362,1.7456085565899868,0.13165221143072287,2.2716284081740645,0.023108963567736396,False
Sub-issue,outcome_2_timely_response_failure,Information belongs to someone else,Personal information incorrect,22662,16,22646,1.340472290200078,0.29302200723820826,0.8010557114124635,2.2431223386771864,0.2626769332885021,1.1155224159571624,0.26462661810130284,False
Sub-issue,outcome_2_timely_response_failure,Information belongs to someone else,Overdrafts and overdraft fees,789,0,789,1.1977033777330681,0.18040587115025467,0.0745128242606966,19.251630779882472,1.4169336233843903,0.12732132837623655,0.8986860800785716,True
Sub-issue,outcome_2_timely_response_failure,Information belongs to someone else,Investigation took more than 30 days,70802,18,70784,0.4824660575745202,-0.7288447076733754,0.2961237132626221,0.7860684108910296,0.24904757861734758,-2.9265279820014567,0.0034276866939029205,False
Sub-product,outcome_2_timely_response_failure,Credit reporting,Tax refund anticipation loan or check,1,0,1,415.1550494593973,6.028652063609856,16.89734617885959,10200.046401799333,1.6334160636980468,3.6908245226638794,0.00022352830778404886,True
Sub-product,outcome_2_timely_response_failure,Credit reporting,Other mortgage,1,0,1,415.1550494593973,6.028652063609856,16.89734617885959,10200.046401799333,1.6334160636980468,3.6908245226638794,0.00022352830778404886,True
Sub-product,outcome_2_timely_response_failure,Credit reporting,"Other (i.e. phone, health club, etc.)",1,0,1,415.1550494593973,6.028652063609856,16.89734617885959,10200.046401799333,1.6334160636980468,3.6908245226638794,0.00022352830778404886,True
Sub-product,outcome_2_timely_response_failure,Credit reporting,Title loan,421,81,340,296.9185042248944,5.6934577045999015,230.53523653015182,382.4170199665686,0.12910917544268186,44.09800996000875,0.0,False
Sub-product,outcome_2_timely_response_failure,Credit reporting,Pawn loan,26,5,21,296.7439489607998,5.692869642248347,111.58971799078874,789.1136641470722,0.49900037206359166,11.40854789086782,0.0,False
Sub-product,outcome_2_timely_response_failure,Credit reporting,Earned wage access,9,1,8,155.7905732044199,5.048512625857834,19.45962642155607,1247.2337430114414,1.0613116053735376,4.756861792801151,1.966256866881011e-06,False
Sub-product,outcome_2_timely_response_failure,Credit reporting,Student loan debt relief,4,0,4,138.38501648646576,4.930039774941747,7.443463814477808,2572.782412230064,1.4911752387638342,3.306143803077557,0.0009458952925334163,True
Sub-product,outcome_2_timely_response_failure,Credit reporting,Student prepaid card,4,0,4,138.38501648646576,4.930039774941747,7.443463814477808,2572.782412230064,1.4911752387638342,3.306143803077557,0.0009458952925334163,True
Sub-product,outcome_2_timely_response_failure,Credit reporting,Government benefit card,767,76,691,137.07766788464153,4.920547684056331,106.98865296975663,175.62878409174562,0.12644127664766655,38.91567543854864,0.0,False
Sub-product,outcome_2_timely_response_failure,Credit reporting,Other advances of future income,21,2,19,131.19206164582727,4.876662368931174,30.502023001140643,564.2693613547832,0.7443211018424264,6.551826028927457,5.6837645701079964e-11,False
Sub-product,outcome_2_timely_response_failure,Credit reporting,Debt settlement,260,22,238,115.20647430242815,4.746725947224511,73.98988328972868,179.38306064389408,0.22591713044249134,21.010916427308377,0.0,False
Sub-product,outcome_2_timely_response_failure,Credit reporting,Mortgage modification or foreclosure avoidance,12,1,11,113.30223505775992,4.730058894739299,14.60858057373143,878.7572758552312,1.0451274633314571,4.525820113521583,6.0161738852926305e-06,False
Sub-product,outcome_2_timely_response_failure,Credit reporting,Federal student loan servicing,2957,238,2719,109.09350915086998,4.692205396576673,93.78413102249064,126.90199940112296,0.07714782333752938,60.82096932337039,0.0,False
Sub-product,outcome_2_timely_response_failure,Credit reporting,Payday loan debt,824,61,763,99.64062873362636,4.601570000426523,76.00424483732954,130.6276368600414,0.13815347376385864,33.30766773401472,0.0,False
Sub-product,outcome_2_timely_response_failure,Credit reporting,Rental debt,587,35,552,79.02420379934343,4.369754182749988,55.72487339066812,112.06530237116598,0.17822835485657834,24.517727194790982,0.0,False
Sub-product,outcome_2_timely_response_failure,Credit reporting,Medical debt,3934,197,3737,65.70134957724531,4.185119466790174,55.945323474773964,77.15868044301861,0.08201256098632241,51.03022532716841,0.0,False
Sub-product,outcome_2_timely_response_failure,Credit reporting,USDA mortgage,20,1,19,65.59603082291363,4.183515188371229,8.769481437029153,490.6606269273673,1.0266517923073644,4.074911493573613,4.6031850663208473e-05,False
Sub-product,outcome_2_timely_response_failure,Credit reporting,International money transfer,940,40,900,55.392203806015964,4.014438858327295,40.02276547020101,76.66377389068002,0.16581144354858746,24.210867310560204,0.0,False
Sub-product,outcome_2_timely_response_failure,Credit reporting,Gift card,228,9,219,51.218818587754484,3.936107015057388,26.19354485955184,100.15320154609226,0.34213980308834063,11.504382067002837,0.0,False
Sub-product,outcome_2_timely_response_failure,Credit reporting,Credit repair services,1088,42,1046,50.04362580945037,3.9128951411961697,36.450573751132815,68.70576307673224,0.1617030316803917,24.19803203770515,0.0,False
Sub-product,outcome_2_timely_response_failure,Credit reporting,Manufactured home loan,26,1,25,49.852983425414365,3.909078342669469,6.745898996282578,368.41938454521915,1.0204814176164874,3.8306217782973495,0.00012781985346710378,False
Sub-product,outcome_2_timely_response_failure,Credit reporting,Payday loan,729,25,704,44.25868556943747,3.790051636247828,29.504728036294683,66.39041871271317,0.206888323126294,18.319311496058717,0.0,False
Sub-product,outcome_2_timely_response_failure,Credit reporting,"Money order, traveler's check or cashier's check",68,2,66,37.767411685919974,3.631446606071189,9.233045482136895,154.48612142259736,0.7187028863529563,5.052778658645568,4.3542840399979355e-07,False
Sub-product,outcome_2_timely_response_failure,Credit reporting,Installment loan,2268,63,2205,35.609273875295976,3.572606106048256,27.433910348120463,46.22091309023727,0.13307461934118084,26.84663780167349,0.0,False
Sub-product,outcome_2_timely_response_failure,Credit reporting,Personal line of credit,1020,28,992,35.1785165300303,3.560435570428001,23.99475746141399,51.57493370140067,0.19520418522913394,18.239545254876077,0.0,False
Sub-product,outcome_2_timely_response_failure,Credit reporting,Other debt,10872,278,10594,32.70513826756936,3.4875321991238346,28.443499999728473,37.60529010533306,0.07123088554401726,48.960955244178564,0.0,False
Sub-product,outcome_2_timely_response_failure,Credit reporting,Auto debt,1874,47,1827,32.061989887718596,3.467671212869721,23.785891288412657,43.21768661496184,0.15233602600884574,22.763303623716446,0.0,False
Sub-product,outcome_2_timely_response_failure,Credit reporting,Mortgage debt,483,12,471,31.753492627652463,3.458002723309252,17.821785610404966,56.57594115966184,0.2946842365726735,11.734603667734556,0.0,False
Sub-product,outcome_2_timely_response_failure,Credit reporting,I do not know,15222,372,14850,31.22106032702718,3.4410928775799703,27.522776388756927,35.41628919174223,0.06432601193068097,53.49457823202475,0.0,False
Sub-product,outcome_2_timely_response_failure,Credit reporting,Federal student loan debt,207,5,202,30.84961845632077,3.429124382570565,12.664673238109415,75.14595449938635,0.4542387244060773,7.549167867742203,4.374278717023117e-14,False
Sub-product,outcome_2_timely_response_failure,Credit reporting,Virtual currency,1132,27,1105,30.453179920501988,3.4161904195901456,20.645869249857242,44.91921149199753,0.1983036512854918,17.22706766842109,0.0,False
Sub-product,outcome_2_timely_response_failure,Credit reporting,MISSING_SUB_PRODUCT,21,0,21,28.96430577623702,3.366064236584404,1.7527988282951044,478.623670644144,1.4310461202865308,2.352170338095347,0.01866422570419335,True
Sub-product,outcome_2_timely_response_failure,Credit reporting,Private student loan debt,265,6,259,28.872384223212954,3.3628855750661866,12.810046995636847,65.07505952294854,0.41462030127361804,8.110759566611131,4.440892098500626e-16,False
Sub-product,outcome_2_timely_response_failure,Credit reporting,VA mortgage,1178,26,1152,28.12885349524248,3.336795864303315,18.940885743983422,41.773780257776515,0.201771944822984,16.537461970893478,0.0,False
Sub-product,outcome_2_timely_response_failure,Credit reporting,Other type of mortgage,657,13,644,25.15872610754607,3.2252047988948527,14.459109445026655,43.77596709956665,0.28259192425596336,11.412940434821337,0.0,False
Sub-product,outcome_2_timely_response_failure,Credit reporting,General-purpose prepaid card,1289,22,1267,21.640995172831808,3.0745894405748464,14.109531295071363,33.19264561496272,0.2182341291772139,14.088490430743626,0.0,False
Sub-product,outcome_2_timely_response_failure,Credit reporting,Check cashing service,184,3,181,20.657313574066727,3.0280694249399533,6.585028664691621,64.80223941702536,0.5833013962886954,5.191260374493019,2.088752841800101e-07,False
Sub-product,outcome_2_timely_response_failure,Credit reporting,Conventional home mortgage,6929,105,6824,19.17703421625333,2.953713428523678,15.605997443636118,23.565212198680527,0.10513170236510143,28.095363834840423,0.0,False
Sub-product,outcome_2_timely_response_failure,Credit reporting,Reverse mortgage,198,3,195,19.17422439439014,2.953566897642032,6.1163332516885704,60.10968761797377,0.5829612870183523,5.066488913438004,4.0522033972756333e-07,False
Sub-product,outcome_2_timely_response_failure,Credit reporting,Loan,6243,89,6154,18.024518706783713,2.8917329813878223,14.442148176707297,22.495495173991976,0.11305208841209712,25.578766584540094,0.0,False
Sub-product,outcome_2_timely_response_failure,Credit reporting,Lease,972,13,959,16.894910962731668,2.827012450115768,9.726984069324212,29.344965963171532,0.2816880428616071,10.035968944214913,0.0,False
Sub-product,outcome_2_timely_response_failure,Credit reporting,Domestic (US) money transfer,2058,27,2031,16.56856908525588,2.807507471961614,11.255723691977105,24.389145384633828,0.19726056126117644,14.232482428377686,0.0,False
Sub-product,outcome_2_timely_response_failure,Credit reporting,Private student loan,991,13,978,16.566686721124405,2.807393854964389,9.53868631828079,28.772841433090154,0.28165208238384776,9.967594882321338,0.0,False
Sub-product,outcome_2_timely_response_failure,Credit reporting,FHA mortgage,2364,31,2333,16.560678163178796,2.8070311000013857,11.533528455420024,23.779024977868254,0.1845779533923083,15.207835217650429,0.0,False
Sub-product,outcome_2_timely_response_failure,Credit reporting,Money order,81,1,80,15.579057320441988,2.7459275328637878,2.164890422158665,112.11053663935934,1.0069172377611555,2.7270637842780996,0.00639006854654145,False
Sub-product,outcome_2_timely_response_failure,Credit reporting,Home equity loan or line of credit (HELOC),760,9,751,14.935980387108165,2.703773093109754,7.709929798085494,28.934570867230878,0.3373795973891071,8.014038531178382,1.1102230246251565e-15,False
Sub-product,outcome_2_timely_response_failure,Credit reporting,Other personal consumer report,3250,38,3212,14.74481141162629,2.690891252197403,10.621340231942995,20.46911772118739,0.1673602272863921,16.07843927931972,0.0,False
Sub-product,outcome_2_timely_response_failure,Credit reporting,Refund anticipation check,100,1,99,12.589137228639991,2.5328343174030796,1.7534982165263107,90.38296969328651,1.0057252774995593,2.5184156887258804,0.011788410249858217,False
Sub-product,outcome_2_timely_response_failure,Credit reporting,Credit card debt,9471,86,9385,11.420768712268607,2.435433514770568,9.124449785940024,14.294994332712626,0.11452852783224803,21.264863531100225,0.0,False
Sub-product,outcome_2_timely_response_failure,Credit reporting,Telecommunications debt,753,6,747,10.010639242051077,2.303648451632907,4.46815895929376,22.4282302727951,0.4115673437639313,5.597257621475052,2.1776898950776058e-08,False
Sub-product,outcome_2_timely_response_failure,Credit reporting,Other banking product or service,2320,18,2302,9.7453703481479,2.276792336152006,6.094112229687629,15.584262258889902,0.23952512210923793,9.505442753155767,0.0,False
Sub-product,outcome_2_timely_response_failure,Credit reporting,Checking account,22504,163,22341,9.093187747126965,2.2075255339656765,7.668214488654143,10.782961734683076,0.08696007002917924,25.38550777644207,0.0,False
Sub-product,outcome_2_timely_response_failure,Credit reporting,Mobile or digital wallet,3369,24,3345,8.942239179446522,2.1907860253232863,5.945952354212898,13.448416128960673,0.20820169074578695,10.522421875998226,0.0,False
Sub-product,outcome_2_timely_response_failure,Credit reporting,Foreign currency exchange,86,0,86,7.1992205108566,1.9739727577801873,0.4462661502919677,116.13871213406976,1.418781894486173,1.3913151594700062,0.16412987885040353,True
Sub-product,outcome_2_timely_response_failure,Credit reporting,General-purpose credit card or charge card,26927,116,26811,5.39232598313012,1.6849768285945323,4.430808944738927,6.562499054008185,0.10020135467962532,16.815908666922954,0.0,False
Sub-product,outcome_2_timely_response_failure,Credit reporting,Savings account,2581,10,2571,4.847625770654839,1.5784890532658258,2.5940425287676976,9.059017094635058,0.3190161083943306,4.947991689857496,7.498310941045361e-07,False
Sub-product,outcome_2_timely_response_failure,Credit reporting,Traveler's check or cashier's check,128,0,128,4.846167892522147,1.5781882673827465,0.30119029041805057,77.97510075744815,1.4174496363707143,1.11339988870687,0.2655367227756331,True
Sub-product,outcome_2_timely_response_failure,Credit reporting,Payroll card,137,0,137,4.528964175920698,1.510493254611395,0.28157516864640797,72.84561563214642,1.4172699452655033,1.065776678364846,0.28652460577482275,True
Sub-product,outcome_2_timely_response_failure,Credit reporting,Store credit card,3143,8,3135,3.180413615656419,1.1570112561504844,1.583039569312024,6.389625984553654,0.3559512648761105,3.250476596994772,0.0011521175055533295,False
Sub-product,outcome_2_timely_response_failure,Credit reporting,CD (Certificate of Deposit),547,1,546,2.2826457612369215,0.8253351917927645,0.32051960618074643,16.256327447109776,1.0016056237522117,0.8240121383313489,0.4099326609788707,False
Submitted via,outcome_2_timely_response_failure,Web,Phone,12523,116,12407,3.118791039654169,1.1374454394384617,2.5888717785405326,3.7571801082055196,0.09501187008790837,11.971614056075904,0.0,False
Submitted via,outcome_2_timely_response_failure,Web,Referral,3884,21,3863,1.8133834901603514,0.5951944318321101,1.1792385627791766,2.788544901920675,0.21955382011294505,2.710927241101632,0.00670953473699587,False
Submitted via,outcome_2_timely_response_failure,Web,Postal mail,2677,13,2664,1.6278118384878215,0.4872366825762254,0.9428556955189654,2.8103679005328783,0.278611590640806,1.7488026304131217,0.08032514197138041,False
